Make,Model,Vehicle_Class,Engine_Size(L),Cylinders,Transmission,Fuel_Type,Fuel_Consumption_City_(L/100_km),Fuel_Consumption_Hwy_(L/100_km),Fuel_Consumption_Comb_(L/100_km),Fuel_Consumption_Comb_(mpg),CO2_Emissions,Emission_Level
ACURA,ILX,COMPACT,2.0,4,AS5,Z,9.9,6.7,8.5,33,196,Normal
ACURA,ILX,COMPACT,2.4,4,M6,Z,11.2,7.7,9.6,29,221,Normal
ACURA,ILX HYBRID,COMPACT,1.5,4,AV7,Z,6.0,5.8,5.9,48,136,Normal
ACURA,MDX 4WD,SUV - SMALL,3.5,6,AS6,Z,12.7,9.1,11.1,25,255,HIgh
ACURA,RDX AWD,SUV - SMALL,3.5,6,AS6,Z,12.1,8.7,10.6,27,244,Normal
ACURA,RLX,MID-SIZE,3.5,6,AS6,Z,11.9,7.7,10.0,28,230,Normal
ACURA,TL,MID-SIZE,3.5,6,AS6,Z,11.8,8.1,10.1,28,232,Normal
ACURA,TL AWD,MID-SIZE,3.7,6,AS6,Z,12.8,9.0,11.1,25,255,HIgh
ACURA,TL AWD,MID-SIZE,3.7,6,M6,Z,13.4,9.5,11.6,24,267,HIgh
ACURA,TSX,COMPACT,2.4,4,AS5,Z,10.6,7.5,9.2,31,212,Normal
ACURA,TSX,COMPACT,2.4,4,M6,Z,11.2,8.1,9.8,29,225,Normal
ACURA,TSX,COMPACT,3.5,6,AS5,Z,12.1,8.3,10.4,27,239,Normal
ALFA ROMEO,4C,TWO-SEATER,1.8,4,AM6,Z,9.7,6.9,8.4,34,193,Normal
ASTON MARTIN,DB9,MINICOMPACT,5.9,12,A6,Z,18.0,12.6,15.6,18,359,HIgh
ASTON MARTIN,RAPIDE,SUBCOMPACT,5.9,12,A6,Z,18.0,12.6,15.6,18,359,HIgh
ASTON MARTIN,V8 VANTAGE,TWO-SEATER,4.7,8,AM7,Z,17.4,11.3,14.7,19,338,HIgh
ASTON MARTIN,V8 VANTAGE,TWO-SEATER,4.7,8,M6,Z,18.1,12.2,15.4,18,354,HIgh
ASTON MARTIN,V8 VANTAGE S,TWO-SEATER,4.7,8,AM7,Z,17.4,11.3,14.7,19,338,HIgh
ASTON MARTIN,V8 VANTAGE S,TWO-SEATER,4.7,8,M6,Z,18.1,12.2,15.4,18,354,HIgh
ASTON MARTIN,VANQUISH,MINICOMPACT,5.9,12,A6,Z,18.0,12.6,15.6,18,359,HIgh
AUDI,A4,COMPACT,2.0,4,AV8,Z,9.9,7.4,8.8,32,202,Normal
AUDI,A4 QUATTRO,COMPACT,2.0,4,AS8,Z,11.5,8.1,10.0,28,230,Normal
AUDI,A4 QUATTRO,COMPACT,2.0,4,M6,Z,10.8,7.5,9.3,30,214,Normal
AUDI,A5 CABRIOLET QUATTRO,SUBCOMPACT,2.0,4,AS8,Z,11.5,8.1,10.0,28,230,Normal
AUDI,A5 QUATTRO,SUBCOMPACT,2.0,4,AS8,Z,11.5,8.1,10.0,28,230,Normal
AUDI,A5 QUATTRO,SUBCOMPACT,2.0,4,M6,Z,10.8,7.5,9.3,30,214,Normal
AUDI,A6 QUATTRO,MID-SIZE,2.0,4,AS8,Z,12.0,8.1,10.2,28,235,Normal
AUDI,A6 QUATTRO,MID-SIZE,3.0,6,AS8,Z,12.8,8.6,10.9,26,251,HIgh
AUDI,A6 QUATTRO TDI (modified),MID-SIZE,3.0,6,AS8,D,9.8,6.2,8.1,35,217,Normal
AUDI,A7 QUATTRO,MID-SIZE,3.0,6,AS8,Z,13.3,8.5,11.2,25,262,HIgh
AUDI,A7 QUATTRO TDI (modified),MID-SIZE,3.0,6,AS8,D,9.8,6.2,8.1,35,217,Normal
AUDI,A8,MID-SIZE,3.0,6,AS8,Z,13.1,8.8,11.2,25,258,HIgh
AUDI,A8,MID-SIZE,4.0,8,AS8,Z,13.7,8.3,11.3,25,265,HIgh
AUDI,A8 TDI (modified),MID-SIZE,3.0,6,AS8,D,9.8,6.5,8.4,34,224,Normal
AUDI,A8L,FULL-SIZE,3.0,6,AS8,Z,13.1,8.8,11.2,25,258,HIgh
AUDI,A8L,FULL-SIZE,4.0,8,AS8,Z,14.7,9.7,12.5,23,288,HIgh
AUDI,A8L,FULL-SIZE,6.3,12,AS8,Z,18.7,11.5,15.5,18,363,HIgh
AUDI,A8L TDI (modified),FULL-SIZE,3.0,6,AS8,D,9.8,6.5,8.4,34,224,Normal
AUDI,ALLROAD QUATTRO,STATION WAGON - SMALL,2.0,4,AS8,Z,11.8,8.8,10.5,27,242,Normal
AUDI,Q5,SUV - SMALL,2.0,4,AS8,Z,12.0,8.5,10.4,27,239,Normal
AUDI,Q5,SUV - SMALL,3.0,6,AS8,Z,12.9,9.2,11.2,25,258,HIgh
AUDI,Q5 TDI (modified),SUV - SMALL,3.0,6,AS8,D,10.2,7.8,9.0,31,244,Normal
AUDI,Q5 HYBRID,SUV - SMALL,2.0,4,AS8,Z,9.9,8.3,9.2,31,212,Normal
AUDI,Q7,SUV - STANDARD,3.0,6,AS8,Z,15.1,10.9,13.2,21,304,HIgh
AUDI,Q7 TDI (modified),SUV - STANDARD,3.0,6,AS8,D,12.4,8.7,10.7,26,290,HIgh
AUDI,R8,TWO-SEATER,4.2,8,A7,Z,17.6,11.0,14.6,19,336,HIgh
AUDI,R8,TWO-SEATER,4.2,8,M6,Z,21.2,13.4,17.7,16,407,HIgh
AUDI,R8,TWO-SEATER,5.2,10,A7,Z,18.2,10.6,14.8,19,347,HIgh
AUDI,R8,TWO-SEATER,5.2,10,M6,Z,21.1,13.8,17.8,16,409,HIgh
AUDI,R8 SPYDER,TWO-SEATER,4.2,8,A7,Z,17.6,11.0,14.6,19,336,HIgh
AUDI,R8 SPYDER,TWO-SEATER,4.2,8,M6,Z,21.2,13.4,17.7,16,407,HIgh
AUDI,R8 SPYDER,TWO-SEATER,5.2,10,A7,Z,18.2,10.6,14.8,19,347,HIgh
AUDI,R8 SPYDER,TWO-SEATER,5.2,10,M6,Z,21.1,13.8,17.8,16,409,HIgh
AUDI,RS 5,SUBCOMPACT,4.2,8,A7,Z,15.3,10.9,13.3,21,306,HIgh
AUDI,RS 5 CABRIOLET,SUBCOMPACT,4.2,8,A7,Z,15.2,11.3,13.4,21,308,HIgh
AUDI,RS 7,MID-SIZE,4.0,8,AS8,Z,15.5,8.8,12.5,23,293,HIgh
AUDI,S4,COMPACT,3.0,6,A7,Z,13.2,9.2,11.4,25,262,HIgh
AUDI,S4,COMPACT,3.0,6,M6,Z,14.6,9.8,12.4,23,285,HIgh
AUDI,S5,SUBCOMPACT,3.0,6,A7,Z,13.2,9.2,11.4,25,262,HIgh
AUDI,S5,SUBCOMPACT,3.0,6,M6,Z,14.6,9.8,12.4,23,285,HIgh
AUDI,S5 CABRIOLET,SUBCOMPACT,3.0,6,A7,Z,13.3,9.5,11.6,24,267,HIgh
AUDI,S6,MID-SIZE,4.0,8,A7,Z,14.2,9.7,12.2,23,281,HIgh
AUDI,S7,MID-SIZE,4.0,8,A7,Z,14.2,9.7,12.2,23,281,HIgh
AUDI,S8,MID-SIZE,4.0,8,AS8,Z,15.8,9.2,12.8,22,300,HIgh
AUDI,SQ5,SUV - SMALL,3.0,6,AS8,Z,14.9,10.1,12.7,22,292,HIgh
AUDI,TT COUPE QUATTRO,SUBCOMPACT,2.0,4,A6,Z,10.4,7.6,9.1,31,209,Normal
AUDI,TT ROADSTER QUATTRO,TWO-SEATER,2.0,4,A6,Z,10.4,7.6,9.1,31,209,Normal
AUDI,TTS COUPE QUATTRO,SUBCOMPACT,2.0,4,A6,Z,11.5,8.8,10.3,27,237,Normal
AUDI,TTS ROADSTER QUATTRO,TWO-SEATER,2.0,4,A6,Z,11.5,8.8,10.3,27,237,Normal
BENTLEY,CONTINENTAL GT,SUBCOMPACT,4.0,8,AS8,Z,16.3,9.8,13.4,21,314,HIgh
BENTLEY,CONTINENTAL GT,SUBCOMPACT,6.0,12,AS8,Z,18.8,11.5,15.5,18,356,HIgh
BENTLEY,CONTINENTAL GTC,SUBCOMPACT,4.0,8,AS8,Z,17.4,10.2,14.2,20,332,HIgh
BENTLEY,CONTINENTAL GTC,SUBCOMPACT,6.0,12,AS8,Z,20.0,12.2,16.5,17,380,HIgh
BENTLEY,CONTINENTAL GT SPEED CONVERTIBLE,SUBCOMPACT,6.0,12,AS8,Z,20.0,12.2,16.5,17,380,HIgh
BENTLEY,FLYING SPUR,MID-SIZE,6.0,12,AS8,Z,20.3,11.9,16.5,17,388,HIgh
BENTLEY,MULSANNE,MID-SIZE,6.8,8,AS8,Z,22.3,14.9,19.0,15,437,HIgh
BMW,320i,COMPACT,2.0,4,A8,Z,10.0,6.5,8.4,34,193,Normal
BMW,320i,COMPACT,2.0,4,M6,Z,10.4,6.7,8.7,32,200,Normal
BMW,320i xDRIVE,COMPACT,2.0,4,A8,Z,10.2,7.0,8.8,32,202,Normal
BMW,328d xDRIVE,COMPACT,2.0,4,A8,D,7.6,5.5,6.7,42,181,Normal
BMW,328d xDRIVE TOURING,STATION WAGON - SMALL,2.0,4,A8,D,7.6,5.5,6.7,42,181,Normal
BMW,328i,COMPACT,2.0,4,A8,Z,10.0,6.5,8.4,34,193,Normal
BMW,328i,COMPACT,2.0,4,M6,Z,10.4,6.7,8.7,32,200,Normal
BMW,328i xDRIVE,COMPACT,2.0,4,A8,Z,10.6,7.2,9.1,31,209,Normal
BMW,328i xDRIVE GRAN TURISMO,FULL-SIZE,2.0,4,A8,Z,10.6,7.2,9.1,31,209,Normal
BMW,328i xDRIVE TOURING,STATION WAGON - SMALL,2.0,4,A8,Z,10.6,7.2,9.1,31,209,Normal
BMW,335i,COMPACT,3.0,6,A8,Z,11.4,7.3,9.6,29,221,Normal
BMW,335i,COMPACT,3.0,6,M6,Z,11.8,7.9,10.0,28,230,Normal
BMW,335i xDRIVE,COMPACT,3.0,6,A8,Z,11.7,7.8,9.9,29,228,Normal
BMW,335i xDRIVE,COMPACT,3.0,6,M6,Z,11.9,8.3,10.3,27,237,Normal
BMW,335i xDRIVE GRAN TURISMO,FULL-SIZE,3.0,6,A8,Z,11.9,8.0,10.1,28,232,Normal
BMW,428i COUPE,COMPACT,2.0,4,A8,Z,10.0,6.5,8.4,34,193,Normal
BMW,428i COUPE,COMPACT,2.0,4,M6,Z,10.4,6.7,8.7,32,200,Normal
BMW,428i xDRIVE COUPE,COMPACT,2.0,4,A8,Z,10.6,7.2,9.1,31,209,Normal
BMW,435i COUPE,COMPACT,3.0,6,A8,Z,11.4,7.3,9.6,29,221,Normal
BMW,435i COUPE,COMPACT,3.0,6,M6,Z,11.8,7.9,10.0,28,230,Normal
BMW,435i xDRIVE COUPE,COMPACT,3.0,6,A8,Z,11.7,7.8,9.9,29,228,Normal
BMW,435i xDRIVE COUPE,COMPACT,3.0,6,M6,Z,11.9,8.3,10.3,27,237,Normal
BMW,528i,MID-SIZE,2.0,4,A8,Z,10.2,7.0,8.8,32,202,Normal
BMW,528i xDRIVE,MID-SIZE,2.0,4,A8,Z,10.6,7.2,9.1,31,209,Normal
BMW,535d xDRIVE,MID-SIZE,3.0,6,A8,D,9.2,6.4,7.9,36,213,Normal
BMW,535i xDRIVE,MID-SIZE,3.0,6,A8,Z,11.9,8.0,10.1,28,232,Normal
BMW,535i xDRIVE GRAN TURISMO,FULL-SIZE,3.0,6,A8,Z,12.5,8.6,10.7,26,246,Normal
BMW,550i xDRIVE,MID-SIZE,4.4,8,A8,Z,14.4,9.6,12.2,23,281,HIgh
BMW,550i xDRIVE GRAN TURISMO,FULL-SIZE,4.4,8,A8,Z,15.0,9.8,12.7,22,292,HIgh
BMW,640i xDRIVE GRAN COUPE,COMPACT,3.0,6,A8,Z,11.9,8.0,10.1,28,232,Normal
BMW,650i xDRIVE CABRIOLET,SUBCOMPACT,4.4,8,A8,Z,15.0,9.8,12.7,22,292,HIgh
BMW,650i xDRIVE COUPE,COMPACT,4.4,8,A8,Z,14.4,9.6,12.2,23,281,HIgh
BMW,650i xDRIVE GRAN COUPE,COMPACT,4.4,8,A8,Z,15.0,9.8,12.7,22,292,HIgh
BMW,740Li xDRIVE,FULL-SIZE,3.0,6,A8,Z,12.5,8.6,10.7,26,246,Normal
BMW,750i xDRIVE,FULL-SIZE,4.4,8,A8,Z,15.0,9.8,12.7,22,292,HIgh
BMW,750Li xDRIVE,FULL-SIZE,4.4,8,A8,Z,15.0,9.8,12.7,22,292,HIgh
BMW,760Li,FULL-SIZE,6.0,12,A8,Z,18.7,11.5,15.5,18,356,HIgh
BMW,ACTIVEHYBRID 3,COMPACT,3.0,6,A8,Z,9.2,7.1,8.3,34,191,Normal
BMW,ACTIVEHYBRID 5,MID-SIZE,3.0,6,A8,Z,10.5,7.9,9.3,30,214,Normal
BMW,ACTIVEHYBRID 7L,FULL-SIZE,3.0,6,A8,Z,10.5,7.6,9.2,31,212,Normal
BMW,ALPINA B7 xDRIVE LWB,FULL-SIZE,4.4,8,A8,Z,15.0,9.8,12.7,22,292,HIgh
BMW,ALPINA B7 xDRIVE SWB,FULL-SIZE,4.4,8,A8,Z,15.0,9.8,12.7,22,292,HIgh
BMW,M5,MID-SIZE,4.4,8,AM7,Z,17.3,11.5,14.7,19,338,HIgh
BMW,M5,MID-SIZE,4.4,8,M6,Z,16.2,10.9,13.8,20,317,HIgh
BMW,M6,COMPACT,4.4,8,AM7,Z,17.3,11.5,14.7,19,338,HIgh
BMW,M6,COMPACT,4.4,8,M6,Z,16.2,10.9,13.8,20,317,HIgh
BMW,M6 CABRIOLET,SUBCOMPACT,4.4,8,AM7,Z,17.3,11.5,14.7,19,338,HIgh
BMW,M6 CABRIOLET,SUBCOMPACT,4.4,8,M6,Z,16.2,10.9,13.8,20,317,HIgh
BMW,M6 GRAN COUPE,COMPACT,4.4,8,AM7,Z,17.3,11.5,14.7,19,338,HIgh
BMW,M6 GRAN COUPE,COMPACT,4.4,8,M6,Z,16.2,10.9,13.8,20,317,HIgh
BMW,X1 xDRIVE28i,SUV - SMALL,2.0,4,A8,Z,10.6,7.2,9.1,31,209,Normal
BMW,X1 xDRIVE35i,SUV - SMALL,3.0,6,A6,Z,13.2,8.9,11.3,25,260,HIgh
BMW,X3 xDRIVE28i,SUV - SMALL,2.0,4,A8,Z,11.2,8.5,10.0,28,230,Normal
BMW,X3 xDRIVE35i,SUV - SMALL,3.0,6,A8,Z,12.6,9.1,11.0,26,253,HIgh
BMW,X5 xDRIVE35i,SUV - STANDARD,3.0,6,A8,Z,12.9,8.8,11.1,25,255,HIgh
BMW,X5 xDRIVE50i,SUV - STANDARD,4.4,8,A8,Z,16.3,10.9,13.9,20,320,HIgh
BMW,X6 M,SUV - STANDARD,4.4,8,A6,Z,18.1,13.7,16.1,18,370,HIgh
BMW,X6 xDRIVE35i,SUV - STANDARD,3.0,6,A8,Z,13.6,9.8,11.9,24,274,HIgh
BMW,X6 xDRIVE50i,SUV - STANDARD,4.4,8,A8,Z,16.4,11.3,14.1,20,324,HIgh
BMW,Z4 sDRIVE28i,TWO-SEATER,2.0,4,A8,Z,10.8,7.1,9.1,31,209,Normal
BMW,Z4 sDRIVE28i,TWO-SEATER,2.0,4,M6,Z,10.4,6.7,8.7,32,200,Normal
BMW,Z4 sDRIVE35i,TWO-SEATER,3.0,6,AM7,Z,13.7,10.1,12.1,23,278,HIgh
BMW,Z4 sDRIVE35i,TWO-SEATER,3.0,6,M6,Z,12.7,9.0,11.0,26,253,HIgh
BMW,Z4 sDRIVE35is,TWO-SEATER,3.0,6,AM7,Z,13.7,10.1,12.1,23,278,HIgh
BUICK,ENCLAVE,SUV - STANDARD,3.6,6,A6,X,14.3,9.9,12.3,23,283,HIgh
BUICK,ENCLAVE AWD,SUV - STANDARD,3.6,6,A6,X,14.6,10.2,12.6,22,290,HIgh
BUICK,ENCORE,SUV - SMALL,1.4,4,AS6,X,9.5,7.2,8.5,33,196,Normal
BUICK,ENCORE AWD,SUV - SMALL,1.4,4,AS6,X,10.2,8.0,9.2,31,212,Normal
BUICK,LACROSSE,MID-SIZE,3.6,6,AS6,X,13.7,8.7,11.5,25,264,HIgh
BUICK,LACROSSE,MID-SIZE,3.6,6,AS6,E,18.4,12.2,15.6,18,250,Normal
BUICK,LACROSSE AWD,MID-SIZE,3.6,6,AS6,X,13.7,8.9,11.5,25,264,HIgh
BUICK,LACROSSE AWD,MID-SIZE,3.6,6,AS6,E,19.4,13.0,16.5,17,264,HIgh
BUICK,LACROSSE eASSIST,MID-SIZE,2.4,4,AS6,X,9.6,6.5,8.2,34,189,Normal
BUICK,REGAL,MID-SIZE,2.0,4,AS6,Z,11.5,7.9,9.9,29,228,Normal
BUICK,REGAL,MID-SIZE,2.0,4,M6,Z,11.6,7.5,9.8,29,225,Normal
BUICK,REGAL AWD,MID-SIZE,2.0,4,AS6,Z,12.3,8.7,10.7,26,246,Normal
BUICK,REGAL eASSIST,MID-SIZE,2.4,4,AS6,X,9.6,6.5,8.2,34,189,Normal
BUICK,VERANO,COMPACT,2.0,4,AS6,Z,11.5,7.9,9.9,29,228,Normal
BUICK,VERANO,COMPACT,2.0,4,M6,Z,11.6,7.5,9.8,29,225,Normal
BUICK,VERANO,COMPACT,2.4,4,AS6,X,11.3,7.4,9.5,30,218,Normal
CADILLAC,ATS,COMPACT,2.0,4,AS6,Z,11.3,7.5,9.6,29,221,Normal
CADILLAC,ATS,COMPACT,2.0,4,M6,Z,12.1,7.9,10.2,28,235,Normal
CADILLAC,ATS,COMPACT,2.5,4,AS6,X,10.5,7.2,9.0,31,207,Normal
CADILLAC,ATS,COMPACT,3.6,6,AS6,X,12.8,8.5,10.9,26,251,HIgh
CADILLAC,ATS AWD,COMPACT,2.0,4,AS6,Z,11.8,8.1,10.1,28,232,Normal
CADILLAC,ATS AWD,COMPACT,3.6,6,AS6,X,13.1,9.0,11.3,25,260,HIgh
CADILLAC,CTS COUPE,MID-SIZE,3.6,6,AS6,X,13.2,8.7,11.2,25,258,HIgh
CADILLAC,CTS COUPE AWD,MID-SIZE,3.6,6,AS6,X,13.3,9.0,11.4,25,262,HIgh
CADILLAC,CTS SEDAN,MID-SIZE,2.0,4,AS6,Z,11.9,7.9,10.1,28,232,Normal
CADILLAC,CTS SEDAN,MID-SIZE,3.6,6,AS8,X,12.9,8.2,10.8,26,248,Normal
CADILLAC,CTS SEDAN AWD,MID-SIZE,2.0,4,AS6,Z,12.6,8.5,10.8,26,248,Normal
CADILLAC,CTS SEDAN AWD,MID-SIZE,3.6,6,AS6,X,13.1,9.0,11.3,25,260,HIgh
CADILLAC,CTS SEDAN Vsport,MID-SIZE,3.6,6,AS8,Z,15.1,9.9,12.8,22,294,HIgh
CADILLAC,CTS SPORT WAGON,STATION WAGON - SMALL,3.0,6,AS6,X,12.7,8.9,11.0,26,253,HIgh
CADILLAC,CTS SPORT WAGON,STATION WAGON - SMALL,3.6,6,AS6,X,13.3,8.9,11.3,25,260,HIgh
CADILLAC,CTS SPORT WAGON AWD,STATION WAGON - SMALL,3.0,6,AS6,X,12.8,9.1,11.1,25,255,HIgh
CADILLAC,CTS SPORT WAGON AWD,STATION WAGON - SMALL,3.6,6,AS6,X,13.3,9.0,11.4,25,262,HIgh
CADILLAC,CTS-V COUPE,MID-SIZE,6.2,8,AS6,Z,19.7,12.9,16.6,17,382,HIgh
CADILLAC,CTS-V COUPE,MID-SIZE,6.2,8,M6,Z,16.7,12.5,14.8,19,340,HIgh
CADILLAC,CTS-V SEDAN,MID-SIZE,6.2,8,AS6,Z,19.7,12.9,16.6,17,382,HIgh
CADILLAC,CTS-V SEDAN,MID-SIZE,6.2,8,M6,Z,16.7,12.5,14.8,19,340,HIgh
CADILLAC,CTS-V SPORT WAGON,STATION WAGON - SMALL,6.2,8,AS6,Z,19.7,12.9,16.6,17,382,HIgh
CADILLAC,CTS-V SPORT WAGON,STATION WAGON - SMALL,6.2,8,M6,Z,16.7,12.5,14.8,19,340,HIgh
CADILLAC,ESCALADE AWD,SUV - STANDARD,6.2,8,A6,Z,17.0,11.8,14.7,19,338,HIgh
CADILLAC,ESCALADE AWD,SUV - STANDARD,6.2,8,A6,E,23.3,16.1,20.1,14,322,HIgh
CADILLAC,ESCALADE ESV AWD,SUV - STANDARD,6.2,8,A6,Z,18.8,13.4,16.4,17,377,HIgh
CADILLAC,ESCALADE ESV AWD,SUV - STANDARD,6.2,8,A6,E,25.7,17.8,22.1,13,354,HIgh
CADILLAC,SRX,SUV - STANDARD,3.6,6,AS6,X,14.3,9.8,12.3,23,283,HIgh
CADILLAC,SRX AWD,SUV - STANDARD,3.6,6,AS6,X,14.8,10.4,12.8,22,294,HIgh
CADILLAC,XTS,FULL-SIZE,3.6,6,AS6,X,13.6,8.6,11.4,25,262,HIgh
CADILLAC,XTS AWD,FULL-SIZE,3.6,6,AS6,X,14.0,9.1,11.8,24,271,HIgh
CADILLAC,XTS Vsport AWD,FULL-SIZE,3.6,6,AS6,Z,14.8,9.8,12.6,22,290,HIgh
CHEVROLET,CAMARO,COMPACT,3.6,6,AS6,X,13.2,8.7,11.2,25,258,HIgh
CHEVROLET,CAMARO,COMPACT,3.6,6,M6,X,14.2,8.6,11.7,24,269,HIgh
CHEVROLET,CAMARO 2LS,COMPACT,3.6,6,AS6,X,12.7,7.9,10.5,27,242,Normal
CHEVROLET,CAMARO SS,COMPACT,6.2,8,AS6,Z,15.3,9.8,12.8,22,294,HIgh
CHEVROLET,CAMARO SS,COMPACT,6.2,8,M6,Z,15.0,9.9,12.7,22,292,HIgh
CHEVROLET,CAMARO ZL1,COMPACT,6.2,8,AS6,Z,19.7,12.9,16.6,17,382,HIgh
CHEVROLET,CAMARO ZL1,COMPACT,6.2,8,M6,Z,16.7,12.5,14.8,19,340,HIgh
CHEVROLET,CORVETTE,TWO-SEATER,6.2,8,AS6,Z,14.9,8.5,12.0,24,276,HIgh
CHEVROLET,CORVETTE,TWO-SEATER,6.2,8,M7,Z,13.7,8.2,11.2,25,258,HIgh
CHEVROLET,CRUZE,MID-SIZE,1.4,4,AS6,X,9.1,6.3,7.8,36,179,Normal
CHEVROLET,CRUZE,MID-SIZE,1.4,4,M6,X,9.1,6.3,7.8,36,179,Normal
CHEVROLET,CRUZE,MID-SIZE,1.8,4,AS6,X,10.5,6.7,8.8,32,202,Normal
CHEVROLET,CRUZE,MID-SIZE,1.8,4,M6,X,9.5,6.5,8.2,34,189,Normal
CHEVROLET,CRUZE DIESEL,MID-SIZE,2.0,4,AS6,D,8.7,5.1,7.1,40,192,Normal
CHEVROLET,CRUZE ECO,MID-SIZE,1.4,4,A6,X,9.1,6.0,7.7,37,177,Normal
CHEVROLET,CRUZE ECO,MID-SIZE,1.4,4,M6,X,8.4,5.6,7.1,40,163,Normal
CHEVROLET,EQUINOX,SUV - SMALL,2.4,4,A6,X,10.5,7.3,9.1,31,209,Normal
CHEVROLET,EQUINOX,SUV - SMALL,3.6,6,A6,X,13.9,9.6,12.0,24,276,HIgh
CHEVROLET,EQUINOX,SUV - SMALL,3.6,6,A6,E,18.8,13.1,16.2,17,259,HIgh
CHEVROLET,EQUINOX AWD,SUV - SMALL,2.4,4,A6,X,11.5,8.2,10.0,28,230,Normal
CHEVROLET,EQUINOX AWD,SUV - SMALL,3.6,6,A6,X,14.8,9.9,12.6,22,290,HIgh
CHEVROLET,EQUINOX AWD,SUV - SMALL,3.6,6,A6,E,19.8,13.6,17.0,17,272,HIgh
CHEVROLET,EXPRESS 1500 CARGO,VAN - CARGO,4.3,6,A4,X,17.1,12.7,15.1,19,347,HIgh
CHEVROLET,EXPRESS 1500 CARGO,VAN - CARGO,5.3,8,A4,X,18.0,13.4,15.9,18,366,HIgh
CHEVROLET,EXPRESS 1500 CARGO,VAN - CARGO,5.3,8,A4,E,23.5,17.7,20.9,14,334,HIgh
CHEVROLET,EXPRESS 1500 CARGO AWD,VAN - CARGO,5.3,8,A4,X,18.3,14.2,16.5,17,380,HIgh
CHEVROLET,EXPRESS 1500 CARGO AWD,VAN - CARGO,5.3,8,A4,E,23.7,18.8,21.5,13,344,HIgh
CHEVROLET,EXPRESS 1500 CARGO CONV,VAN - CARGO,5.3,8,A4,X,18.6,13.9,16.5,17,380,HIgh
CHEVROLET,EXPRESS 1500 CARGO CONV,VAN - CARGO,5.3,8,A4,E,23.9,18.5,21.5,13,344,HIgh
CHEVROLET,EXPRESS 1500 CARGO CONV AWD,VAN - CARGO,5.3,8,A4,X,18.3,14.2,16.5,17,380,HIgh
CHEVROLET,EXPRESS 1500 CARGO CONV AWD,VAN - CARGO,5.3,8,A4,E,25.3,19.3,22.6,12,362,HIgh
CHEVROLET,EXPRESS 1500 PASSENGER,VAN - PASSENGER,5.3,8,A4,X,18.6,13.9,16.5,17,380,HIgh
CHEVROLET,EXPRESS 1500 PASSENGER,VAN - PASSENGER,5.3,8,A4,E,23.9,18.5,21.5,13,344,HIgh
CHEVROLET,EXPRESS 1500 PASSENGER AWD,VAN - PASSENGER,5.3,8,A4,X,18.3,14.2,16.5,17,380,HIgh
CHEVROLET,EXPRESS 1500 PASSENGER AWD,VAN - PASSENGER,5.3,8,A4,E,25.3,19.3,22.6,12,362,HIgh
CHEVROLET,EXPRESS 2500 PASSENGER,VAN - PASSENGER,4.8,8,A6,X,21.1,14.2,18.0,16,414,HIgh
CHEVROLET,EXPRESS 2500 PASSENGER,VAN - PASSENGER,6.0,8,A6,X,21.9,15.0,18.8,15,432,HIgh
CHEVROLET,EXPRESS 2500 PASSENGER,VAN - PASSENGER,6.0,8,A6,E,30.0,20.4,25.7,11,411,HIgh
CHEVROLET,EXPRESS 3500 PASSENGER,VAN - PASSENGER,4.8,8,A6,X,21.3,14.3,18.2,16,419,HIgh
CHEVROLET,EXPRESS 3500 PASSENGER,VAN - PASSENGER,6.0,8,A6,X,22.1,15.0,18.9,15,435,HIgh
CHEVROLET,EXPRESS 3500 PASSENGER,VAN - PASSENGER,6.0,8,A6,E,30.2,20.5,25.8,11,413,HIgh
CHEVROLET,IMPALA,FULL-SIZE,2.5,4,AS6,X,11.3,7.5,9.6,29,221,Normal
CHEVROLET,IMPALA,FULL-SIZE,3.6,6,AS6,X,12.6,8.2,10.6,27,244,Normal
CHEVROLET,IMPALA,FULL-SIZE,3.6,6,AS6,E,16.7,11.3,14.3,20,229,Normal
CHEVROLET,IMPALA ECO,FULL-SIZE,2.4,4,AS6,X,10.0,7.0,8.7,32,200,Normal
CHEVROLET,MALIBU,MID-SIZE,2.0,4,AS6,Z,11.5,7.9,9.9,29,228,Normal
CHEVROLET,MALIBU,MID-SIZE,2.5,4,AS6,X,9.3,6.4,8.0,35,184,Normal
CHEVROLET,ORLANDO,SUV - SMALL,2.4,4,AS6,X,12.2,8.6,10.6,27,244,Normal
CHEVROLET,ORLANDO,SUV - SMALL,2.4,4,M6,X,11.8,8.3,10.2,28,235,Normal
CHEVROLET,SILVERADO,PICKUP TRUCK - STANDARD,4.3,6,A6,X,13.4,9.9,11.8,24,271,HIgh
CHEVROLET,SILVERADO,PICKUP TRUCK - STANDARD,4.3,6,A6,E,18.9,14.2,16.8,17,269,HIgh
CHEVROLET,SILVERADO,PICKUP TRUCK - STANDARD,5.3,8,A6,X,14.6,10.3,12.7,22,292,HIgh
CHEVROLET,SILVERADO,PICKUP TRUCK - STANDARD,5.3,8,A6,E,19.5,13.7,16.9,17,270,HIgh
CHEVROLET,SILVERADO,PICKUP TRUCK - STANDARD,6.2,8,A6,Z,16.3,11.4,14.1,20,324,HIgh
CHEVROLET,SILVERADO 4WD,PICKUP TRUCK - STANDARD,4.3,6,A6,X,14.2,10.6,12.6,22,290,HIgh
CHEVROLET,SILVERADO 4WD,PICKUP TRUCK - STANDARD,4.3,6,A6,E,20.0,15.1,17.8,16,285,HIgh
CHEVROLET,SILVERADO 4WD,PICKUP TRUCK - STANDARD,5.3,8,A6,X,14.9,10.6,13.0,22,299,HIgh
CHEVROLET,SILVERADO 4WD,PICKUP TRUCK - STANDARD,5.3,8,A6,E,19.9,14.2,17.3,16,277,HIgh
CHEVROLET,SILVERADO 4WD,PICKUP TRUCK - STANDARD,6.2,8,A6,Z,16.4,11.7,14.3,20,329,HIgh
CHEVROLET,SONIC,COMPACT,1.4,4,AS6,X,9.1,6.7,8.0,35,184,Normal
CHEVROLET,SONIC,COMPACT,1.4,4,M6,X,8.5,6.2,7.5,38,173,Normal
CHEVROLET,SONIC,COMPACT,1.8,4,AS6,X,9.6,6.6,8.3,34,191,Normal
CHEVROLET,SONIC,COMPACT,1.8,4,M5,X,8.9,6.7,7.9,36,182,Normal
CHEVROLET,SONIC RS,COMPACT,1.4,4,AS6,X,9.4,7.0,8.3,34,191,Normal
CHEVROLET,SONIC RS,COMPACT,1.4,4,M6,X,8.8,7.0,8.0,35,184,Normal
CHEVROLET,SONIC 5,MID-SIZE,1.4,4,AS6,X,9.1,6.7,8.0,35,184,Normal
CHEVROLET,SONIC 5,MID-SIZE,1.4,4,M6,X,8.5,6.2,7.5,38,172,Normal
CHEVROLET,SONIC 5,MID-SIZE,1.8,4,AS6,X,9.6,6.6,8.3,34,191,Normal
CHEVROLET,SONIC 5,MID-SIZE,1.8,4,M5,X,8.9,6.7,7.9,36,182,Normal
CHEVROLET,SONIC 5 RS,MID-SIZE,1.4,4,AS6,X,9.4,7.0,8.3,34,191,Normal
CHEVROLET,SONIC 5 RS,MID-SIZE,1.4,4,M6,X,8.8,7.0,8.0,35,184,Normal
CHEVROLET,SPARK,SUBCOMPACT,1.2,4,AV,X,7.7,6.0,6.9,41,159,Normal
CHEVROLET,SPARK,SUBCOMPACT,1.2,4,M5,X,7.6,6.0,6.9,41,159,Normal
CHEVROLET,SUBURBAN,SUV - STANDARD,5.3,8,A6,X,16.0,11.1,13.8,20,317,HIgh
CHEVROLET,SUBURBAN,SUV - STANDARD,5.3,8,A6,E,21.5,14.6,18.4,15,294,HIgh
CHEVROLET,SUBURBAN 4WD,SUV - STANDARD,5.3,8,A6,X,16.0,11.1,13.8,20,317,HIgh
CHEVROLET,SUBURBAN 4WD,SUV - STANDARD,5.3,8,A6,E,21.5,14.6,18.4,15,294,HIgh
CHEVROLET,TAHOE,SUV - STANDARD,5.3,8,A6,X,16.0,11.1,13.8,20,317,HIgh
CHEVROLET,TAHOE,SUV - STANDARD,5.3,8,A6,E,21.5,14.6,18.4,15,294,HIgh
CHEVROLET,TAHOE 4WD,SUV - STANDARD,5.3,8,A6,X,16.0,11.1,13.8,20,317,HIgh
CHEVROLET,TAHOE 4WD,SUV - STANDARD,5.3,8,A6,E,21.5,14.6,18.4,15,294,HIgh
CHEVROLET,TRAVERSE,SUV - STANDARD,3.6,6,A6,X,14.3,9.9,12.3,23,283,HIgh
CHEVROLET,TRAVERSE AWD,SUV - STANDARD,3.6,6,A6,X,14.6,10.2,12.6,22,290,HIgh
CHEVROLET,TRAX,SUV - SMALL,1.4,4,AS6,X,9.4,7.1,8.4,34,193,Normal
CHEVROLET,TRAX,SUV - SMALL,1.4,4,M6,X,9.1,6.8,8.1,35,186,Normal
CHEVROLET,TRAX AWD,SUV - SMALL,1.4,4,AS6,X,10.0,7.8,9.0,31,207,Normal
CHRYSLER,300,FULL-SIZE,3.6,6,A8,X,12.4,7.7,10.3,27,237,Normal
CHRYSLER,200 CONVERTIBLE,COMPACT,2.4,4,A4,X,11.7,8.2,10.1,28,232,Normal
CHRYSLER,200 CONVERTIBLE,COMPACT,2.4,4,A6,X,12.9,8.1,10.7,26,246,Normal
CHRYSLER,200 CONVERTIBLE FFV,COMPACT,3.6,6,A6,X,12.5,8.1,10.5,27,242,Normal
CHRYSLER,200 CONVERTIBLE FFV,COMPACT,3.6,6,A6,E,17.0,11.2,14.4,20,230,Normal
CHRYSLER,200 SEDAN,MID-SIZE,2.4,4,A4,X,11.2,8.0,9.8,29,225,Normal
CHRYSLER,200 SEDAN,MID-SIZE,2.4,4,A6,X,12.0,7.6,10.0,28,230,Normal
CHRYSLER,200 SEDAN FFV,MID-SIZE,3.6,6,A6,X,12.5,8.1,10.5,27,242,Normal
CHRYSLER,200 SEDAN FFV,MID-SIZE,3.6,6,A6,E,17.0,11.2,14.4,20,230,Normal
CHRYSLER,300 (MDS),FULL-SIZE,5.7,8,A5,X,15.8,9.2,12.8,22,294,HIgh
CHRYSLER,300 AWD,FULL-SIZE,3.6,6,A8,X,12.8,8.6,10.9,26,251,HIgh
CHRYSLER,300 AWD (MDS),FULL-SIZE,5.7,8,A5,X,16.1,10.0,13.4,21,308,HIgh
CHRYSLER,300 AWD FFV,FULL-SIZE,3.6,6,A8,X,12.8,8.6,10.9,26,251,HIgh
CHRYSLER,300 AWD FFV,FULL-SIZE,3.6,6,A8,E,17.3,11.7,14.8,19,237,Normal
CHRYSLER,300 FFV,FULL-SIZE,3.6,6,A8,X,12.4,7.7,10.3,27,237,Normal
CHRYSLER,300 FFV,FULL-SIZE,3.6,6,A8,E,16.8,10.3,13.9,20,222,Normal
CHRYSLER,300 SRT (MDS),FULL-SIZE,6.4,8,A5,Z,16.7,10.3,13.8,20,317,HIgh
CHRYSLER,TOWN & COUNTRY FFV,MINIVAN,3.6,6,A6,X,14.1,9.5,12.0,24,276,HIgh
CHRYSLER,TOWN & COUNTRY FFV,MINIVAN,3.6,6,A6,E,19.7,13.3,16.8,17,269,HIgh
DODGE,AVENGER,MID-SIZE,2.4,4,A4,X,11.2,8.0,9.8,29,225,Normal
DODGE,AVENGER,MID-SIZE,2.4,4,A6,X,12.0,7.6,10.0,28,230,Normal
DODGE,AVENGER FFV,MID-SIZE,3.6,6,A6,X,12.5,8.1,10.5,27,242,Normal
DODGE,AVENGER FFV,MID-SIZE,3.6,6,A6,E,17.0,11.2,14.4,20,230,Normal
DODGE,CHALLENGER,MID-SIZE,3.6,6,A5,X,13.2,8.7,11.2,25,258,HIgh
DODGE,CHALLENGER,MID-SIZE,5.7,8,M6,X,15.6,10.0,13.1,22,301,HIgh
DODGE,CHALLENGER (MDS),MID-SIZE,5.7,8,A5,X,15.8,9.2,12.8,22,294,HIgh
DODGE,CHALLENGER SRT,MID-SIZE,6.4,8,M6,Z,16.8,10.4,13.9,20,320,HIgh
DODGE,CHALLENGER SRT (MDS),MID-SIZE,6.4,8,A5,Z,16.7,10.3,13.8,20,317,HIgh
DODGE,CHARGER,FULL-SIZE,3.6,6,A5,X,13.2,8.7,11.2,25,258,HIgh
DODGE,CHARGER,FULL-SIZE,3.6,6,A8,X,12.4,7.7,10.3,27,237,Normal
DODGE,CHARGER (MDS),FULL-SIZE,5.7,8,A5,X,15.8,9.2,12.8,22,294,HIgh
DODGE,CHARGER AWD,FULL-SIZE,3.6,6,A8,X,12.8,8.6,10.9,26,251,HIgh
DODGE,CHARGER AWD (MDS),FULL-SIZE,5.7,8,A5,X,16.1,10.0,13.4,21,308,HIgh
DODGE,CHARGER AWD FFV,FULL-SIZE,3.6,6,A8,X,12.8,8.6,10.9,26,251,HIgh
DODGE,CHARGER AWD FFV,FULL-SIZE,3.6,6,A8,E,17.3,11.7,14.8,19,237,Normal
DODGE,CHARGER FFV,FULL-SIZE,3.6,6,A5,X,13.2,8.7,11.2,25,258,HIgh
DODGE,CHARGER FFV,FULL-SIZE,3.6,6,A5,E,18.3,12.6,15.7,18,251,HIgh
DODGE,CHARGER FFV,FULL-SIZE,3.6,6,A8,X,12.3,7.6,10.2,28,235,Normal
DODGE,CHARGER FFV,FULL-SIZE,3.6,6,A8,E,16.8,10.3,13.9,20,222,Normal
DODGE,CHARGER SRT (MDS),FULL-SIZE,6.4,8,A5,Z,16.7,10.3,13.8,20,317,HIgh
DODGE,DART,MID-SIZE,2.0,4,M6,X,9.4,6.5,8.1,35,186,Normal
DODGE,DART,MID-SIZE,2.4,4,A6,X,10.1,6.8,8.6,33,198,Normal
DODGE,DART,MID-SIZE,2.4,4,M6,X,10.5,6.7,8.8,32,202,Normal
DODGE,DART FFV,MID-SIZE,2.0,4,A6,X,9.9,7.0,8.6,33,198,Normal
DODGE,DART FFV,MID-SIZE,2.0,4,A6,E,14.2,9.8,12.2,23,195,Normal
DODGE,DART GT,MID-SIZE,2.4,4,A6,X,10.6,7.5,9.2,31,212,Normal
DODGE,DART GT,MID-SIZE,2.4,4,M6,X,10.2,7.0,8.8,32,202,Normal
DODGE,DART TURBO AERO,MID-SIZE,1.4,4,AM6,X,8.4,5.9,7.3,39,168,Normal
DODGE,DART TURBO AERO,MID-SIZE,1.4,4,M6,X,8.5,5.8,7.3,39,168,Normal
DODGE,DURANGO AWD (MDS),SUV - STANDARD,5.7,8,A8,X,17.3,10.8,14.4,20,331,HIgh
DODGE,DURANGO AWD FFV,SUV - STANDARD,3.6,6,A8,X,13.9,9.8,12.1,23,278,HIgh
DODGE,DURANGO AWD FFV,SUV - STANDARD,3.6,6,A8,E,17.7,13.0,15.6,18,250,Normal
DODGE,GRAND CARAVAN FFV,MINIVAN,3.6,6,A6,X,13.7,9.4,11.8,24,271,HIgh
DODGE,GRAND CARAVAN FFV,MINIVAN,3.6,6,A6,E,19.2,13.1,16.5,17,264,HIgh
DODGE,JOURNEY,SUV - SMALL,2.4,4,A4,X,12.7,9.1,11.1,25,255,HIgh
DODGE,JOURNEY AWD,SUV - SMALL,3.6,6,A6,X,14.5,9.9,12.4,23,285,HIgh
DODGE,JOURNEY FFV,SUV - SMALL,3.6,6,A6,X,14.2,9.4,12.0,24,276,HIgh
DODGE,JOURNEY FFV,SUV - SMALL,3.6,6,A6,E,18.9,12.9,16.2,17,259,HIgh
FIAT,500 ABARTH CABRIO,MINICOMPACT,1.4,4,M5,X,8.5,6.9,7.8,36,179,Normal
FIAT,500 ABARTH HATCHBACK,MINICOMPACT,1.4,4,M5,X,8.5,6.9,7.8,36,179,Normal
FIAT,500 CABRIO,MINICOMPACT,1.4,4,A6,X,8.7,6.9,7.9,36,182,Normal
FIAT,500 CABRIO,MINICOMPACT,1.4,4,M5,X,7.9,6.3,7.2,39,166,Normal
FIAT,500 CABRIO TURBO,MINICOMPACT,1.4,4,M5,X,8.5,6.9,7.8,36,179,Normal
FIAT,500 HATCHBACK,MINICOMPACT,1.4,4,A6,X,8.7,6.9,7.9,36,182,Normal
FIAT,500 HATCHBACK,MINICOMPACT,1.4,4,M5,X,7.6,5.9,6.8,42,156,Normal
FIAT,500 HATCHBACK TURBO,MINICOMPACT,1.4,4,M5,X,8.5,6.9,7.8,36,179,Normal
FIAT,500L TURBO,STATION WAGON - SMALL,1.4,4,AM6,X,10.0,7.2,8.7,32,200,Normal
FIAT,500L TURBO,STATION WAGON - SMALL,1.4,4,M6,X,9.3,7.2,8.4,34,193,Normal
FORD,C-MAX HYBRID,FULL-SIZE,2.0,4,AV,X,5.6,6.4,6.0,47,138,Normal
FORD,E150 VAN FFV,VAN - CARGO,4.6,8,A4,X,17.7,14.4,16.2,17,373,HIgh
FORD,E150 VAN FFV,VAN - CARGO,4.6,8,A4,E,24.1,19.2,21.9,13,350,HIgh
FORD,E150 VAN FFV,VAN - CARGO,5.4,8,A4,X,19.3,14.7,17.2,16,396,HIgh
FORD,E150 VAN FFV,VAN - CARGO,5.4,8,A4,E,24.9,19.6,22.5,13,360,HIgh
FORD,E150 WAGON FFV,VAN - PASSENGER,4.6,8,A4,X,18.6,14.6,16.8,17,386,HIgh
FORD,E150 WAGON FFV,VAN - PASSENGER,4.6,8,A4,E,25.5,20.0,23.0,12,368,HIgh
FORD,E350 WAGON,VAN - PASSENGER,6.8,10,A5,X,23.9,17.8,21.2,13,488,HIgh
FORD,E350 WAGON FFV,VAN - PASSENGER,5.4,8,A4,X,20.6,15.5,18.3,15,421,HIgh
FORD,E350 WAGON FFV,VAN - PASSENGER,5.4,8,A4,E,26.7,20.5,23.9,12,382,HIgh
FORD,EDGE,SUV - SMALL,2.0,4,A6,X,11.3,7.9,9.8,29,225,Normal
FORD,EDGE,SUV - SMALL,3.5,6,AS6,X,12.6,8.7,10.8,26,248,Normal
FORD,EDGE AWD,SUV - SMALL,3.5,6,AS6,X,13.3,9.3,11.5,25,264,HIgh
FORD,EDGE AWD,SUV - SMALL,3.7,6,AS6,X,13.7,10.4,12.2,23,281,HIgh
FORD,ESCAPE,SUV - SMALL,1.6,4,AS6,X,10.4,7.4,9.1,31,209,Normal
FORD,ESCAPE,SUV - SMALL,2.0,4,AS6,X,10.9,8.0,9.6,29,221,Normal
FORD,ESCAPE,SUV - SMALL,2.5,4,AS6,X,10.9,7.5,9.4,30,216,Normal
FORD,ESCAPE AWD,SUV - SMALL,1.6,4,AS6,X,10.5,7.9,9.3,30,214,Normal
FORD,ESCAPE AWD,SUV - SMALL,2.0,4,AS6,X,11.2,8.5,10.0,28,230,Normal
FORD,EXPEDITION 4X4 FFV,SUV - STANDARD,5.4,8,A6,X,18.2,13.3,16.0,18,368,HIgh
FORD,EXPEDITION 4X4 FFV,SUV - STANDARD,5.4,8,A6,E,24.5,18.0,21.6,13,346,HIgh
FORD,EXPLORER,SUV - STANDARD,2.0,4,A6,X,11.8,8.3,10.2,28,235,Normal
FORD,EXPLORER AWD,SUV - STANDARD,3.5,6,AS6,X,14.8,10.7,13.0,22,299,HIgh
FORD,EXPLORER FFV,SUV - STANDARD,3.5,6,AS6,X,13.7,9.7,11.9,24,274,HIgh
FORD,EXPLORER FFV,SUV - STANDARD,3.5,6,AS6,E,18.3,12.9,15.9,18,254,HIgh
FORD,EXPLORER FFV AWD,SUV - STANDARD,3.5,6,AS6,X,14.3,10.3,12.5,23,288,HIgh
FORD,EXPLORER FFV AWD,SUV - STANDARD,3.5,6,AS6,E,18.9,13.9,16.7,17,267,HIgh
FORD,F-150,PICKUP TRUCK - STANDARD,3.5,6,A6,X,14.5,10.6,12.7,22,292,HIgh
FORD,F-150,PICKUP TRUCK - STANDARD,3.5,6,AS6,X,14.6,10.6,12.8,22,294,HIgh
FORD,F-150,PICKUP TRUCK - STANDARD,6.2,8,AS6,X,18.3,12.9,15.9,18,366,HIgh
FORD,F-150 4X4,PICKUP TRUCK - STANDARD,3.5,6,A6,X,15.9,11.3,13.8,20,317,HIgh
FORD,F-150 4X4,PICKUP TRUCK - STANDARD,3.5,6,AS6,X,15.4,11.0,13.4,21,308,HIgh
FORD,F-150 4X4,PICKUP TRUCK - STANDARD,6.2,8,AS6,X,20.1,14.4,17.5,16,402,HIgh
FORD,F-150 FFV,PICKUP TRUCK - STANDARD,3.7,6,A6,X,14.0,10.3,12.3,23,283,HIgh
FORD,F-150 FFV,PICKUP TRUCK - STANDARD,3.7,6,A6,E,18.8,13.7,16.5,17,264,HIgh
FORD,F-150 FFV,PICKUP TRUCK - STANDARD,3.7,6,AS6,X,14.0,10.3,12.3,23,283,HIgh
FORD,F-150 FFV,PICKUP TRUCK - STANDARD,3.7,6,AS6,E,18.8,13.7,16.5,17,264,HIgh
FORD,F-150 FFV,PICKUP TRUCK - STANDARD,5.0,8,A6,X,16.4,12.3,14.6,19,336,HIgh
FORD,F-150 FFV,PICKUP TRUCK - STANDARD,5.0,8,A6,E,22.1,16.7,19.7,14,315,HIgh
FORD,F-150 FFV,PICKUP TRUCK - STANDARD,5.0,8,AS6,X,16.4,12.3,14.6,19,336,HIgh
FORD,F-150 FFV,PICKUP TRUCK - STANDARD,5.0,8,AS6,E,22.1,16.7,19.7,14,315,HIgh
FORD,F-150 FFV 4X4,PICKUP TRUCK - STANDARD,3.7,6,A6,X,15.0,11.4,13.4,21,308,HIgh
FORD,F-150 FFV 4X4,PICKUP TRUCK - STANDARD,3.7,6,A6,E,20.2,15.3,18.0,16,288,HIgh
FORD,F-150 FFV 4X4,PICKUP TRUCK - STANDARD,3.7,6,AS6,X,15.0,11.4,13.4,21,308,HIgh
FORD,F-150 FFV 4X4,PICKUP TRUCK - STANDARD,3.7,6,AS6,E,20.2,15.3,18.0,16,288,HIgh
FORD,F-150 FFV 4X4,PICKUP TRUCK - STANDARD,5.0,8,A6,X,16.8,12.6,14.9,19,343,HIgh
FORD,F-150 FFV 4X4,PICKUP TRUCK - STANDARD,5.0,8,A6,E,22.4,17.0,20.0,14,320,HIgh
FORD,F-150 FFV 4X4,PICKUP TRUCK - STANDARD,5.0,8,AS6,X,16.7,12.5,14.8,19,340,HIgh
FORD,F-150 FFV 4X4,PICKUP TRUCK - STANDARD,5.0,8,AS6,E,22.4,16.9,19.9,14,318,HIgh
FORD,F-150 RAPTOR 4X4,PICKUP TRUCK - STANDARD,6.2,8,AS6,X,20.4,15.0,18.0,16,414,HIgh
FORD,FIESTA,SUBCOMPACT,1.6,4,AS6,X,8.5,6.5,7.6,37,175,Normal
FORD,FIESTA,SUBCOMPACT,1.6,4,M5,X,8.6,6.4,7.6,37,175,Normal
FORD,FIESTA SFE,SUBCOMPACT,1.0,4,M5,X,7.5,5.5,6.6,43,152,Normal
FORD,FIESTA SFE,SUBCOMPACT,1.6,4,AS6,X,8.0,5.8,7.0,40,161,Normal
FORD,FIESTA ST,COMPACT,1.6,4,M6,X,8.9,6.8,8.0,35,184,Normal
FORD,FLEX,SUV - STANDARD,3.5,6,AS6,X,13.2,9.4,11.5,25,264,HIgh
FORD,FLEX AWD,SUV - STANDARD,3.5,6,AS6,X,13.7,10.2,12.1,23,278,HIgh
FORD,FLEX AWD (EcoBoost),SUV - STANDARD,3.5,6,AS6,X,14.8,10.4,12.8,22,294,HIgh
FORD,FOCUS,COMPACT,2.0,4,M6,X,10.2,7.4,8.9,32,205,Normal
FORD,FOCUS FFV,COMPACT,2.0,4,A6,X,8.8,6.4,7.7,37,177,Normal
FORD,FOCUS FFV,COMPACT,2.0,4,A6,E,11.7,8.5,10.3,27,165,Normal
FORD,FOCUS FFV,COMPACT,2.0,4,AS6,X,8.9,6.4,7.8,36,179,Normal
FORD,FOCUS FFV,COMPACT,2.0,4,AS6,E,11.7,8.5,10.3,27,165,Normal
FORD,FOCUS FFV,COMPACT,2.0,4,M5,X,9.1,6.6,8.0,35,184,Normal
FORD,FOCUS FFV,COMPACT,2.0,4,M5,E,11.9,8.9,10.6,27,170,Normal
FORD,FOCUS SFE FFV,COMPACT,2.0,4,A6,X,8.4,5.8,7.2,39,166,Normal
FORD,FOCUS SFE FFV,COMPACT,2.0,4,A6,E,11.6,8.3,10.1,28,162,Normal
FORD,FUSION,MID-SIZE,1.5,4,AS6,X,10.1,6.6,8.5,33,196,Normal
FORD,FUSION,MID-SIZE,1.6,4,M6,X,9.4,6.4,8.1,35,186,Normal
FORD,FUSION,MID-SIZE,2.0,4,AS6,X,10.5,7.1,9.0,31,207,Normal
FORD,FUSION,MID-SIZE,2.5,4,AS6,X,10.5,7.0,8.9,32,205,Normal
FORD,FUSION (Start/Stop),MID-SIZE,1.5,4,AS6,X,9.5,6.3,8.1,35,186,Normal
FORD,FUSION AWD,MID-SIZE,2.0,4,AS6,X,10.9,7.5,9.4,30,216,Normal
FORD,FUSION HYBRID,MID-SIZE,2.0,4,AV,X,5.3,5.7,5.5,51,126,Normal
FORD,MUSTANG,SUBCOMPACT,3.7,6,A6,X,12.1,7.8,10.2,28,235,Normal
FORD,MUSTANG,SUBCOMPACT,3.7,6,M6,X,12.7,8.1,10.6,27,244,Normal
FORD,MUSTANG,SUBCOMPACT,5.0,8,A6,X,13.3,9.3,11.5,25,264,HIgh
FORD,MUSTANG,SUBCOMPACT,5.0,8,M6,X,15.4,9.4,12.7,22,292,HIgh
FORD,MUSTANG,SUBCOMPACT,5.8,8,M6,Z,15.9,9.9,13.2,21,304,HIgh
FORD,MUSTANG CONVERTIBLE,SUBCOMPACT,3.7,6,A6,X,12.5,8.2,10.6,27,244,Normal
FORD,TAURUS,FULL-SIZE,2.0,4,AS6,X,10.5,7.3,9.1,31,209,Normal
FORD,TAURUS AWD,FULL-SIZE,3.5,6,AS6,X,13.7,9.4,11.8,24,271,HIgh
FORD,TAURUS FFV,FULL-SIZE,3.5,6,AS6,X,12.1,8.1,10.3,27,237,Normal
FORD,TAURUS FFV,FULL-SIZE,3.5,6,AS6,E,17.0,11.1,14.3,20,229,Normal
FORD,TAURUS FFV AWD,FULL-SIZE,3.5,6,AS6,X,13.0,9.1,11.2,25,258,HIgh
FORD,TAURUS FFV AWD,FULL-SIZE,3.5,6,AS6,E,18.4,12.5,15.7,18,251,HIgh
FORD,TRANSIT CONNECT,SPECIAL PURPOSE VEHICLE,1.6,4,AS6,X,10.8,8.0,9.5,30,218,Normal
FORD,TRANSIT CONNECT,SPECIAL PURPOSE VEHICLE,2.5,4,AS6,X,11.3,8.2,9.9,29,228,Normal
FORD,TRANSIT CONNECT TAXI,SPECIAL PURPOSE VEHICLE,1.6,4,AS6,X,11.5,8.3,10.1,28,232,Normal
FORD,TRANSIT CONNECT WAGON,SPECIAL PURPOSE VEHICLE,2.5,4,AS6,X,11.9,8.5,10.4,27,239,Normal
GMC,ACADIA,SUV - STANDARD,3.6,6,A6,X,14.3,9.9,12.3,23,283,HIgh
GMC,ACADIA AWD,SUV - STANDARD,3.6,6,A6,X,14.9,10.4,12.9,22,297,HIgh
GMC,SAVANA 1500 CARGO,VAN - CARGO,4.3,6,A4,X,17.1,12.7,15.1,19,347,HIgh
GMC,SAVANA 1500 CARGO,VAN - CARGO,5.3,8,A4,X,18.0,13.4,15.9,18,366,HIgh
GMC,SAVANA 1500 CARGO,VAN - CARGO,5.3,8,A4,E,23.5,17.7,20.9,14,334,HIgh
GMC,SAVANA 1500 CARGO AWD,VAN - CARGO,5.3,8,A4,X,18.3,14.2,16.5,17,380,HIgh
GMC,SAVANA 1500 CARGO AWD,VAN - CARGO,5.3,8,A4,E,23.7,18.8,21.5,13,344,HIgh
GMC,SAVANA 1500 CARGO CONV,VAN - CARGO,5.3,8,A4,X,18.6,13.9,16.5,17,380,HIgh
GMC,SAVANA 1500 CARGO CONV,VAN - CARGO,5.3,8,A4,E,23.9,18.5,21.5,13,344,HIgh
GMC,SAVANA 1500 CARGO CONV AWD,VAN - CARGO,5.3,8,A4,X,18.3,14.2,16.5,17,380,HIgh
GMC,SAVANA 1500 CARGO CONV AWD,VAN - CARGO,5.3,8,A4,E,25.3,19.3,22.6,12,362,HIgh
GMC,SAVANA 1500 PASSENGER,VAN - PASSENGER,5.3,8,A4,X,18.6,13.9,16.5,17,380,HIgh
GMC,SAVANA 1500 PASSENGER,VAN - PASSENGER,5.3,8,A4,E,23.9,18.5,21.5,13,344,HIgh
GMC,SAVANA 1500 PASSENGER AWD,VAN - PASSENGER,5.3,8,A4,X,18.3,14.2,16.5,17,380,HIgh
GMC,SAVANA 1500 PASSENGER AWD,VAN - PASSENGER,5.3,8,A4,E,25.3,19.3,22.6,12,362,HIgh
GMC,SAVANA 2500 PASSENGER,VAN - PASSENGER,4.8,8,A6,X,21.1,14.2,18.0,16,414,HIgh
GMC,SAVANA 2500 PASSENGER,VAN - PASSENGER,6.0,8,A6,X,21.9,15.0,18.8,15,432,HIgh
GMC,SAVANA 2500 PASSENGER,VAN - PASSENGER,6.0,8,A6,E,30.0,20.4,25.7,11,411,HIgh
GMC,SAVANA 3500 PASSENGER,VAN - PASSENGER,4.8,8,A6,X,21.3,14.3,18.2,16,419,HIgh
GMC,SAVANA 3500 PASSENGER,VAN - PASSENGER,6.0,8,A6,X,22.1,15.0,18.9,15,435,HIgh
GMC,SAVANA 3500 PASSENGER,VAN - PASSENGER,6.0,8,A6,E,30.2,20.5,25.8,11,413,HIgh
GMC,SIERRA,PICKUP TRUCK - STANDARD,4.3,6,A6,X,13.4,9.9,11.8,24,271,HIgh
GMC,SIERRA,PICKUP TRUCK - STANDARD,4.3,6,A6,E,18.9,14.2,16.8,17,269,HIgh
GMC,SIERRA,PICKUP TRUCK - STANDARD,5.3,8,A6,X,14.6,10.3,12.7,22,292,HIgh
GMC,SIERRA,PICKUP TRUCK - STANDARD,5.3,8,A6,E,19.5,13.7,16.9,17,270,HIgh
GMC,SIERRA,PICKUP TRUCK - STANDARD,6.2,8,A6,Z,16.3,11.4,14.1,20,324,HIgh
GMC,SIERRA 4WD,PICKUP TRUCK - STANDARD,4.3,6,A6,X,14.2,10.6,12.6,22,290,HIgh
GMC,SIERRA 4WD,PICKUP TRUCK - STANDARD,4.3,6,A6,E,20.0,15.1,17.8,16,285,HIgh
GMC,SIERRA 4WD,PICKUP TRUCK - STANDARD,5.3,8,A6,X,14.9,10.6,13.0,22,299,HIgh
GMC,SIERRA 4WD,PICKUP TRUCK - STANDARD,5.3,8,A6,E,19.9,14.2,17.3,16,277,HIgh
GMC,SIERRA 4WD,PICKUP TRUCK - STANDARD,6.2,8,A6,Z,16.4,11.7,14.3,20,329,HIgh
GMC,TERRAIN,SUV - SMALL,2.4,4,A6,X,10.5,7.3,9.1,31,209,Normal
GMC,TERRAIN,SUV - SMALL,3.6,6,A6,X,13.9,9.6,12.0,24,276,HIgh
GMC,TERRAIN,SUV - SMALL,3.6,6,A6,E,18.8,13.1,16.2,17,259,HIgh
GMC,TERRAIN AWD,SUV - SMALL,2.4,4,A6,X,11.5,8.2,10.0,28,230,Normal
GMC,TERRAIN AWD,SUV - SMALL,3.6,6,A6,X,14.8,9.9,12.6,22,290,HIgh
GMC,TERRAIN AWD,SUV - SMALL,3.6,6,A6,E,19.8,13.6,17.0,17,272,HIgh
GMC,YUKON,SUV - STANDARD,5.3,8,A6,X,16.0,11.1,13.8,20,317,HIgh
GMC,YUKON,SUV - STANDARD,5.3,8,A6,E,21.5,14.6,18.4,15,294,HIgh
GMC,YUKON 4WD,SUV - STANDARD,5.3,8,A6,X,16.0,11.1,13.8,20,317,HIgh
GMC,YUKON 4WD,SUV - STANDARD,5.3,8,A6,E,21.5,14.6,18.4,15,294,HIgh
GMC,YUKON DENALI AWD,SUV - STANDARD,6.2,8,A6,Z,17.0,11.8,14.7,19,338,HIgh
GMC,YUKON DENALI AWD,SUV - STANDARD,6.2,8,A6,E,23.3,16.1,20.1,14,322,HIgh
GMC,YUKON DENALI XL AWD,SUV - STANDARD,6.2,8,A6,Z,18.8,13.4,16.4,17,377,HIgh
GMC,YUKON DENALI XL AWD,SUV - STANDARD,6.2,8,A6,E,25.7,17.8,22.1,13,354,HIgh
GMC,YUKON XL,SUV - STANDARD,5.3,8,A6,X,16.0,11.1,13.8,20,317,HIgh
GMC,YUKON XL,SUV - STANDARD,5.3,8,A6,E,21.5,14.6,18.4,15,294,HIgh
GMC,YUKON XL 4WD,SUV - STANDARD,5.3,8,A6,X,16.0,11.1,13.8,20,317,HIgh
GMC,YUKON XL 4WD,SUV - STANDARD,5.3,8,A6,E,21.5,14.6,18.4,15,294,HIgh
HONDA,ACCORD,MID-SIZE,2.4,4,AV,X,9.0,6.6,7.9,36,182,Normal
HONDA,ACCORD,MID-SIZE,2.4,4,AV7,X,9.1,6.9,8.1,35,186,Normal
HONDA,ACCORD,MID-SIZE,2.4,4,M6,X,10.1,6.9,8.7,32,200,Normal
HONDA,ACCORD,MID-SIZE,3.5,6,A6,X,11.0,6.8,9.1,31,209,Normal
HONDA,ACCORD,MID-SIZE,3.5,6,AS6,X,11.4,7.3,9.6,29,221,Normal
HONDA,ACCORD,MID-SIZE,3.5,6,M6,X,13.0,8.4,10.9,26,251,HIgh
HONDA,ACCORD HYBRID,MID-SIZE,2.0,4,AV,X,4.7,4.9,4.8,59,110,Normal
HONDA,CIVIC,COMPACT,1.8,4,AV,X,7.9,6.0,7.0,40,161,Normal
HONDA,CIVIC,COMPACT,1.8,4,AV7,X,8.1,6.2,7.2,39,166,Normal
HONDA,CIVIC,COMPACT,1.8,4,M5,X,8.5,6.6,7.6,37,175,Normal
HONDA,CROSSTOUR AWD,SUV - SMALL,3.5,6,A6,X,12.5,8.5,10.7,26,246,Normal
HONDA,CR-V,SUV - SMALL,2.4,4,A5,X,10.3,7.6,9.1,31,209,Normal
HONDA,CR-V AWD,SUV - SMALL,2.4,4,A5,X,10.6,7.9,9.4,30,216,Normal
HONDA,CR-Z,TWO-SEATER,1.5,4,AV7,X,6.6,6.0,6.3,45,145,Normal
HONDA,CR-Z,TWO-SEATER,1.5,4,M6,X,7.6,6.1,6.9,41,159,Normal
HONDA,FIT,STATION WAGON - SMALL,1.5,4,A5,X,8.3,6.5,7.5,38,172,Normal
HONDA,FIT,STATION WAGON - SMALL,1.5,4,M5,X,8.3,6.9,7.7,37,177,Normal
HONDA,ODYSSEY,MINIVAN,3.5,6,A6,X,12.3,8.5,10.6,27,244,Normal
HONDA,PILOT,SUV - SMALL,3.5,6,A5,X,13.3,9.3,11.5,25,265,HIgh
HONDA,PILOT AWD,SUV - SMALL,3.5,6,A5,X,13.9,9.7,12.0,24,276,HIgh
HONDA,RIDGELINE AWD,PICKUP TRUCK - STANDARD,3.5,6,A5,X,15.2,11.3,13.4,21,308,HIgh
HYUNDAI,ACCENT,COMPACT,1.6,4,A6,X,8.8,6.3,7.7,37,177,Normal
HYUNDAI,ACCENT,COMPACT,1.6,4,M6,X,8.7,6.4,7.7,37,177,Normal
HYUNDAI,ELANTRA GT,MID-SIZE,2.0,4,A6,X,9.8,7.2,8.6,33,198,Normal
HYUNDAI,ELANTRA GT,MID-SIZE,2.0,4,M6,X,9.8,7.0,8.5,33,196,Normal
HYUNDAI,EQUUS,FULL-SIZE,5.0,8,A8,Z,15.7,10.2,13.2,21,304,HIgh
HYUNDAI,GENESIS,FULL-SIZE,3.8,6,A8,X,13.0,8.7,11.1,25,255,HIgh
HYUNDAI,SANTA FE,SUV - SMALL,3.3,6,A6,X,13.0,9.1,11.2,25,258,HIgh
HYUNDAI,SANTA FE 4WD,SUV - SMALL,3.3,6,A6,X,13.3,9.5,11.6,24,267,HIgh
HYUNDAI,SANTA FE SPORT,SUV - SMALL,2.4,4,A6,X,11.6,8.7,10.3,27,237,Normal
HYUNDAI,SANTA FE SPORT 4WD,SUV - SMALL,2.0,4,A6,X,12.9,9.7,11.5,25,264,HIgh
HYUNDAI,SANTA FE SPORT 4WD,SUV - SMALL,2.4,4,A6,X,12.5,9.4,11.1,25,255,HIgh
HYUNDAI,SONATA,FULL-SIZE,2.0,4,A6,X,11.4,7.5,9.6,29,221,Normal
HYUNDAI,SONATA,FULL-SIZE,2.4,4,A6,X,9.8,7.0,8.5,33,196,Normal
HYUNDAI,SONATA HYBRID,MID-SIZE,2.4,4,AS6,X,6.5,5.9,6.2,46,143,Normal
HYUNDAI,SONATA HYBRID LIMITED,MID-SIZE,2.4,4,AS6,X,6.6,5.9,6.3,45,145,Normal
HYUNDAI,TUCSON,SUV - SMALL,2.0,4,A6,X,10.2,8.2,9.3,30,214,Normal
HYUNDAI,TUCSON,SUV - SMALL,2.0,4,M6,X,11.4,8.6,10.1,28,232,Normal
HYUNDAI,TUCSON,SUV - SMALL,2.4,4,A6,X,11.3,8.3,10.0,28,230,Normal
HYUNDAI,TUCSON 4WD,SUV - SMALL,2.0,4,A6,X,11.4,9.3,10.5,27,242,Normal
HYUNDAI,TUCSON 4WD,SUV - SMALL,2.4,4,A6,X,11.6,9.3,10.6,27,244,Normal
HYUNDAI,VELOSTER,COMPACT,1.6,4,AM6,X,8.6,6.6,7.7,37,177,Normal
HYUNDAI,VELOSTER,COMPACT,1.6,4,M6,X,9.1,6.7,8.0,35,184,Normal
HYUNDAI,VELOSTER TURBO,COMPACT,1.6,4,A6,X,9.9,7.5,8.8,32,202,Normal
HYUNDAI,VELOSTER TURBO,COMPACT,1.6,4,M6,X,9.7,7.1,8.5,33,196,Normal
INFINITI,Q50,MID-SIZE,3.7,6,AS7,Z,12.0,8.0,10.2,28,235,Normal
INFINITI,Q50 AWD,MID-SIZE,3.7,6,AS7,Z,12.6,8.7,10.8,26,248,Normal
INFINITI,Q50 HYBRID,COMPACT,3.5,6,AS7,Z,8.2,6.7,7.5,38,172,Normal
INFINITI,Q50 HYBRID AWD,COMPACT,3.5,6,AS7,Z,8.7,7.5,8.2,34,189,Normal
INFINITI,Q60 AWD COUPE,SUBCOMPACT,3.7,6,AS7,Z,13.3,9.4,11.5,25,265,HIgh
INFINITI,Q60 CONVERTIBLE,SUBCOMPACT,3.7,6,AS7,Z,13.6,9.3,11.7,24,269,HIgh
INFINITI,Q60 CONVERTIBLE,SUBCOMPACT,3.7,6,M6,Z,14.3,9.8,12.3,23,283,HIgh
INFINITI,Q60 COUPE,SUBCOMPACT,3.7,6,AS7,Z,12.9,8.9,11.1,25,255,HIgh
INFINITI,Q60 COUPE,SUBCOMPACT,3.7,6,M6,Z,13.5,9.3,11.6,24,267,HIgh
INFINITI,Q70,MID-SIZE,3.7,6,AS7,Z,12.8,8.9,11.0,26,253,HIgh
INFINITI,Q70,MID-SIZE,5.6,8,AS7,Z,14.5,9.5,12.3,23,283,HIgh
INFINITI,Q70 AWD,MID-SIZE,3.7,6,AS7,Z,13.2,9.6,11.6,24,267,HIgh
INFINITI,Q70 AWD,MID-SIZE,5.6,8,AS7,Z,15.0,10.2,12.8,22,294,HIgh
INFINITI,Q70 HYBRID,MID-SIZE,3.5,6,AS7,Z,8.0,7.0,7.6,37,175,Normal
INFINITI,QX50 AWD,STATION WAGON - SMALL,3.7,6,AS7,Z,13.6,9.6,11.8,24,271,HIgh
INFINITI,QX60,SUV - SMALL,3.5,6,AV,Z,11.9,9.0,10.6,27,244,Normal
INFINITI,QX60 AWD,SUV - SMALL,3.5,6,AV,Z,12.3,9.3,11.0,26,253,HIgh
INFINITI,QX60 HYBRID AWD,SUV - STANDARD,2.5,4,AV,X,8.8,8.2,8.5,33,196,Normal
INFINITI,QX70 AWD,SUV - SMALL,3.7,6,AS7,Z,14.5,10.7,12.8,22,294,HIgh
INFINITI,QX70 AWD,SUV - SMALL,5.0,8,AS7,Z,16.6,11.9,14.5,19,334,HIgh
INFINITI,QX80 4WD,SUV - STANDARD,5.6,8,AS7,Z,17.4,12.1,15.0,19,345,HIgh
JAGUAR,F-TYPE CONVERTIBLE,TWO-SEATER,3.0,6,AS8,Z,11.8,8.4,10.3,27,237,Normal
JAGUAR,F-TYPE S CONVERTIBLE,TWO-SEATER,3.0,6,AS8,Z,12.2,8.7,10.6,27,244,Normal
JAGUAR,F-TYPE V8 S CONVERTIBLE,TWO-SEATER,5.0,8,AS8,Z,15.0,10.2,12.8,22,294,HIgh
JAGUAR,XF,MID-SIZE,2.0,4,AS8,Z,12.3,8.2,10.5,27,242,Normal
JAGUAR,XF 3.0L AWD,MID-SIZE,3.0,6,AS8,Z,14.7,9.1,12.2,23,281,HIgh
JAGUAR,XFR,MID-SIZE,5.0,8,AS8,Z,15.7,10.3,13.3,21,306,HIgh
JAGUAR,XFR,MID-SIZE,5.0,8,AS8,E,21.3,14.1,18.1,16,290,HIgh
JAGUAR,XFR-S,MID-SIZE,5.0,8,AS8,Z,15.7,10.3,13.3,21,306,HIgh
JAGUAR,XJ AWD,FULL-SIZE,3.0,6,AS8,Z,14.6,9.6,12.4,23,285,HIgh
JAGUAR,XJ SUPERCHARGED,FULL-SIZE,5.0,8,AS8,Z,15.8,10.2,13.3,21,306,HIgh
JAGUAR,XJ SUPERCHARGED,FULL-SIZE,5.0,8,AS8,E,20.6,13.6,17.5,16,280,HIgh
JAGUAR,XJL AWD PORTFOLIO,FULL-SIZE,3.0,6,AS8,Z,14.7,9.6,12.4,23,285,HIgh
JAGUAR,XJL SUPERCHARGED,FULL-SIZE,5.0,8,AS8,Z,15.8,10.2,13.3,21,306,HIgh
JAGUAR,XJL SUPERCHARGED,FULL-SIZE,5.0,8,AS8,E,20.6,13.6,17.5,16,280,HIgh
JAGUAR,XJR,FULL-SIZE,5.0,8,AS8,Z,15.8,10.2,13.3,21,306,HIgh
JAGUAR,XJR LWB,FULL-SIZE,5.0,8,AS8,Z,15.8,10.2,13.3,21,306,HIgh
JAGUAR,XK CONVERTIBLE,MINICOMPACT,5.0,8,AS6,Z,15.1,10.6,13.1,22,301,HIgh
JAGUAR,XK COUPE,MINICOMPACT,5.0,8,AS6,Z,14.8,9.9,12.6,22,290,HIgh
JAGUAR,XKR CONVERTIBLE,MINICOMPACT,5.0,8,AS6,Z,15.9,10.9,13.7,21,315,HIgh
JAGUAR,XKR COUPE,MINICOMPACT,5.0,8,AS6,Z,15.6,10.9,13.5,21,310,HIgh
JAGUAR,XKR-S CONVERTIBLE,MINICOMPACT,5.0,8,AS6,Z,15.9,10.9,13.7,21,315,HIgh
JAGUAR,XKR-S COUPE,MINICOMPACT,5.0,8,AS6,Z,15.6,10.9,13.5,21,310,HIgh
JEEP,CHEROKEE,SUV - SMALL,2.4,4,A9,X,10.9,7.7,9.5,30,218,Normal
JEEP,CHEROKEE,SUV - SMALL,3.2,6,A9,X,12.3,8.3,10.5,27,242,Normal
JEEP,CHEROKEE 4X4,SUV - SMALL,2.4,4,A9,X,11.3,8.3,10.0,28,230,Normal
JEEP,CHEROKEE 4X4,SUV - SMALL,3.2,6,A9,X,12.5,8.8,10.8,26,248,Normal
JEEP,CHEROKEE 4X4 ACTIVE DRIVE II,SUV - SMALL,2.4,4,A9,X,11.4,8.6,10.1,28,232,Normal
JEEP,CHEROKEE 4X4 ACTIVE DRIVE II,SUV - SMALL,3.2,6,A9,X,12.5,9.1,11.0,26,253,HIgh
JEEP,CHEROKEE TRAILHAWK 4X4,SUV - SMALL,2.4,4,A9,X,12.1,9.4,10.9,26,251,HIgh
JEEP,CHEROKEE TRAILHAWK 4X4,SUV - SMALL,3.2,6,A9,X,13.4,9.5,11.6,24,267,HIgh
JEEP,COMPASS,SUV - SMALL,2.0,4,AV,X,10.7,8.8,9.9,29,228,Normal
JEEP,COMPASS,SUV - SMALL,2.0,4,A6,X,11.1,8.3,9.8,29,225,Normal
JEEP,COMPASS,SUV - SMALL,2.0,4,M5,X,10.2,7.8,9.1,31,209,Normal
JEEP,COMPASS,SUV - SMALL,2.4,4,A6,X,11.1,8.3,9.8,29,225,Normal
JEEP,COMPASS,SUV - SMALL,2.4,4,M5,X,10.3,8.3,9.4,30,216,Normal
JEEP,COMPASS 4X4,SUV - SMALL,2.4,4,A6,X,11.4,8.7,10.2,28,235,Normal
JEEP,COMPASS 4X4,SUV - SMALL,2.4,4,M5,X,10.3,8.4,9.4,30,216,Normal
JEEP,COMPASS 4X4 TRAIL RATED,SUV - SMALL,2.4,4,AV,X,11.7,10.3,11.1,25,255,HIgh
JEEP,GRAND CHEROKEE 4X4 (MDS),SUV - STANDARD,5.7,8,A8,X,17.3,11.7,14.8,19,340,HIgh
JEEP,GRAND CHEROKEE 4X4 DIESEL,SUV - STANDARD,3.0,6,A8,D,11.2,8.4,9.9,29,267,HIgh
JEEP,GRAND CHEROKEE 4X4 FFV,SUV - STANDARD,3.6,6,A8,X,13.9,9.8,12.1,23,278,HIgh
JEEP,GRAND CHEROKEE 4X4 FFV,SUV - STANDARD,3.6,6,A8,E,17.7,13.0,15.6,18,250,Normal
JEEP,GRAND CHEROKEE SRT 4X4 (MDS),SUV - STANDARD,6.4,8,A8,Z,18.5,12.6,15.8,18,363,HIgh
JEEP,PATRIOT,SUV - SMALL,2.0,4,AV,X,10.7,8.8,9.9,29,228,Normal
JEEP,PATRIOT,SUV - SMALL,2.0,4,A6,X,11.1,8.3,9.8,29,225,Normal
JEEP,PATRIOT,SUV - SMALL,2.0,4,M5,X,10.2,7.8,9.1,31,209,Normal
JEEP,PATRIOT,SUV - SMALL,2.4,4,A6,X,11.1,8.3,9.8,29,225,Normal
JEEP,PATRIOT,SUV - SMALL,2.4,4,M5,X,10.3,8.3,9.4,30,216,Normal
JEEP,PATRIOT 4X4,SUV - SMALL,2.4,4,A6,X,11.4,8.7,10.2,28,235,Normal
JEEP,PATRIOT 4X4,SUV - SMALL,2.4,4,M5,X,10.3,8.4,9.4,30,216,Normal
JEEP,PATRIOT 4X4 TRAIL RATED,SUV - SMALL,2.4,4,AV,X,11.7,10.3,11.1,25,255,HIgh
JEEP,WRANGLER 4X4 (2-DOOR),SUV - SMALL,3.6,6,A5,X,14.1,11.1,12.8,22,294,HIgh
JEEP,WRANGLER 4X4 (2-DOOR),SUV - SMALL,3.6,6,M6,X,14.2,11.0,12.8,22,294,HIgh
JEEP,WRANGLER UNLIMITED 4X4 (4-DOOR),SUV - SMALL,3.6,6,A5,X,14.8,11.7,13.4,21,308,HIgh
JEEP,WRANGLER UNLIMITED 4X4 (4-DOOR),SUV - SMALL,3.6,6,M6,X,15.0,11.4,13.4,21,308,HIgh
KIA,CADENZA,FULL-SIZE,3.3,6,A6,X,12.7,8.8,10.9,26,251,HIgh
KIA,FORTE,MID-SIZE,1.8,4,A6,X,9.6,6.6,8.3,34,191,Normal
KIA,FORTE,MID-SIZE,1.8,4,M6,X,9.3,6.4,8.0,35,184,Normal
KIA,FORTE,MID-SIZE,2.0,4,A6,X,9.8,6.6,8.4,34,193,Normal
KIA,FORTE,MID-SIZE,2.0,4,M6,X,9.7,6.8,8.4,34,193,Normal
KIA,FORTE 5,FULL-SIZE,1.6,4,A6,X,11.1,8.0,9.7,29,223,Normal
KIA,FORTE 5,FULL-SIZE,1.6,4,M6,X,11.1,8.2,9.8,29,225,Normal
KIA,FORTE 5,FULL-SIZE,2.0,4,A6,X,9.7,6.8,8.4,34,193,Normal
KIA,FORTE 5,FULL-SIZE,2.0,4,M6,X,9.8,7.0,8.5,33,196,Normal
KIA,FORTE KOUP,COMPACT,1.6,4,A6,X,10.6,7.9,9.4,30,216,Normal
KIA,FORTE KOUP,COMPACT,1.6,4,M6,X,10.8,8.1,9.6,29,221,Normal
KIA,FORTE KOUP,COMPACT,2.0,4,A6,X,9.6,7.0,8.4,34,193,Normal
KIA,FORTE KOUP,COMPACT,2.0,4,M6,X,9.8,7.2,8.6,33,198,Normal
KIA,OPTIMA,MID-SIZE,2.0,4,A6,X,11.7,7.6,9.9,29,228,Normal
KIA,OPTIMA,MID-SIZE,2.4,4,A6,X,10.2,6.8,8.7,32,200,Normal
KIA,OPTIMA HYBRID,MID-SIZE,2.4,4,AS6,X,6.5,5.9,6.2,46,143,Normal
KIA,OPTIMA HYBRID EX,MID-SIZE,2.4,4,AS6,X,6.7,6.0,6.4,44,147,Normal
KIA,RIO,COMPACT,1.6,4,A6,X,8.7,6.3,7.6,37,175,Normal
KIA,RIO,COMPACT,1.6,4,M6,X,8.7,6.4,7.7,37,177,Normal
KIA,RIO ECO,COMPACT,1.6,4,A6,X,8.5,6.4,7.6,37,175,Normal
KIA,RONDO,STATION WAGON - MID-SIZE,2.0,4,A6,X,10.5,7.5,9.2,31,212,Normal
KIA,RONDO,STATION WAGON - MID-SIZE,2.0,4,M6,X,10.8,7.4,9.3,30,214,Normal
KIA,SEDONA,MINIVAN,3.5,6,A6,X,13.7,9.9,12.0,24,276,HIgh
KIA,SORENTO,SUV - SMALL,2.4,4,A6,X,11.8,8.5,10.3,27,237,Normal
KIA,SORENTO,SUV - SMALL,3.3,6,A6,X,12.9,9.5,11.4,25,262,HIgh
KIA,SORENTO 4WD,SUV - SMALL,2.4,4,A6,X,12.3,9.3,11.0,26,253,HIgh
KIA,SORENTO 4WD,SUV - SMALL,3.3,6,A6,X,13.4,9.9,11.8,24,271,HIgh
KIA,SOUL,STATION WAGON - SMALL,1.6,4,A6,X,9.8,7.9,8.9,32,205,Normal
KIA,SOUL,STATION WAGON - SMALL,1.6,4,M6,X,9.9,7.8,9.0,31,207,Normal
KIA,SOUL,STATION WAGON - SMALL,2.0,4,A6,X,10.1,7.8,9.1,31,209,Normal
KIA,SOUL ECO Dynamics,STATION WAGON - SMALL,2.0,4,A6,X,9.7,7.8,8.8,32,202,Normal
KIA,SPORTAGE,SUV - SMALL,2.4,4,A6,X,11.4,8.3,10.0,28,230,Normal
KIA,SPORTAGE,SUV - SMALL,2.4,4,M6,X,12.9,9.3,11.3,25,260,HIgh
KIA,SPORTAGE AWD,SUV - SMALL,2.0,4,A6,X,12.7,9.7,11.4,25,262,HIgh
KIA,SPORTAGE AWD,SUV - SMALL,2.4,4,A6,X,12.0,9.1,10.7,26,246,Normal
LAMBORGHINI,AVENTADOR COUPE,TWO-SEATER,6.5,12,A7,Z,22.8,12.9,18.3,15,421,HIgh
LAMBORGHINI,GALLARDO COUPE,TWO-SEATER,5.2,10,A6,Z,18.0,12.8,15.7,18,361,HIgh
LAMBORGHINI,GALLARDO COUPE,TWO-SEATER,5.2,10,M6,Z,20.6,13.5,17.4,16,400,HIgh
LAND ROVER,LR2,SUV - SMALL,2.0,4,AS6,Z,13.5,9.9,11.9,24,274,HIgh
LAND ROVER,LR4,SUV - STANDARD,3.0,6,AS8,Z,16.3,12.4,14.5,19,334,HIgh
LAND ROVER,RANGE ROVER EVOQUE,SUV - SMALL,2.0,4,AS9,Z,11.3,7.9,9.8,29,225,Normal
LAND ROVER,RANGE ROVER EVOQUE COUPE,SUV - SMALL,2.0,4,AS9,Z,11.3,7.9,9.8,29,225,Normal
LAND ROVER,RANGE ROVER LWB V8 5.0 SC,SUV - STANDARD,5.0,8,AS8,Z,18.0,12.2,15.4,18,354,HIgh
LAND ROVER,RANGE ROVER LWB V8 5.0 SC FFV,SUV - STANDARD,5.0,8,AS8,Z,17.2,12.5,15.1,19,347,HIgh
LAND ROVER,RANGE ROVER LWB V8 5.0 SC FFV,SUV - STANDARD,5.0,8,AS8,E,25.0,16.9,21.4,13,342,HIgh
LAND ROVER,RANGE ROVER SPORT V6 3.0 SC,SUV - STANDARD,3.0,6,AS8,Z,14.2,10.2,12.4,23,285,HIgh
LAND ROVER,RANGE ROVER SPORT V6 3.0 SC FFV,SUV - STANDARD,3.0,6,AS8,Z,14.2,10.2,12.4,23,285,HIgh
LAND ROVER,RANGE ROVER SPORT V6 3.0 SC FFV,SUV - STANDARD,3.0,6,AS8,E,19.4,14.9,17.4,16,278,HIgh
LAND ROVER,RANGE ROVER SPORT V8 5.0 SC,SUV - STANDARD,5.0,8,AS8,Z,17.3,12.2,15.0,19,345,HIgh
LAND ROVER,RANGE ROVER SPORT V8 5.0 SC FFV,SUV - STANDARD,5.0,8,AS8,Z,16.6,12.3,14.7,19,338,HIgh
LAND ROVER,RANGE ROVER SPORT V8 5.0 SC FFV,SUV - STANDARD,5.0,8,AS8,E,24.0,16.6,20.7,14,331,HIgh
LAND ROVER,RANGE ROVER V6 3.0 SC,SUV - STANDARD,3.0,6,AS8,Z,14.1,10.1,12.3,23,283,HIgh
LAND ROVER,RANGE ROVER V6 3.0 SC FFV,SUV - STANDARD,3.0,6,AS8,Z,14.1,10.1,12.3,23,283,HIgh
LAND ROVER,RANGE ROVER V6 3.0 SC FFV,SUV - STANDARD,3.0,6,AS8,E,19.4,14.8,17.3,16,277,HIgh
LAND ROVER,RANGE ROVER V8 5.0 SC,SUV - STANDARD,5.0,8,AS8,Z,18.0,12.2,15.4,18,354,HIgh
LAND ROVER,RANGE ROVER V8 5.0 SC FFV,SUV - STANDARD,5.0,8,AS8,Z,17.2,12.5,15.1,19,347,HIgh
LAND ROVER,RANGE ROVER V8 5.0 SC FFV,SUV - STANDARD,5.0,8,AS8,E,25.0,16.9,21.4,13,342,HIgh
LEXUS,CT 200h,COMPACT,1.8,4,AV,X,5.5,5.8,5.6,50,129,Normal
LEXUS,ES 300h,MID-SIZE,2.5,4,AV6,X,5.8,6.2,6.0,47,138,Normal
LEXUS,ES 350,MID-SIZE,3.5,6,AS6,X,11.3,7.6,9.6,29,221,Normal
LEXUS,GS 350,MID-SIZE,3.5,6,AS8,Z,12.1,8.3,10.4,27,239,Normal
LEXUS,GS 350 AWD,MID-SIZE,3.5,6,AS6,Z,12.5,9.1,11.0,26,253,HIgh
LEXUS,GS 450h,MID-SIZE,3.5,6,AV8,Z,7.7,7.4,7.6,37,175,Normal
LEXUS,GX 460,SUV - STANDARD,4.6,8,AS6,Z,15.7,11.8,13.9,20,320,HIgh
LEXUS,IS 250,COMPACT,2.5,6,AS6,Z,11.2,7.8,9.7,29,223,Normal
LEXUS,IS 250 AWD,COMPACT,2.5,6,AS6,Z,11.8,8.7,10.4,27,239,Normal
LEXUS,IS 250 C,SUBCOMPACT,2.5,6,AS6,Z,11.2,7.8,9.7,29,223,Normal
LEXUS,IS 350,COMPACT,3.5,6,AS8,Z,12.2,8.7,10.6,27,244,Normal
LEXUS,IS 350 AWD,COMPACT,3.5,6,AS6,Z,12.5,9.1,11.0,26,253,HIgh
LEXUS,IS 350 C,SUBCOMPACT,3.5,6,AS6,Z,12.1,8.7,10.6,27,244,Normal
LEXUS,IS F,SUBCOMPACT,5.0,8,AS8,Z,14.6,10.1,12.6,22,290,HIgh
LEXUS,LS 460,MID-SIZE,4.6,8,AS8,Z,14.5,9.6,12.3,23,283,HIgh
LEXUS,LS 460 AWD,MID-SIZE,4.6,8,AS8,Z,15.1,10.3,12.9,22,297,HIgh
LEXUS,LS 460 L AWD,MID-SIZE,4.6,8,AS8,Z,15.1,10.3,12.9,22,297,HIgh
LEXUS,LS 600h L,MID-SIZE,5.0,8,AV8,Z,12.0,10.7,11.4,25,262,HIgh
LEXUS,LX 570,SUV - STANDARD,5.7,8,AS6,Z,18.8,13.6,16.5,17,380,HIgh
LEXUS,RX 350 AWD,SUV - SMALL,3.5,6,AS6,X,13.3,9.8,11.7,24,269,HIgh
LEXUS,RX 350 AWD,SUV - SMALL,3.5,6,AS8,X,12.7,9.1,11.1,25,255,HIgh
LEXUS,RX 450h AWD,SUV - SMALL,3.5,6,AV6,Z,7.9,8.6,8.2,34,189,Normal
LINCOLN,MKS AWD,FULL-SIZE,3.5,6,AS6,X,13.7,9.4,11.8,24,271,HIgh
LINCOLN,MKS AWD,FULL-SIZE,3.7,6,AS6,X,13.1,9.0,11.3,25,260,HIgh
LINCOLN,MKT AWD,SUV - STANDARD,3.5,6,AS6,X,14.8,10.4,12.8,22,294,HIgh
LINCOLN,MKT LIVERY,SPECIAL PURPOSE VEHICLE,2.0,4,AS6,X,11.5,8.5,10.2,28,235,Normal
LINCOLN,MKT LIVERY AWD,SPECIAL PURPOSE VEHICLE,3.7,6,A6,X,14.0,9.9,12.2,23,281,HIgh
LINCOLN,MKX AWD,SUV - SMALL,3.7,6,AS6,X,13.7,10.4,12.2,23,281,HIgh
LINCOLN,MKZ,MID-SIZE,2.0,4,AS6,X,10.5,7.1,9.0,31,207,Normal
LINCOLN,MKZ AWD,MID-SIZE,3.7,6,AS6,X,13.1,9.3,11.4,25,262,HIgh
LINCOLN,MKZ HYBRID,MID-SIZE,2.0,4,AV,X,6.2,6.4,6.3,45,145,Normal
LINCOLN,NAVIGATOR 4X4 FFV,SUV - STANDARD,5.4,8,A6,X,18.2,13.3,16.0,18,368,HIgh
LINCOLN,NAVIGATOR 4X4 FFV,SUV - STANDARD,5.4,8,A6,E,24.5,18.0,21.6,13,346,HIgh
MASERATI,GHIBLI,MID-SIZE,3.0,6,AS8,Z,15.2,9.6,12.7,22,292,HIgh
MASERATI,GHIBLI AWD,MID-SIZE,3.0,6,AS8,Z,15.2,9.6,12.7,22,292,HIgh
MASERATI,GRANTURISMO,SUBCOMPACT,4.7,8,AS6,Z,18.2,11.4,15.1,19,347,HIgh
MASERATI,GRANTURISMO CONVERTIBLE,SUBCOMPACT,4.7,8,AS6,Z,18.2,11.7,15.3,18,352,HIgh
MASERATI,QUATTROPORTE GTS,FULL-SIZE,3.8,8,AS8,Z,17.6,10.7,14.5,19,334,HIgh
MASERATI,QUATTROPORTE SQ4,FULL-SIZE,3.0,6,AS8,Z,15.9,9.7,13.1,22,301,HIgh
MAZDA,CX-5,SUV - SMALL,2.0,4,AS6,X,8.9,7.3,8.2,34,189,Normal
MAZDA,CX-5,SUV - SMALL,2.0,4,M6,X,9.0,6.8,8.0,35,184,Normal
MAZDA,CX-5,SUV - SMALL,2.5,4,AS6,X,9.6,7.4,8.6,33,198,Normal
MAZDA,CX-5 4WD,SUV - SMALL,2.0,4,AS6,X,9.3,7.6,8.5,33,196,Normal
MAZDA,CX-5 4WD,SUV - SMALL,2.5,4,AS6,X,9.8,7.9,8.9,32,205,Normal
MAZDA,CX-9,SUV - SMALL,3.7,6,AS6,X,14.2,10.0,12.3,23,283,HIgh
MAZDA,CX-9 4WD,SUV - SMALL,3.7,6,AS6,X,14.3,10.6,12.6,22,290,HIgh
MAZDA,MAZDA2,COMPACT,1.5,4,A4,X,8.4,6.9,7.7,37,177,Normal
MAZDA,MAZDA2,COMPACT,1.5,4,M5,X,8.0,6.7,7.4,38,170,Normal
MAZDA,MAZDA3 4-DOOR,COMPACT,2.0,4,AS6,X,7.9,5.7,6.9,41,159,Normal
MAZDA,MAZDA3 4-DOOR,COMPACT,2.0,4,M6,X,8.0,5.8,7.0,40,161,Normal
MAZDA,MAZDA3 4-DOOR,COMPACT,2.5,4,AS6,X,8.4,6.1,7.4,38,170,Normal
MAZDA,MAZDA3 4-DOOR (i-ELOOP),COMPACT,2.5,4,AS6,X,8.3,6.1,7.3,39,168,Normal
MAZDA,MAZDA3 4-DOOR (SIL),COMPACT,2.0,4,M6,X,8.0,5.8,7.0,40,161,Normal
MAZDA,MAZDA3 5-DOOR,MID-SIZE,2.0,4,AS6,X,8.0,5.9,7.1,40,163,Normal
MAZDA,MAZDA3 5-DOOR,MID-SIZE,2.0,4,M6,X,8.2,5.9,7.2,39,166,Normal
MAZDA,MAZDA3 5-DOOR,MID-SIZE,2.5,4,AS6,X,8.7,6.5,7.7,37,177,Normal
MAZDA,MAZDA3 5-DOOR (i-ELOOP),MID-SIZE,2.5,4,AS6,X,8.2,6.1,7.3,39,168,Normal
MAZDA,MAZDA3 5-DOOR (SIL),MID-SIZE,2.0,4,M6,X,8.2,5.9,7.2,39,166,Normal
MAZDA,MAZDA5,MINIVAN,2.5,4,AS5,X,10.8,8.4,9.7,29,223,Normal
MAZDA,MAZDA5,MINIVAN,2.5,4,M6,X,11.1,8.3,9.8,29,225,Normal
MAZDA,MAZDA6,MID-SIZE,2.5,4,AS6,X,8.8,6.2,7.6,37,175,Normal
MAZDA,MAZDA6,MID-SIZE,2.5,4,M6,X,9.4,6.4,8.1,35,186,Normal
MAZDA,MAZDA6 (i-ELOOP),MID-SIZE,2.5,4,AS6,X,8.4,5.9,7.3,39,168,Normal
MAZDA,MX-5,TWO-SEATER,2.0,4,AS6,Z,11.5,8.5,10.2,28,235,Normal
MAZDA,MX-5,TWO-SEATER,2.0,4,M5,Z,10.5,8.5,9.6,29,221,Normal
MAZDA,MX-5,TWO-SEATER,2.0,4,M6,Z,11.1,8.4,9.9,29,228,Normal
MERCEDES-BENZ,B 250,STATION WAGON - SMALL,2.0,4,AS7,Z,9.2,6.6,8.0,35,184,Normal
MERCEDES-BENZ,C 250,COMPACT,1.8,4,AS7,Z,10.9,7.5,9.4,30,216,Normal
MERCEDES-BENZ,C 250 COUPE,SUBCOMPACT,1.8,4,AS7,Z,11.0,7.4,9.4,30,216,Normal
MERCEDES-BENZ,C 300 4MATIC FFV,COMPACT,3.5,6,AS7,Z,12.2,8.5,10.5,27,242,Normal
MERCEDES-BENZ,C 300 4MATIC FFV,COMPACT,3.5,6,AS7,E,16.4,11.1,14.0,20,224,Normal
MERCEDES-BENZ,C 350,COMPACT,3.5,6,AS7,Z,12.0,8.6,10.5,27,242,Normal
MERCEDES-BENZ,C 350 4MATIC,COMPACT,3.5,6,AS7,Z,11.9,8.6,10.4,27,239,Normal
MERCEDES-BENZ,C 350 4MATIC COUPE,SUBCOMPACT,3.5,6,AS7,Z,12.1,8.7,10.6,27,244,Normal
MERCEDES-BENZ,C 350 COUPE,SUBCOMPACT,3.5,6,AS7,Z,12.1,8.6,10.5,27,242,Normal
MERCEDES-BENZ,C 63 AMG,COMPACT,6.2,8,AS7,Z,17.7,11.9,15.1,19,347,HIgh
MERCEDES-BENZ,C 63 AMG COUPE,SUBCOMPACT,6.2,8,AS7,Z,17.9,12.2,15.3,18,352,HIgh
MERCEDES-BENZ,CL 550 4MATIC,COMPACT,4.7,8,AS7,Z,15.4,10.4,13.2,21,304,HIgh
MERCEDES-BENZ,CL 63 AMG,COMPACT,5.5,8,AS7,Z,15.4,11.0,13.4,21,308,HIgh
MERCEDES-BENZ,CLA 250,COMPACT,2.0,4,AS7,Z,9.1,6.2,7.8,36,179,Normal
MERCEDES-BENZ,CLA 45 AMG 4MATIC,COMPACT,2.0,4,AS7,Z,10.3,7.8,9.2,31,212,Normal
MERCEDES-BENZ,CLS 550 4MATIC,COMPACT,4.7,8,AS7,Z,13.3,9.4,11.5,25,264,HIgh
MERCEDES-BENZ,CLS 63 AMG 4MATIC,COMPACT,5.5,8,AS7,Z,15.1,10.7,13.1,22,301,HIgh
MERCEDES-BENZ,CLS 63 AMG S 4MATIC,COMPACT,5.5,8,AS7,Z,15.1,10.7,13.1,22,301,HIgh
MERCEDES-BENZ,E 250 BLUETEC 4MATIC,MID-SIZE,2.1,4,AS7,D,8.5,5.7,7.2,39,194,Normal
MERCEDES-BENZ,E 300 4MATIC,MID-SIZE,3.5,6,AS7,Z,11.8,8.2,10.2,28,235,Normal
MERCEDES-BENZ,E 350 4MATIC,MID-SIZE,3.5,6,AS7,Z,11.6,8.1,10.0,28,230,Normal
MERCEDES-BENZ,E 350 4MATIC COUPE,SUBCOMPACT,3.5,6,AS7,Z,11.9,8.5,10.4,27,239,Normal
MERCEDES-BENZ,E 350 4MATIC WAGON,STATION WAGON - MID-SIZE,3.5,6,AS7,Z,12.1,8.6,10.5,27,242,Normal
MERCEDES-BENZ,E 350 CABRIOLET,SUBCOMPACT,3.5,6,AS7,Z,12.0,8.5,10.4,27,239,Normal
MERCEDES-BENZ,E 350 COUPE,SUBCOMPACT,3.5,6,AS7,Z,11.9,8.2,10.2,28,235,Normal
MERCEDES-BENZ,E 400 HYBRID,MID-SIZE,3.5,6,AS7,Z,9.6,7.9,8.8,32,202,Normal
MERCEDES-BENZ,E 550 4MATIC,MID-SIZE,4.7,8,AS7,Z,13.6,9.1,11.6,24,267,HIgh
MERCEDES-BENZ,E 550 CABRIOLET,SUBCOMPACT,4.7,8,AS7,Z,13.7,9.3,11.7,24,269,HIgh
MERCEDES-BENZ,E 550 COUPE,SUBCOMPACT,4.7,8,AS7,Z,13.4,8.9,11.4,25,262,HIgh
MERCEDES-BENZ,E 63 AMG 4MATIC,MID-SIZE,5.5,8,AS7,Z,15.0,10.3,12.9,22,297,HIgh
MERCEDES-BENZ,E 63 AMG 4MATIC WAGON,STATION WAGON - MID-SIZE,5.5,8,AS7,Z,15.5,11.0,13.5,21,310,HIgh
MERCEDES-BENZ,E 63 AMG S 4MATIC,MID-SIZE,5.5,8,AS7,Z,15.0,10.3,12.9,22,297,HIgh
MERCEDES-BENZ,E 63 AMG S 4MATIC WAGON,STATION WAGON - MID-SIZE,5.5,8,AS7,Z,15.5,11.0,13.5,21,310,HIgh
MERCEDES-BENZ,G 550,SUV - STANDARD,5.5,8,AS7,Z,20.0,15.9,18.2,16,419,HIgh
MERCEDES-BENZ,G 63 AMG,SUV - STANDARD,5.5,8,AS7,Z,19.4,15.7,17.7,16,407,HIgh
MERCEDES-BENZ,GL 350 BLUETEC 4MATIC,SUV - STANDARD,3.0,6,AS7,D,13.4,10.2,12.0,24,324,HIgh
MERCEDES-BENZ,GL 450 4MATIC,SUV - STANDARD,4.7,8,AS7,Z,17.1,12.8,15.2,19,350,HIgh
MERCEDES-BENZ,GL 550 4MATIC,SUV - STANDARD,4.7,8,AS7,Z,17.6,13.1,15.6,18,359,HIgh
MERCEDES-BENZ,GL 63 AMG,SUV - STANDARD,5.5,8,AS7,Z,17.7,13.4,15.8,18,363,HIgh
MERCEDES-BENZ,GLK 250 BLUETEC 4MATIC,SUV - SMALL,2.1,4,AS7,D,9.6,7.1,8.5,33,230,Normal
MERCEDES-BENZ,GLK 350 4MATIC,SUV - SMALL,3.5,6,AS7,Z,12.6,9.6,11.3,25,260,HIgh
MERCEDES-BENZ,ML 350 4MATIC FFV,SUV - STANDARD,3.5,6,AS7,Z,13.4,10.5,12.1,23,278,HIgh
MERCEDES-BENZ,ML 350 4MATIC FFV,SUV - STANDARD,3.5,6,AS7,E,17.8,13.8,16.0,18,256,HIgh
MERCEDES-BENZ,ML 350 BLUETEC 4MATIC,SUV - STANDARD,3.0,6,AS7,D,11.8,8.5,10.3,27,278,HIgh
MERCEDES-BENZ,ML 550 4MATIC,SUV - STANDARD,4.7,8,AS7,Z,16.2,11.8,14.2,20,327,HIgh
MERCEDES-BENZ,ML 63 AMG 4MATIC,SUV - STANDARD,5.5,8,AS7,Z,17.2,13.5,15.5,18,356,HIgh
MERCEDES-BENZ,S 550 4MATIC LWB,FULL-SIZE,4.7,8,AS7,Z,14.3,9.5,12.1,23,278,HIgh
MERCEDES-BENZ,S 550 4MATIC SWB,FULL-SIZE,4.7,8,AS7,Z,14.2,9.4,12.0,24,276,HIgh
MERCEDES-BENZ,S 63 AMG 4MATIC,FULL-SIZE,5.5,8,AS7,Z,15.6,10.3,13.2,21,304,HIgh
MERCEDES-BENZ,SL 550,TWO-SEATER,4.7,8,AS7,Z,13.4,9.6,11.7,24,269,HIgh
MERCEDES-BENZ,SL 63 AMG,TWO-SEATER,5.5,8,AS7,Z,14.8,10.2,12.7,22,292,HIgh
MERCEDES-BENZ,SL 65 AMG,TWO-SEATER,6.0,8,AS7,Z,16.7,11.2,14.2,20,327,HIgh
MERCEDES-BENZ,SLK 250,TWO-SEATER,1.8,4,AS7,Z,10.3,7.2,8.9,32,205,Normal
MERCEDES-BENZ,SLK 250,TWO-SEATER,1.8,4,M6,Z,10.4,7.3,9.0,31,207,Normal
MERCEDES-BENZ,SLK 350,TWO-SEATER,3.5,6,AS7,Z,11.1,8.1,9.8,29,225,Normal
MERCEDES-BENZ,SLK 55 AMG,TWO-SEATER,5.5,8,AS7,Z,12.3,8.7,10.7,26,246,Normal
MERCEDES-BENZ,SLS AMG BLACK SERIES COUPE,TWO-SEATER,6.2,8,AS7,Z,18.7,13.9,16.5,17,380,HIgh
MERCEDES-BENZ,SLS AMG GT COUPE,TWO-SEATER,6.2,8,AS7,Z,18.2,12.6,15.7,18,361,HIgh
MERCEDES-BENZ,SLS AMG ROADSTER,TWO-SEATER,6.2,8,AS7,Z,18.2,12.6,15.7,18,361,HIgh
MINI,COOPER CLUBMAN,SUBCOMPACT,1.6,4,A6,Z,8.7,6.6,7.8,36,179,Normal
MINI,COOPER CLUBMAN,SUBCOMPACT,1.6,4,M6,Z,8.6,6.8,7.8,36,179,Normal
MINI,COOPER CONVERTIBLE,MINICOMPACT,1.6,4,A6,Z,8.7,6.6,7.8,36,179,Normal
MINI,COOPER CONVERTIBLE,MINICOMPACT,1.6,4,M6,Z,8.6,6.8,7.8,36,179,Normal
MINI,COOPER COUNTRYMAN,COMPACT,1.6,4,A6,Z,9.4,7.9,8.7,32,200,Normal
MINI,COOPER COUNTRYMAN,COMPACT,1.6,4,M6,Z,8.6,6.8,7.8,36,179,Normal
MINI,COOPER COUPE,TWO-SEATER,1.6,4,A6,Z,8.5,6.6,7.6,37,175,Normal
MINI,COOPER COUPE,TWO-SEATER,1.6,4,M6,Z,8.0,6.4,7.3,39,168,Normal
MINI,COOPER PACEMAN,COMPACT,1.6,4,A6,Z,9.4,7.9,8.7,32,200,Normal
MINI,COOPER PACEMAN,COMPACT,1.6,4,M6,Z,8.6,6.8,7.8,36,179,Normal
MINI,COOPER ROADSTER,TWO-SEATER,1.6,4,A6,Z,8.7,6.6,7.8,36,179,Normal
MINI,COOPER ROADSTER,TWO-SEATER,1.6,4,M6,Z,8.6,6.8,7.8,36,179,Normal
MINI,COOPER S CLUBMAN,SUBCOMPACT,1.6,4,A6,Z,9.3,7.0,8.3,34,191,Normal
MINI,COOPER S CLUBMAN,SUBCOMPACT,1.6,4,M6,Z,9.1,6.7,8.0,35,184,Normal
MINI,COOPER S CONVERTIBLE,MINICOMPACT,1.6,4,A6,Z,9.3,7.0,8.3,34,191,Normal
MINI,COOPER S CONVERTIBLE,MINICOMPACT,1.6,4,M6,Z,9.1,6.7,8.0,35,184,Normal
MINI,COOPER S COUNTRYMAN ALL4,COMPACT,1.6,4,A6,Z,10.0,7.8,9.0,31,207,Normal
MINI,COOPER S COUNTRYMAN ALL4,COMPACT,1.6,4,M6,Z,9.3,7.5,8.5,33,196,Normal
MINI,COOPER S COUPE,TWO-SEATER,1.6,4,A6,Z,9.3,7.0,8.3,34,191,Normal
MINI,COOPER S COUPE,TWO-SEATER,1.6,4,M6,Z,9.1,6.7,8.0,35,184,Normal
MINI,COOPER S PACEMAN ALL4,COMPACT,1.6,4,A6,Z,10.0,7.8,9.0,31,207,Normal
MINI,COOPER S PACEMAN ALL4,COMPACT,1.6,4,M6,Z,9.3,7.5,8.5,33,196,Normal
MINI,COOPER S ROADSTER,TWO-SEATER,1.6,4,A6,Z,9.3,7.0,8.3,34,191,Normal
MINI,COOPER S ROADSTER,TWO-SEATER,1.6,4,M6,Z,9.1,6.7,8.0,35,184,Normal
MINI,JOHN COOPER WORKS CLUBMAN,SUBCOMPACT,1.6,4,A6,Z,9.3,7.0,8.3,34,191,Normal
MINI,JOHN COOPER WORKS CLUBMAN,SUBCOMPACT,1.6,4,M6,Z,9.1,6.7,8.0,35,184,Normal
MINI,JOHN COOPER WORKS CONVERTIBLE,MINICOMPACT,1.6,4,A6,Z,9.3,7.0,8.3,34,191,Normal
MINI,JOHN COOPER WORKS CONVERTIBLE,MINICOMPACT,1.6,4,M6,Z,9.1,6.7,8.0,35,184,Normal
MINI,JOHN COOPER WORKS COUNTRYMAN ALL4,COMPACT,1.6,4,A6,Z,10.0,7.8,9.0,31,207,Normal
MINI,JOHN COOPER WORKS COUNTRYMAN ALL4,COMPACT,1.6,4,M6,Z,9.3,7.5,8.5,33,196,Normal
MINI,JOHN COOPER WORKS COUPE,TWO-SEATER,1.6,4,A6,Z,9.3,7.0,8.3,34,191,Normal
MINI,JOHN COOPER WORKS COUPE,TWO-SEATER,1.6,4,M6,Z,9.1,6.7,8.0,35,184,Normal
MINI,JOHN COOPER WORKS PACEMAN ALL4,COMPACT,1.6,4,A6,Z,10.0,7.8,9.0,31,207,Normal
MINI,JOHN COOPER WORKS PACEMAN ALL4,COMPACT,1.6,4,M6,Z,9.3,7.5,8.5,33,196,Normal
MINI,JOHN COOPER WORKS ROADSTER,TWO-SEATER,1.6,4,A6,Z,9.3,7.0,8.3,34,191,Normal
MINI,JOHN COOPER WORKS ROADSTER,TWO-SEATER,1.6,4,M6,Z,9.1,6.7,8.0,35,184,Normal
MITSUBISHI,LANCER,COMPACT,2.0,4,AV6,X,9.2,7.0,8.2,34,189,Normal
MITSUBISHI,LANCER,COMPACT,2.0,4,M5,X,9.6,6.8,8.3,34,191,Normal
MITSUBISHI,LANCER AWD,COMPACT,2.4,4,AV6,X,10.5,8.2,9.5,30,218,Normal
MITSUBISHI,LANCER EVOLUTION,COMPACT,2.0,4,AM6,Z,14.2,10.5,12.5,23,288,HIgh
MITSUBISHI,LANCER EVOLUTION,COMPACT,2.0,4,M5,Z,14.0,10.3,12.3,23,283,HIgh
MITSUBISHI,LANCER RALLIART,COMPACT,2.0,4,AM6,Z,13.4,9.4,11.6,24,267,HIgh
MITSUBISHI,LANCER SPORTBACK,STATION WAGON - SMALL,2.0,4,AV6,X,9.6,7.3,8.6,33,198,Normal
MITSUBISHI,LANCER SPORTBACK,STATION WAGON - SMALL,2.0,4,M5,X,9.8,7.1,8.6,33,198,Normal
MITSUBISHI,MIRAGE,COMPACT,1.2,3,AV,X,6.4,5.4,6.0,47,138,Normal
MITSUBISHI,MIRAGE,COMPACT,1.2,3,M5,X,7.0,5.6,6.4,44,147,Normal
MITSUBISHI,OUTLANDER,SUV - SMALL,2.4,4,AV6,X,9.5,7.5,8.6,33,198,Normal
MITSUBISHI,OUTLANDER 4WD,SUV - SMALL,2.4,4,AV6,X,9.9,8.1,9.1,31,209,Normal
MITSUBISHI,OUTLANDER 4WD,SUV - SMALL,3.0,6,AS6,Z,11.5,8.5,10.2,28,235,Normal
MITSUBISHI,RVR,SUV - SMALL,2.0,4,AV6,X,9.6,7.6,8.7,32,200,Normal
MITSUBISHI,RVR,SUV - SMALL,2.0,4,M5,X,9.9,7.5,8.8,32,202,Normal
MITSUBISHI,RVR 4WD,SUV - SMALL,2.0,4,AV6,X,9.8,8.0,9.0,31,207,Normal
NISSAN,370Z,TWO-SEATER,3.7,6,AS7,Z,12.6,9.1,11.0,26,253,HIgh
NISSAN,370Z,TWO-SEATER,3.7,6,M6,Z,13.3,9.3,11.5,25,264,HIgh
NISSAN,370Z ROADSTER,TWO-SEATER,3.7,6,AS7,Z,13.0,9.5,11.4,25,262,HIgh
NISSAN,370Z ROADSTER,TWO-SEATER,3.7,6,M6,Z,13.5,9.6,11.7,24,269,HIgh
NISSAN,ALTIMA,MID-SIZE,2.5,4,AV,X,8.7,6.2,7.6,37,175,Normal
NISSAN,ALTIMA,MID-SIZE,3.5,6,AV,X,10.8,7.4,9.3,30,214,Normal
NISSAN,ARMADA 4WD,SUV - STANDARD,5.6,8,A5,X,19.1,13.4,16.5,17,380,HIgh
NISSAN,FRONTIER,PICKUP TRUCK - SMALL,2.5,4,A5,X,13.7,10.6,12.3,23,283,HIgh
NISSAN,FRONTIER,PICKUP TRUCK - SMALL,2.5,4,M5,X,12.2,10.2,11.3,25,260,HIgh
NISSAN,FRONTIER,PICKUP TRUCK - SMALL,4.0,6,A5,X,14.7,10.2,12.7,22,292,HIgh
NISSAN,FRONTIER 4WD,PICKUP TRUCK - SMALL,4.0,6,A5,X,15.7,11.2,13.7,21,315,HIgh
NISSAN,FRONTIER 4WD,PICKUP TRUCK - SMALL,4.0,6,M6,X,14.8,11.0,13.1,22,301,HIgh
NISSAN,GT-R,SUBCOMPACT,3.8,6,AM6,Z,14.5,10.9,12.9,22,297,HIgh
NISSAN,JUKE,STATION WAGON - SMALL,1.6,4,AV,Z,8.7,7.3,8.1,35,186,Normal
NISSAN,JUKE,STATION WAGON - SMALL,1.6,4,M6,Z,9.5,7.6,8.6,33,198,Normal
NISSAN,JUKE AWD,STATION WAGON - SMALL,1.6,4,AV,Z,9.3,7.9,8.7,32,200,Normal
NISSAN,MAXIMA,MID-SIZE,3.5,6,AV,Z,12.3,9.1,10.9,26,251,HIgh
NISSAN,MURANO AWD,SUV - SMALL,3.5,6,AV,X,13.2,10.1,11.8,24,271,HIgh
NISSAN,NV200 CARGO VAN,SPECIAL PURPOSE VEHICLE,2.0,4,AV,X,10.0,8.5,9.3,30,214,Normal
NISSAN,PATHFINDER,SUV - SMALL,3.5,6,AV,X,12.0,8.9,10.6,27,244,Normal
NISSAN,PATHFINDER 4WD,SUV - SMALL,3.5,6,AV,X,12.3,9.3,11.0,26,253,HIgh
NISSAN,PATHFINDER HYBRID 4WD,SUV - STANDARD,2.5,4,AV,X,9.1,8.5,8.8,32,202,Normal
NISSAN,QUEST,MINIVAN,3.5,6,AV,X,12.5,9.5,11.1,25,255,HIgh
NISSAN,ROGUE,SUV - SMALL,2.5,4,AV,X,9.2,7.2,8.3,34,191,Normal
NISSAN,ROGUE AWD,SUV - SMALL,2.5,4,AV,X,9.5,7.4,8.6,33,198,Normal
NISSAN,SENTRA,MID-SIZE,1.8,4,AV,X,7.8,6.0,7.0,40,161,Normal
NISSAN,SENTRA,MID-SIZE,1.8,4,M6,X,8.7,6.6,7.8,36,179,Normal
NISSAN,TITAN,PICKUP TRUCK - STANDARD,5.6,8,A5,X,17.9,12.8,15.6,18,359,HIgh
NISSAN,TITAN 4WD,PICKUP TRUCK - STANDARD,5.6,8,A5,X,19.7,14.3,17.3,16,398,HIgh
NISSAN,VERSA,COMPACT,1.6,4,AV,X,7.2,5.8,6.6,43,152,Normal
NISSAN,VERSA,COMPACT,1.6,4,M5,X,8.6,6.5,7.7,37,177,Normal
NISSAN,XTERRA 4WD,SUV - SMALL,4.0,6,A5,X,16.1,11.9,14.2,20,327,HIgh
NISSAN,XTERRA 4WD,SUV - SMALL,4.0,6,M6,X,15.2,11.9,13.7,21,315,HIgh
PORSCHE,911 CARRERA,MINICOMPACT,3.4,6,AM7,Z,11.6,8.3,10.1,28,232,Normal
PORSCHE,911 CARRERA,MINICOMPACT,3.4,6,M7,Z,12.5,8.6,10.7,26,246,Normal
PORSCHE,911 CARRERA 4,MINICOMPACT,3.4,6,AM7,Z,11.8,8.5,10.3,27,237,Normal
PORSCHE,911 CARRERA 4,MINICOMPACT,3.4,6,M7,Z,12.4,8.6,10.7,26,246,Normal
PORSCHE,911 CARRERA 4 CABRIOLET,MINICOMPACT,3.4,6,AM7,Z,12.0,8.7,10.5,27,242,Normal
PORSCHE,911 CARRERA 4 CABRIOLET,MINICOMPACT,3.4,6,M7,Z,12.6,9.0,11.0,26,253,HIgh
PORSCHE,911 CARRERA 4S,MINICOMPACT,3.8,6,AM7,Z,12.3,8.9,10.8,26,248,Normal
PORSCHE,911 CARRERA 4S,MINICOMPACT,3.8,6,M7,Z,12.8,8.9,11.0,26,253,HIgh
PORSCHE,911 CARRERA 4S CABRIOLET,MINICOMPACT,3.8,6,AM7,Z,12.7,9.0,11.0,26,253,HIgh
PORSCHE,911 CARRERA 4S CABRIOLET,MINICOMPACT,3.8,6,M7,Z,12.9,9.1,11.2,25,258,HIgh
PORSCHE,911 CARRERA CABRIOLET,MINICOMPACT,3.4,6,AM7,Z,11.6,8.3,10.1,28,232,Normal
PORSCHE,911 CARRERA CABRIOLET,MINICOMPACT,3.4,6,M7,Z,12.4,8.6,10.7,26,246,Normal
PORSCHE,911 CARRERA S,MINICOMPACT,3.8,6,AM7,Z,12.1,8.7,10.6,27,244,Normal
PORSCHE,911 CARRERA S,MINICOMPACT,3.8,6,M7,Z,12.6,8.6,10.8,26,248,Normal
PORSCHE,911 CARRERA S CABRIOLET,MINICOMPACT,3.8,6,AM7,Z,12.4,8.7,10.7,26,246,Normal
PORSCHE,911 CARRERA S CABRIOLET,MINICOMPACT,3.8,6,M7,Z,12.6,8.8,10.9,26,251,HIgh
PORSCHE,911 GT3,TWO-SEATER,3.8,6,AM7,Z,16.0,11.5,14.0,20,322,HIgh
PORSCHE,911 TURBO,MINICOMPACT,3.8,6,AM7,Z,13.7,9.6,11.9,24,274,HIgh
PORSCHE,911 TURBO CABRIOLET,MINICOMPACT,3.8,6,AM7,Z,13.7,9.6,11.9,24,274,HIgh
PORSCHE,911 TURBO S,MINICOMPACT,3.8,6,AM7,Z,13.7,9.6,11.9,24,274,HIgh
PORSCHE,911 TURBO S CABRIOLET,MINICOMPACT,3.8,6,AM7,Z,13.7,9.6,11.9,24,274,HIgh
PORSCHE,BOXSTER,TWO-SEATER,2.7,6,AM7,Z,10.7,7.4,9.2,31,212,Normal
PORSCHE,BOXSTER,TWO-SEATER,2.7,6,M6,Z,11.5,7.9,9.9,29,228,Normal
PORSCHE,BOXSTER S,TWO-SEATER,3.4,6,AM7,Z,11.3,7.9,9.8,29,225,Normal
PORSCHE,BOXSTER S,TWO-SEATER,3.4,6,M6,Z,11.9,8.6,10.4,27,239,Normal
PORSCHE,CAYENNE,SUV - STANDARD,3.6,6,A8,Z,14.1,10.2,12.4,23,290,HIgh
PORSCHE,CAYENNE,SUV - STANDARD,3.6,6,M6,Z,15.8,10.9,13.6,21,313,HIgh
PORSCHE,CAYENNE DIESEL (modified),SUV - STANDARD,3.0,6,A8,D,11.8,8.1,10.2,28,277,HIgh
PORSCHE,CAYENNE GTS,SUV - STANDARD,4.8,8,A8,Z,16.7,11.5,14.4,20,338,HIgh
PORSCHE,CAYENNE S,SUV - STANDARD,4.8,8,A8,Z,15.5,10.7,13.2,21,310,HIgh
PORSCHE,CAYENNE S HYBRID,SUV - STANDARD,3.0,6,A8,Z,11.8,9.9,10.9,26,251,HIgh
PORSCHE,CAYENNE TURBO,SUV - STANDARD,4.8,8,A8,Z,16.3,11.0,13.9,20,326,HIgh
PORSCHE,CAYENNE TURBO S,SUV - STANDARD,4.8,8,A8,Z,18.0,11.9,15.2,19,358,HIgh
PORSCHE,CAYMAN,TWO-SEATER,2.7,6,AM7,Z,10.7,7.4,9.2,31,212,Normal
PORSCHE,CAYMAN,TWO-SEATER,2.7,6,M6,Z,11.5,7.9,9.9,29,228,Normal
PORSCHE,CAYMAN S,TWO-SEATER,3.4,6,AM7,Z,11.3,7.9,9.8,29,225,Normal
PORSCHE,CAYMAN S,TWO-SEATER,3.4,6,M6,Z,11.9,8.6,10.4,27,239,Normal
PORSCHE,PANAMERA,FULL-SIZE,3.6,6,AM7,Z,12.9,8.4,10.9,26,251,HIgh
PORSCHE,PANAMERA 4,FULL-SIZE,3.6,6,AM7,Z,13.1,8.7,11.1,25,255,HIgh
PORSCHE,PANAMERA 4S,FULL-SIZE,3.0,6,AM7,Z,13.4,8.8,11.3,25,260,HIgh
PORSCHE,PANAMERA 4S EXECUTIVE,FULL-SIZE,3.0,6,AM7,Z,13.7,8.9,11.5,25,264,HIgh
PORSCHE,PANAMERA GTS,FULL-SIZE,4.8,8,AM7,Z,15.1,9.7,12.7,22,292,HIgh
PORSCHE,PANAMERA S,FULL-SIZE,3.0,6,AM7,Z,13.4,8.8,11.3,25,260,HIgh
PORSCHE,PANAMERA TURBO,FULL-SIZE,4.8,8,AM7,Z,15.3,9.7,12.8,22,294,HIgh
PORSCHE,PANAMERA TURBO EXECUTIVE,FULL-SIZE,4.8,8,AM7,Z,15.4,9.8,12.9,22,297,HIgh
RAM,1500 (MDS),PICKUP TRUCK - STANDARD,5.7,8,A6,X,17.1,12.0,14.8,19,340,HIgh
RAM,1500 (MDS),PICKUP TRUCK - STANDARD,5.7,8,A8,X,15.8,10.9,13.6,21,313,HIgh
RAM,1500 4X4 (MDS),PICKUP TRUCK - STANDARD,5.7,8,A6,X,17.6,12.7,15.4,18,354,HIgh
RAM,1500 4X4 (MDS),PICKUP TRUCK - STANDARD,5.7,8,A8,X,16.3,11.5,14.1,20,324,HIgh
RAM,1500 4X4 DIESEL,PICKUP TRUCK - STANDARD,3.0,6,A8,D,12.1,8.8,10.6,27,286,HIgh
RAM,1500 4X4 FFV,PICKUP TRUCK - STANDARD,3.6,6,A8,X,14.6,10.1,12.6,22,290,HIgh
RAM,1500 4X4 FFV,PICKUP TRUCK - STANDARD,3.6,6,A8,E,20.5,14.5,17.8,16,285,HIgh
RAM,1500 DIESEL,PICKUP TRUCK - STANDARD,3.0,6,A8,D,11.6,8.4,10.2,28,275,HIgh
RAM,1500 FFV,PICKUP TRUCK - STANDARD,3.6,6,A8,X,13.9,9.5,11.9,24,274,HIgh
RAM,1500 FFV,PICKUP TRUCK - STANDARD,3.6,6,A8,E,19.4,13.6,16.8,17,269,HIgh
RAM,1500 HFE,PICKUP TRUCK - STANDARD,3.6,6,A8,X,12.9,9.3,11.3,25,260,HIgh
RAM,CARGO VAN FFV,MINIVAN,3.6,6,A6,X,13.3,9.1,11.4,25,262,HIgh
RAM,CARGO VAN FFV,MINIVAN,3.6,6,A6,E,18.6,12.7,15.9,18,254,HIgh
ROLLS-ROYCE,GHOST,FULL-SIZE,6.6,12,A8,Z,19.1,12.3,16.0,18,368,HIgh
ROLLS-ROYCE,GHOST EWB,FULL-SIZE,6.6,12,A8,Z,19.1,12.3,16.0,18,368,HIgh
ROLLS-ROYCE,PHANTOM,FULL-SIZE,6.7,12,A8,Z,20.7,12.8,17.1,17,393,HIgh
ROLLS-ROYCE,PHANTOM COUPE,COMPACT,6.7,12,A8,Z,20.7,12.8,17.1,17,393,HIgh
ROLLS-ROYCE,PHANTOM DROPHEAD COUPE,COMPACT,6.7,12,A8,Z,20.7,12.7,17.1,17,393,HIgh
ROLLS-ROYCE,PHANTOM EWB,FULL-SIZE,6.7,12,A8,Z,20.7,12.7,17.1,17,393,HIgh
ROLLS-ROYCE,WRAITH,MID-SIZE,6.6,12,A8,Z,18.7,11.8,15.6,18,359,HIgh
SCION,FR-S,MINICOMPACT,2.0,4,AS6,Z,9.6,7.0,8.4,34,193,Normal
SCION,FR-S,MINICOMPACT,2.0,4,M6,Z,10.9,7.8,9.5,30,218,Normal
SCION,iQ,MINICOMPACT,1.3,4,AV,X,6.6,5.7,6.2,46,143,Normal
SCION,tC,COMPACT,2.5,4,AS6,X,10.2,7.5,9.0,31,207,Normal
SCION,tC,COMPACT,2.5,4,M6,X,10.2,7.6,9.0,31,207,Normal
SCION,xB,STATION WAGON - SMALL,2.4,4,AS4,X,10.9,8.6,9.9,29,228,Normal
SCION,xB,STATION WAGON - SMALL,2.4,4,M5,X,10.9,8.6,9.9,29,228,Normal
SCION,xD,SUBCOMPACT,1.8,4,A4,X,8.8,7.1,8.0,35,184,Normal
SCION,xD,SUBCOMPACT,1.8,4,M5,X,8.6,7.1,7.9,36,182,Normal
SMART,FORTWO CABRIOLET,TWO-SEATER,1.0,3,AM5,Z,6.9,5.7,6.4,44,147,Normal
SMART,FORTWO COUPE,TWO-SEATER,1.0,3,AM5,Z,6.9,5.7,6.4,44,147,Normal
SRT,VIPER COUPE,TWO-SEATER,8.4,10,M6,Z,20.0,13.0,16.9,17,389,HIgh
SRT,VIPER GTS COUPE,TWO-SEATER,8.4,10,M6,Z,20.0,13.0,16.9,17,389,HIgh
SUBARU,BRZ,MINICOMPACT,2.0,4,AS6,Z,9.6,7.1,8.5,33,196,Normal
SUBARU,BRZ,MINICOMPACT,2.0,4,M6,Z,11.0,7.9,9.6,29,221,Normal
SUBARU,FORESTER AWD,SUV - SMALL,2.0,4,AV,Z,10.2,8.6,9.5,30,218,Normal
SUBARU,FORESTER AWD,SUV - SMALL,2.5,4,AV,X,9.6,7.4,8.6,33,198,Normal
SUBARU,FORESTER AWD,SUV - SMALL,2.5,4,M6,X,10.9,8.3,9.7,29,223,Normal
SUBARU,IMPREZA AWD,COMPACT,2.0,4,AV,X,8.7,6.6,7.8,36,179,Normal
SUBARU,IMPREZA AWD,COMPACT,2.0,4,M5,X,9.6,7.1,8.5,33,196,Normal
SUBARU,IMPREZA AWD,COMPACT,2.5,4,M5,Z,12.6,9.5,11.2,25,258,HIgh
SUBARU,IMPREZA AWD,COMPACT,2.5,4,M6,Z,14.2,10.4,12.5,23,288,HIgh
SUBARU,IMPREZA WAGON AWD,STATION WAGON - SMALL,2.0,4,AV,X,8.7,6.6,7.8,36,179,Normal
SUBARU,IMPREZA WAGON AWD,STATION WAGON - SMALL,2.0,4,M5,X,9.6,7.1,8.5,33,196,Normal
SUBARU,IMPREZA WAGON AWD,STATION WAGON - SMALL,2.5,4,M5,Z,12.6,9.5,11.2,25,258,HIgh
SUBARU,IMPREZA WAGON AWD,STATION WAGON - SMALL,2.5,4,M6,Z,14.2,10.4,12.5,23,288,HIgh
SUBARU,LEGACY AWD,MID-SIZE,2.5,4,AV,X,9.7,7.3,8.6,33,198,Normal
SUBARU,LEGACY AWD,MID-SIZE,2.5,4,M6,X,11.3,8.2,9.9,29,228,Normal
SUBARU,LEGACY AWD,MID-SIZE,3.6,6,AS5,X,13.3,9.5,11.6,24,267,HIgh
SUBARU,OUTBACK AWD,SUV - SMALL,2.5,4,AV,X,9.9,7.8,9.0,31,207,Normal
SUBARU,OUTBACK AWD,SUV - SMALL,2.5,4,M6,X,10.8,8.5,9.8,29,225,Normal
SUBARU,OUTBACK AWD,SUV - SMALL,3.6,6,AS5,X,13.4,9.7,11.7,24,269,HIgh
SUBARU,TRIBECA AWD,SUV - SMALL,3.6,6,AS5,X,14.7,11.1,13.1,22,301,HIgh
SUBARU,XV CROSSTREK AWD,SUV - SMALL,2.0,4,AV,X,9.5,7.2,8.5,33,196,Normal
SUBARU,XV CROSSTREK AWD,SUV - SMALL,2.0,4,M5,X,10.2,8.0,9.2,31,212,Normal
SUBARU,XV CROSSTREK HYBRID AWD,SUV - SMALL,2.0,4,AV,X,8.1,7.2,7.7,37,177,Normal
TOYOTA,4RUNNER (Part-Time 4WD),SUV - STANDARD,4.0,6,AS5,X,14.3,11.1,12.9,22,297,HIgh
TOYOTA,4RUNNER 4WD,SUV - STANDARD,4.0,6,AS5,X,14.3,11.1,12.9,22,297,HIgh
TOYOTA,AVALON,MID-SIZE,3.5,6,AS6,X,11.3,7.6,9.6,29,221,Normal
TOYOTA,CAMRY,MID-SIZE,2.5,4,AS6,X,9.5,6.6,8.2,34,189,Normal
TOYOTA,CAMRY,MID-SIZE,3.5,6,AS6,X,11.1,7.8,9.6,29,221,Normal
TOYOTA,CAMRY HYBRID LE,MID-SIZE,2.5,4,AV,X,5.5,5.9,5.7,50,131,Normal
TOYOTA,CAMRY HYBRID XLE/SE,MID-SIZE,2.5,4,AV,X,5.8,6.2,6.0,47,138,Normal
TOYOTA,COROLLA,MID-SIZE,1.8,4,A4,X,8.6,6.5,7.7,37,177,Normal
TOYOTA,COROLLA,MID-SIZE,1.8,4,AV7,X,8.1,6.3,7.3,39,168,Normal
TOYOTA,COROLLA,MID-SIZE,1.8,4,AV,X,8.0,5.9,7.1,40,163,Normal
TOYOTA,COROLLA,MID-SIZE,1.8,4,M6,X,8.3,6.3,7.4,38,170,Normal
TOYOTA,COROLLA LE ECO (1-mode),MID-SIZE,1.8,4,AV,X,7.7,5.6,6.8,42,156,Normal
TOYOTA,COROLLA LE ECO (2-mode),MID-SIZE,1.8,4,AV,X,7.8,5.9,6.9,41,159,Normal
TOYOTA,COROLLA MATRIX,STATION WAGON - SMALL,1.8,4,A4,X,9.4,7.5,8.5,33,196,Normal
TOYOTA,COROLLA MATRIX,STATION WAGON - SMALL,1.8,4,M5,X,8.9,7.3,8.2,34,189,Normal
TOYOTA,FJ CRUISER 4WD,SUV - SMALL,4.0,6,A5,X,14.3,11.2,12.9,22,297,HIgh
TOYOTA,FJ CRUISER 4WD,SUV - SMALL,4.0,6,M6,X,15.4,12.1,13.9,20,320,HIgh
TOYOTA,HIGHLANDER,SUV - SMALL,2.7,4,AS6,X,11.7,8.6,10.3,27,237,Normal
TOYOTA,HIGHLANDER,SUV - SMALL,3.5,6,AS6,X,12.6,9.4,11.2,25,258,HIgh
TOYOTA,HIGHLANDER AWD,SUV - STANDARD,3.5,6,AS6,X,13.0,9.7,11.5,25,264,HIgh
TOYOTA,HIGHLANDER HYBRID AWD,SUV - STANDARD,3.5,6,AV6,X,8.0,8.6,8.3,34,191,Normal
TOYOTA,HIGHLANDER HYBRID AWD LE,SUV - STANDARD,3.5,6,AV6,X,7.9,8.6,8.2,34,189,Normal
TOYOTA,PRIUS,MID-SIZE,1.8,4,AV,X,4.7,4.9,4.8,59,110,Normal
TOYOTA,PRIUS c,COMPACT,1.5,4,AV,X,4.6,4.9,4.7,60,108,Normal
TOYOTA,PRIUS v,STATION WAGON - MID-SIZE,1.8,4,AV,X,5.3,5.8,5.5,51,126,Normal
TOYOTA,RAV4,SUV - SMALL,2.5,4,AS6,X,10.0,7.6,8.9,32,205,Normal
TOYOTA,RAV4 AWD,SUV - SMALL,2.5,4,AS6,X,10.4,8.1,9.4,30,216,Normal
TOYOTA,RAV4 LIMITED AWD,SUV - SMALL,2.5,4,AS6,X,10.6,8.2,9.5,30,218,Normal
TOYOTA,SEQUOIA 4WD,SUV - STANDARD,5.7,8,AS6,X,19.0,13.9,16.7,17,384,HIgh
TOYOTA,SIENNA,MINIVAN,3.5,6,AS6,X,12.9,9.4,11.3,25,260,HIgh
TOYOTA,SIENNA AWD,MINIVAN,3.5,6,AS6,X,14.2,10.3,12.4,23,285,HIgh
TOYOTA,TACOMA,PICKUP TRUCK - SMALL,2.7,4,A4,X,12.2,9.3,10.9,26,251,HIgh
TOYOTA,TACOMA,PICKUP TRUCK - SMALL,2.7,4,M5,X,11.3,8.9,10.2,28,235,Normal
TOYOTA,TACOMA,PICKUP TRUCK - SMALL,4.0,6,M6,X,14.5,11.3,13.1,22,301,HIgh
TOYOTA,TACOMA 4WD,PICKUP TRUCK - SMALL,2.7,4,A4,X,13.1,10.5,11.9,24,274,HIgh
TOYOTA,TACOMA 4WD,PICKUP TRUCK - SMALL,2.7,4,M5,X,12.8,10.6,11.8,24,271,HIgh
TOYOTA,TACOMA 4WD,PICKUP TRUCK - SMALL,4.0,6,A5,X,14.7,11.5,13.3,21,306,HIgh
TOYOTA,TACOMA 4WD,PICKUP TRUCK - SMALL,4.0,6,M6,X,15.3,12.3,14.0,20,322,HIgh
TOYOTA,TUNDRA,PICKUP TRUCK - STANDARD,4.0,6,AS5,X,14.8,11.8,13.5,21,310,HIgh
TOYOTA,TUNDRA,PICKUP TRUCK - STANDARD,4.6,8,AS6,X,15.9,12.3,14.3,20,329,HIgh
TOYOTA,TUNDRA,PICKUP TRUCK - STANDARD,5.7,8,AS6,X,17.6,12.9,15.5,18,356,HIgh
TOYOTA,TUNDRA 4WD,PICKUP TRUCK - STANDARD,4.6,8,AS6,X,16.9,12.8,15.1,19,347,HIgh
TOYOTA,TUNDRA 4WD,PICKUP TRUCK - STANDARD,5.7,8,AS6,X,18.1,13.9,16.2,17,373,HIgh
TOYOTA,VENZA,SUV - SMALL,2.7,4,AS6,X,11.4,8.2,10.0,28,230,Normal
TOYOTA,VENZA,SUV - SMALL,3.5,6,AS6,X,12.6,9.1,11.0,26,253,HIgh
TOYOTA,VENZA 4WD,SUV - SMALL,2.7,4,AS6,X,11.6,8.5,10.2,28,235,Normal
TOYOTA,VENZA 4WD,SUV - SMALL,3.5,6,AS6,X,12.9,9.4,11.3,25,260,HIgh
TOYOTA,YARIS,COMPACT,1.5,4,A4,X,7.9,6.6,7.3,39,168,Normal
TOYOTA,YARIS,COMPACT,1.5,4,M5,X,7.8,6.3,7.1,40,163,Normal
VOLKSWAGEN,BEETLE,COMPACT,1.8,4,A6,X,9.5,7.2,8.5,33,196,Normal
VOLKSWAGEN,BEETLE,COMPACT,1.8,4,M5,X,9.9,7.2,8.7,32,200,Normal
VOLKSWAGEN,BEETLE,COMPACT,2.0,4,A6,Z,10.3,7.7,9.1,31,209,Normal
VOLKSWAGEN,BEETLE,COMPACT,2.0,4,M6,Z,10.8,7.6,9.4,30,216,Normal
VOLKSWAGEN,BEETLE,COMPACT,2.5,5,A6,X,10.9,8.4,9.8,29,225,Normal
VOLKSWAGEN,BEETLE,COMPACT,2.5,5,M5,X,11.2,7.7,9.6,29,221,Normal
VOLKSWAGEN,BEETLE TDI (modified),COMPACT,2.0,4,A6,D,8.4,5.9,7.4,38,200,Normal
VOLKSWAGEN,BEETLE TDI (modified),COMPACT,2.0,4,M6,D,8.8,6.1,7.7,37,208,Normal
VOLKSWAGEN,BEETLE CONVERTIBLE,SUBCOMPACT,1.8,4,A6,X,9.8,7.3,8.7,32,200,Normal
VOLKSWAGEN,BEETLE CONVERTIBLE,SUBCOMPACT,2.0,4,A6,Z,10.3,8.1,9.3,30,214,Normal
VOLKSWAGEN,BEETLE CONVERTIBLE,SUBCOMPACT,2.0,4,M6,Z,10.8,7.6,9.4,30,216,Normal
VOLKSWAGEN,BEETLE CONVERTIBLE,SUBCOMPACT,2.5,5,A6,X,11.2,8.7,10.1,28,232,Normal
VOLKSWAGEN,CC,COMPACT,2.0,4,A6,Z,11.1,7.9,9.7,29,223,Normal
VOLKSWAGEN,CC,COMPACT,2.0,4,M6,Z,11.6,7.7,9.8,29,225,Normal
VOLKSWAGEN,CC 4MOTION,COMPACT,3.6,6,A6,Z,14.3,9.8,12.3,23,283,HIgh
VOLKSWAGEN,EOS,SUBCOMPACT,2.0,4,A6,Z,10.9,8.0,9.6,29,221,Normal
VOLKSWAGEN,GOLF WAGON,STATION WAGON - SMALL,2.5,5,A6,X,11.0,7.7,9.5,30,218,Normal
VOLKSWAGEN,GOLF WAGON,STATION WAGON - SMALL,2.5,5,M5,X,11.2,7.3,9.4,30,216,Normal
VOLKSWAGEN,GOLF WAGON TDI (modified),STATION WAGON - SMALL,2.0,4,A6,D,8.1,6.4,7.4,38,198,Normal
VOLKSWAGEN,GOLF WAGON TDI (modified),STATION WAGON - SMALL,2.0,4,M6,D,8.3,6.0,7.3,39,196,Normal
VOLKSWAGEN,JETTA,COMPACT,1.8,4,A6,X,9.5,6.7,8.2,34,189,Normal
VOLKSWAGEN,JETTA,COMPACT,1.8,4,M5,X,9.4,6.7,8.2,34,189,Normal
VOLKSWAGEN,JETTA,COMPACT,2.0,4,A6,X,10.6,8.0,9.4,30,216,Normal
VOLKSWAGEN,JETTA,COMPACT,2.0,4,M5,X,10.4,7.2,9.0,31,207,Normal
VOLKSWAGEN,JETTA TDI (modified),COMPACT,2.0,4,A6,D,8.1,6.4,7.4,38,198,Normal
VOLKSWAGEN,JETTA TDI (modified),COMPACT,2.0,4,M6,D,8.3,6.0,7.3,39,196,Normal
VOLKSWAGEN,JETTA GLI,COMPACT,2.0,4,A6,Z,10.2,7.5,9.0,31,207,Normal
VOLKSWAGEN,JETTA GLI,COMPACT,2.0,4,M6,Z,10.6,7.4,9.2,31,212,Normal
VOLKSWAGEN,JETTA TURBO HYBRID,COMPACT,1.4,4,AM7,Z,5.6,5.2,5.4,52,124,Normal
VOLKSWAGEN,PASSAT,MID-SIZE,1.8,4,A6,X,9.9,6.9,8.6,33,198,Normal
VOLKSWAGEN,PASSAT,MID-SIZE,1.8,4,M5,X,10.0,6.9,8.6,33,198,Normal
VOLKSWAGEN,PASSAT,MID-SIZE,2.5,5,A6,X,11.0,8.0,9.7,29,223,Normal
VOLKSWAGEN,PASSAT,MID-SIZE,2.5,5,M5,X,11.4,7.8,9.8,29,225,Normal
VOLKSWAGEN,PASSAT,MID-SIZE,3.6,6,A6,Z,12.4,8.8,10.8,26,248,Normal
VOLKSWAGEN,PASSAT TDI (modified),MID-SIZE,2.0,4,A6,D,7.8,5.9,6.9,41,180,Normal
VOLKSWAGEN,ROUTAN,MINIVAN,3.6,6,A6,X,14.2,9.5,12.1,23,278,HIgh
VOLKSWAGEN,TIGUAN,SUV - SMALL,2.0,4,A6,Z,11.7,9.5,10.7,26,246,Normal
VOLKSWAGEN,TIGUAN,SUV - SMALL,2.0,4,M6,Z,13.6,9.2,11.6,24,267,HIgh
VOLKSWAGEN,TIGUAN 4MOTION,SUV - SMALL,2.0,4,A6,Z,11.7,9.4,10.7,26,246,Normal
VOLKSWAGEN,TOUAREG,SUV - STANDARD,3.6,6,AS8,Z,14.4,10.4,12.6,22,296,HIgh
VOLKSWAGEN,TOUAREG TDI (modified),SUV - STANDARD,3.0,6,AS8,D,11.8,8.1,10.2,28,277,HIgh
VOLVO,S60,COMPACT,2.5,5,AS6,X,11.3,7.8,9.7,29,223,Normal
VOLVO,S60 AWD,COMPACT,2.5,5,AS6,X,11.6,8.3,10.1,28,232,Normal
VOLVO,S60 AWD,COMPACT,3.0,6,AS6,X,13.2,9.5,11.5,25,264,HIgh
VOLVO,S80,MID-SIZE,3.2,6,AS6,X,11.9,8.1,10.2,28,235,Normal
VOLVO,S80 AWD,MID-SIZE,3.0,6,AS6,X,13.2,9.5,11.5,25,264,HIgh
VOLVO,XC60,SUV - SMALL,3.2,6,AS6,X,13.0,8.9,11.2,25,258,HIgh
VOLVO,XC60 AWD,SUV - SMALL,3.0,6,AS6,X,13.4,9.8,11.8,24,271,HIgh
VOLVO,XC60 AWD,SUV - SMALL,3.2,6,AS6,X,13.2,9.5,11.5,25,264,HIgh
VOLVO,XC70 AWD,SUV - SMALL,3.0,6,AS6,X,13.4,9.8,11.8,24,271,HIgh
VOLVO,XC70 AWD,SUV - SMALL,3.2,6,AS6,X,12.9,9.3,11.3,25,260,HIgh
VOLVO,XC90 AWD,SUV - STANDARD,3.2,6,AS6,X,14.9,10.2,12.8,22,294,HIgh
ACURA,ILX,COMPACT,2.0,4,AS5,Z,9.7,6.7,8.3,34,191,Normal
ACURA,ILX,COMPACT,2.4,4,M6,Z,10.8,7.4,9.3,30,214,Normal
ACURA,ILX HYBRID,COMPACT,1.5,4,AV7,Z,6.0,6.1,6.1,46,140,Normal
ACURA,MDX SH-AWD,SUV - SMALL,3.5,6,AS6,Z,12.7,9.1,11.1,25,255,HIgh
ACURA,RDX AWD,SUV - SMALL,3.5,6,AS6,Z,12.1,8.7,10.6,27,244,Normal
ACURA,RLX,MID-SIZE,3.5,6,AS6,Z,11.9,7.7,10.0,28,230,Normal
ACURA,RLX HYBRID,MID-SIZE,3.5,6,AM7,Z,8.0,7.5,7.7,37,177,Normal
ACURA,TLX,COMPACT,2.4,4,AM8,Z,9.6,6.6,8.3,34,191,Normal
ACURA,TLX,COMPACT,3.5,6,AS9,Z,11.2,6.9,9.2,31,212,Normal
ACURA,TLX SH-AWD,COMPACT,3.5,6,AS9,Z,11.2,7.5,9.6,29,221,Normal
ALFA ROMEO,4C,TWO-SEATER,1.8,4,AM6,Z,9.7,6.9,8.4,34,193,Normal
ASTON MARTIN,DB9,MINICOMPACT,5.9,12,A6,Z,18.0,12.6,15.6,18,359,HIgh
ASTON MARTIN,RAPIDE S,SUBCOMPACT,6.0,12,A8,Z,16.8,10.9,14.2,20,327,HIgh
ASTON MARTIN,V8 VANTAGE,TWO-SEATER,4.7,8,AM7,Z,17.4,11.3,14.7,19,338,HIgh
ASTON MARTIN,V8 VANTAGE,TWO-SEATER,4.7,8,M6,Z,18.1,12.3,15.5,18,356,HIgh
ASTON MARTIN,V8 VANTAGE S,TWO-SEATER,4.7,8,AM7,Z,17.4,11.3,14.7,19,338,HIgh
ASTON MARTIN,V8 VANTAGE S,TWO-SEATER,4.7,8,M6,Z,18.1,12.3,15.5,18,356,HIgh
ASTON MARTIN,V12 VANTAGE S,TWO-SEATER,6.0,12,AM7,Z,19.5,12.8,16.5,17,379,HIgh
ASTON MARTIN,VANTAGE GT,TWO-SEATER,4.7,8,AM7,Z,17.4,11.3,14.7,19,338,HIgh
ASTON MARTIN,VANTAGE GT,TWO-SEATER,4.7,8,M6,Z,18.1,12.3,15.5,18,356,HIgh
ASTON MARTIN,VANQUISH,MINICOMPACT,6.0,12,A8,Z,17.6,11.4,14.8,19,340,HIgh
AUDI,A3,SUBCOMPACT,1.8,4,AM6,Z,10.0,7.1,8.7,32,200,Normal
AUDI,A3 TDI (modified),SUBCOMPACT,2.0,4,AM6,D,7.6,5.5,6.5,43,177,Normal
AUDI,A3 QUATTRO,SUBCOMPACT,2.0,4,AM6,Z,9.8,7.2,8.6,33,198,Normal
AUDI,A3 CABRIOLET QUATTRO,SUBCOMPACT,2.0,4,AM6,Z,10.1,7.5,8.9,32,205,Normal
AUDI,A4,COMPACT,2.0,4,AV8,Z,9.9,7.6,8.9,32,205,Normal
AUDI,A4 QUATTRO,COMPACT,2.0,4,AS8,Z,11.0,7.8,9.6,29,221,Normal
AUDI,A4 QUATTRO,COMPACT,2.0,4,M6,Z,10.6,7.3,9.1,31,209,Normal
AUDI,A4 ALLROAD QUATTRO,STATION WAGON - SMALL,2.0,4,AS8,Z,11.2,8.4,9.9,28,228,Normal
AUDI,A5 QUATTRO,SUBCOMPACT,2.0,4,AS8,Z,11.0,7.8,9.6,29,221,Normal
AUDI,A5 QUATTRO,SUBCOMPACT,2.0,4,M6,Z,10.6,7.3,9.1,31,209,Normal
AUDI,A5 CABRIOLET QUATTRO,SUBCOMPACT,2.0,4,AS8,Z,11.3,8.0,9.8,29,225,Normal
AUDI,A6 QUATTRO,MID-SIZE,2.0,4,AS8,Z,12.0,8.1,10.3,27,237,Normal
AUDI,A6 QUATTRO,MID-SIZE,3.0,6,AS8,Z,12.8,8.6,10.9,26,251,HIgh
AUDI,A6 QUATTRO TDI (modified),MID-SIZE,3.0,6,AS8,D,9.8,6.2,8.1,35,217,Normal
AUDI,A7 QUATTRO,MID-SIZE,3.0,6,AS8,Z,13.1,8.5,11.0,26,253,HIgh
AUDI,A7 QUATTRO TDI (modified),MID-SIZE,3.0,6,AS8,D,9.8,6.2,8.1,35,217,Normal
AUDI,A8,MID-SIZE,3.0,6,AS8,Z,12.6,8.0,10.5,27,242,Normal
AUDI,A8,MID-SIZE,4.0,8,AS8,Z,12.9,8.0,10.7,26,246,Normal
AUDI,A8 TDI (modified),MID-SIZE,3.0,6,AS8,D,9.8,6.5,8.4,34,224,Normal
AUDI,A8L,FULL-SIZE,3.0,6,AS8,Z,12.6,8.0,10.5,27,242,Normal
AUDI,A8L,FULL-SIZE,4.0,8,AS8,Z,13.2,8.3,11.0,26,258,HIgh
AUDI,A8L,FULL-SIZE,6.3,12,AS8,Z,17.8,10.8,14.6,19,344,HIgh
AUDI,A8L TDI (modified),FULL-SIZE,3.0,6,AS8,D,9.8,6.5,8.4,34,224,Normal
AUDI,Q3,COMPACT,2.0,4,AS6,Z,12.0,8.2,10.3,27,237,Normal
AUDI,Q3 QUATTRO,COMPACT,2.0,4,AS6,Z,11.9,8.4,10.3,27,237,Normal
AUDI,Q5,SUV - SMALL,2.0,4,AS8,Z,12.0,8.5,10.4,27,239,Normal
AUDI,Q5,SUV - SMALL,3.0,6,AS8,Z,13.2,9.2,11.4,25,262,HIgh
AUDI,Q5 TDI (modified),SUV - SMALL,3.0,6,AS8,D,10.2,7.8,9.0,31,244,Normal
AUDI,Q5 HYBRID,SUV - SMALL,2.0,4,AS8,Z,9.8,7.9,8.9,32,205,Normal
AUDI,Q7,SUV - STANDARD,3.0,6,AS8,Z,15.2,11.0,13.3,21,306,HIgh
AUDI,Q7 TDI (modified),SUV - STANDARD,3.0,6,AS8,D,12.4,8.7,10.7,26,290,HIgh
AUDI,R8,TWO-SEATER,4.2,8,AM7,Z,17.3,10.4,14.2,20,327,HIgh
AUDI,R8,TWO-SEATER,4.2,8,M6,Z,20.5,11.7,16.6,17,382,HIgh
AUDI,R8,TWO-SEATER,5.2,10,AM7,Z,18.2,10.6,14.8,19,347,HIgh
AUDI,R8,TWO-SEATER,5.2,10,M6,Z,19.9,12.0,16.4,17,377,HIgh
AUDI,R8 SPYDER,TWO-SEATER,4.2,8,AM7,Z,17.3,10.4,14.2,20,327,HIgh
AUDI,R8 SPYDER,TWO-SEATER,4.2,8,M6,Z,20.5,11.7,16.6,17,382,HIgh
AUDI,R8 SPYDER,TWO-SEATER,5.2,10,AM7,Z,18.2,10.6,14.8,19,347,HIgh
AUDI,R8 SPYDER,TWO-SEATER,5.2,10,M6,Z,19.9,12.0,16.4,17,377,HIgh
AUDI,RS 5,SUBCOMPACT,4.2,8,AM7,Z,14.9,10.1,12.8,22,294,HIgh
AUDI,RS 5 CABRIOLET,SUBCOMPACT,4.2,8,AM7,Z,14.8,10.6,12.9,22,297,HIgh
AUDI,RS 7,MID-SIZE,4.0,8,AS8,Z,16.6,9.4,13.3,21,313,HIgh
AUDI,S3,SUBCOMPACT,2.0,4,AM6,Z,10.1,7.7,9.0,31,207,Normal
AUDI,S4,COMPACT,3.0,6,AM7,Z,13.0,8.5,11.0,26,253,HIgh
AUDI,S4,COMPACT,3.0,6,M6,Z,13.8,9.0,11.7,24,269,HIgh
AUDI,S5,SUBCOMPACT,3.0,6,AM7,Z,13.0,8.5,11.0,26,253,HIgh
AUDI,S5,SUBCOMPACT,3.0,6,M6,Z,13.8,9.0,11.7,24,269,HIgh
AUDI,S5 CABRIOLET,SUBCOMPACT,3.0,6,AM7,Z,13.3,9.1,11.4,25,262,HIgh
AUDI,S6,MID-SIZE,4.0,8,AM7,Z,14.0,8.7,11.7,24,269,HIgh
AUDI,S7,MID-SIZE,4.0,8,AM7,Z,14.0,8.7,11.7,24,269,HIgh
AUDI,S8,MID-SIZE,4.0,8,AS8,Z,14.6,8.8,11.9,24,281,HIgh
AUDI,SQ5,SUV - SMALL,3.0,6,AS8,Z,14.1,9.9,12.2,23,281,HIgh
AUDI,TT COUPE QUATTRO,SUBCOMPACT,2.0,4,AM6,Z,10.4,7.6,9.1,31,209,Normal
AUDI,TT ROADSTER QUATTRO,TWO-SEATER,2.0,4,AM6,Z,10.4,7.7,9.2,31,212,Normal
AUDI,TTS COUPE QUATTRO,SUBCOMPACT,2.0,4,AM6,Z,11.7,8.4,10.2,28,235,Normal
AUDI,TTS ROADSTER QUATTRO,TWO-SEATER,2.0,4,AM6,Z,11.7,8.5,10.2,28,235,Normal
BENTLEY,CONTINENTAL GT,COMPACT,4.0,8,AS8,Z,16.1,9.4,13.1,22,307,HIgh
BENTLEY,CONTINENTAL GT,COMPACT,6.0,12,AS8,Z,18.9,11.2,15.4,18,354,HIgh
BENTLEY,CONTINENTAL GT CONVERTIBLE,SUBCOMPACT,4.0,8,AS8,Z,17.7,10.3,14.4,20,337,HIgh
BENTLEY,CONTINENTAL GT CONVERTIBLE,SUBCOMPACT,6.0,12,AS8,Z,19.6,11.7,16.0,18,368,HIgh
BENTLEY,CONTINENTAL GT3-R,TWO-SEATER,4.0,8,AS8,Z,17.6,10.1,14.2,20,327,HIgh
BENTLEY,FLYING SPUR,MID-SIZE,4.0,8,AS8,Z,17.7,10.0,14.2,20,334,HIgh
BENTLEY,FLYING SPUR,MID-SIZE,6.0,12,AS8,Z,20.3,11.9,16.5,17,388,HIgh
BENTLEY,MULSANNE,MID-SIZE,6.8,8,AS8,Z,22.3,13.3,18.2,16,419,HIgh
BMW,228i CABRIOLET,SUBCOMPACT,2.0,4,AS8,Z,10.4,7.1,8.9,32,205,Normal
BMW,228i COUPE,SUBCOMPACT,2.0,4,AS8,Z,10.0,6.5,8.4,34,193,Normal
BMW,228i COUPE,SUBCOMPACT,2.0,4,M6,Z,10.7,6.9,9.0,31,207,Normal
BMW,228i xDRIVE CABRIOLET,SUBCOMPACT,2.0,4,AS8,Z,10.6,7.2,9.1,31,209,Normal
BMW,228i xDRIVE COUPE,SUBCOMPACT,2.0,4,AS8,Z,10.3,6.7,8.7,32,200,Normal
BMW,320i SEDAN,COMPACT,2.0,4,AS8,Z,10.0,6.5,8.4,34,193,Normal
BMW,320i SEDAN,COMPACT,2.0,4,M6,Z,10.7,6.9,9.0,31,207,Normal
BMW,320i xDRIVE SEDAN,COMPACT,2.0,4,AS8,Z,10.3,6.7,8.7,32,200,Normal
BMW,328d xDRIVE SEDAN,COMPACT,2.0,4,AS8,D,7.6,5.5,6.7,42,181,Normal
BMW,328d xDRIVE TOURING,STATION WAGON - SMALL,2.0,4,AS8,D,7.6,5.5,6.7,42,181,Normal
BMW,328i SEDAN,COMPACT,2.0,4,AS8,Z,10.0,6.5,8.4,34,193,Normal
BMW,328i SEDAN,COMPACT,2.0,4,M6,Z,10.7,6.9,9.0,31,207,Normal
BMW,328i xDRIVE SEDAN,COMPACT,2.0,4,AS8,Z,10.6,7.2,9.1,31,209,Normal
BMW,328i xDRIVE GRAN TURISMO,FULL-SIZE,2.0,4,AS8,Z,10.6,7.2,9.1,31,209,Normal
BMW,328i xDRIVE TOURING,STATION WAGON - SMALL,2.0,4,AS8,Z,10.6,7.2,9.1,31,209,Normal
BMW,335i SEDAN,COMPACT,3.0,6,AS8,Z,11.4,7.4,9.6,29,221,Normal
BMW,335i SEDAN,COMPACT,3.0,6,M6,Z,11.5,7.8,9.8,29,225,Normal
BMW,335i xDRIVE SEDAN,COMPACT,3.0,6,AS8,Z,11.9,7.8,10.0,28,230,Normal
BMW,335i xDRIVE SEDAN,COMPACT,3.0,6,M6,Z,12.0,8.3,10.3,27,237,Normal
BMW,335i xDRIVE GRAN TURISMO,FULL-SIZE,3.0,6,AS8,Z,11.9,7.8,10.0,28,230,Normal
BMW,428i CABRIOLET,SUBCOMPACT,2.0,4,AS8,Z,10.4,7.1,8.9,32,205,Normal
BMW,428i COUPE,COMPACT,2.0,4,AS8,Z,10.0,6.5,8.4,34,193,Normal
BMW,428i COUPE,COMPACT,2.0,4,M6,Z,10.7,6.9,9.0,31,207,Normal
BMW,428i GRAN COUPE,COMPACT,2.0,4,AS8,Z,10.4,7.1,8.9,32,205,Normal
BMW,428i GRAN COUPE,COMPACT,2.0,4,M6,Z,10.9,6.8,9.0,31,207,Normal
BMW,428i xDRIVE CABRIOLET,SUBCOMPACT,2.0,4,AS8,Z,11.2,7.5,9.6,29,221,Normal
BMW,428i xDRIVE COUPE,COMPACT,2.0,4,AS8,Z,10.6,7.2,9.1,31,209,Normal
BMW,428i xDRIVE GRAN COUPE,COMPACT,2.0,4,AS8,Z,10.6,7.2,9.1,31,209,Normal
BMW,435i CABRIOLET,SUBCOMPACT,3.0,6,AS8,Z,11.8,7.6,9.9,29,228,Normal
BMW,435i COUPE,COMPACT,3.0,6,AS8,Z,11.4,7.4,9.6,29,221,Normal
BMW,435i COUPE,COMPACT,3.0,6,M6,Z,11.5,7.8,9.8,29,225,Normal
BMW,435i GRAN COUPE,COMPACT,3.0,6,AS8,Z,11.4,7.4,9.6,29,221,Normal
BMW,435i xDRIVE CABRIOLET,SUBCOMPACT,3.0,6,AS8,Z,12.1,8.1,10.3,27,237,Normal
BMW,435i xDRIVE COUPE,COMPACT,3.0,6,AS8,Z,11.9,7.8,10.0,28,230,Normal
BMW,435i xDRIVE COUPE,COMPACT,3.0,6,M6,Z,12.0,8.3,10.3,27,237,Normal
BMW,435i xDRIVE GRAN COUPE,COMPACT,3.0,6,AS8,Z,11.9,7.8,10.0,28,230,Normal
BMW,528i SEDAN,MID-SIZE,2.0,4,AS8,Z,10.4,7.1,8.9,32,205,Normal
BMW,528i xDRIVE SEDAN,MID-SIZE,2.0,4,AS8,Z,10.6,7.2,9.1,31,209,Normal
BMW,535d xDRIVE SEDAN,MID-SIZE,3.0,6,AS8,D,9.2,6.3,7.9,36,213,Normal
BMW,535i xDRIVE SEDAN,MID-SIZE,3.0,6,AS8,Z,12.1,8.1,10.3,27,237,Normal
BMW,535i xDRIVE GRAN TURISMO,FULL-SIZE,3.0,6,AS8,Z,12.8,8.9,11.0,26,253,HIgh
BMW,550i xDRIVE SEDAN,MID-SIZE,4.4,8,AS8,Z,14.4,9.7,12.3,23,283,HIgh
BMW,550i xDRIVE GRAN TURISMO,FULL-SIZE,4.4,8,AS8,Z,15.2,9.8,12.8,22,294,HIgh
BMW,640i xDRIVE CABRIOLET,SUBCOMPACT,3.0,6,AS8,Z,12.1,8.1,10.3,27,237,Normal
BMW,640i xDRIVE GRAN COUPE,COMPACT,3.0,6,AS8,Z,12.1,8.1,10.3,27,237,Normal
BMW,650i xDRIVE CABRIOLET,SUBCOMPACT,4.4,8,AS8,Z,15.2,9.8,12.8,22,294,HIgh
BMW,650i xDRIVE COUPE,COMPACT,4.4,8,AS8,Z,14.4,9.7,12.3,23,283,HIgh
BMW,650i xDRIVE GRAN COUPE,COMPACT,4.4,8,AS8,Z,15.2,9.8,12.8,22,294,HIgh
BMW,740Ld xDRIVE SEDAN,FULL-SIZE,3.0,6,AS8,D,10.2,7.1,8.8,32,238,Normal
BMW,740Li xDRIVE SEDAN,FULL-SIZE,3.0,6,AS8,Z,12.1,8.1,10.3,27,237,Normal
BMW,750i xDRIVE SEDAN,FULL-SIZE,4.4,8,AS8,Z,15.2,9.8,12.8,22,294,HIgh
BMW,750Li xDRIVE SEDAN,FULL-SIZE,4.4,8,AS8,Z,15.2,9.8,12.8,22,294,HIgh
BMW,760Li SEDAN,FULL-SIZE,6.0,12,AS8,Z,18.7,11.6,15.5,18,356,HIgh
BMW,ACTIVEHYBRID 3,COMPACT,3.0,6,AS8,Z,9.7,7.5,8.7,32,200,Normal
BMW,ACTIVEHYBRID 5,MID-SIZE,3.0,6,AS8,Z,10.6,7.9,9.4,30,216,Normal
BMW,ACTIVEHYBRID 7L,FULL-SIZE,3.0,6,AS8,Z,10.6,7.7,9.3,30,214,Normal
BMW,ALPINA B6 xDRIVE GRAN COUPE,COMPACT,4.4,8,AS8,Z,15.2,9.8,12.8,22,294,HIgh
BMW,ALPINA B7 xDRIVE LWB,FULL-SIZE,4.4,8,AS8,Z,15.2,9.8,12.8,22,294,HIgh
BMW,ALPINA B7 xDRIVE SWB,FULL-SIZE,4.4,8,AS8,Z,15.2,9.8,12.8,22,294,HIgh
BMW,M235i CABRIOLET,SUBCOMPACT,3.0,6,AS8,Z,11.8,8.1,10.2,28,235,Normal
BMW,M235i CABRIOLET,SUBCOMPACT,3.0,6,M6,Z,12.3,9.0,10.8,26,248,Normal
BMW,M235i COUPE,SUBCOMPACT,3.0,6,AS8,Z,11.8,8.1,10.2,28,235,Normal
BMW,M235i COUPE,SUBCOMPACT,3.0,6,M6,Z,11.9,8.5,10.4,27,239,Normal
BMW,M235i xDRIVE COUPE,SUBCOMPACT,3.0,6,AS8,Z,11.9,7.8,10.0,28,230,Normal
BMW,M3 SEDAN,COMPACT,3.0,6,AM7,Z,14.2,9.6,12.1,23,278,HIgh
BMW,M3 SEDAN,COMPACT,3.0,6,M6,Z,13.7,9.0,11.6,24,267,HIgh
BMW,M4 CABRIOLET,SUBCOMPACT,3.0,6,AM7,Z,14.1,9.7,12.1,23,278,HIgh
BMW,M4 CABRIOLET,SUBCOMPACT,3.0,6,M6,Z,14.1,9.0,11.8,24,271,HIgh
BMW,M4 COUPE,COMPACT,3.0,6,AM7,Z,14.1,9.7,12.1,23,278,HIgh
BMW,M4 COUPE,COMPACT,3.0,6,M6,Z,13.7,9.0,11.6,24,267,HIgh
BMW,M5 SEDAN,MID-SIZE,4.4,8,AM7,Z,17.3,11.5,14.7,19,338,HIgh
BMW,M5 SEDAN,MID-SIZE,4.4,8,M6,Z,16.1,10.8,13.7,21,315,HIgh
BMW,M6 CABRIOLET,SUBCOMPACT,4.4,8,AM7,Z,17.3,11.5,14.7,19,338,HIgh
BMW,M6 CABRIOLET,SUBCOMPACT,4.4,8,M6,Z,16.1,10.8,13.7,21,315,HIgh
BMW,M6 COUPE,COMPACT,4.4,8,AM7,Z,17.3,11.5,14.7,19,338,HIgh
BMW,M6 COUPE,COMPACT,4.4,8,M6,Z,16.1,10.8,13.7,21,315,HIgh
BMW,M6 GRAN COUPE,COMPACT,4.4,8,AM7,Z,17.3,11.5,14.7,19,338,HIgh
BMW,M6 GRAN COUPE,COMPACT,4.4,8,M6,Z,16.1,10.8,13.7,21,315,HIgh
BMW,X1 xDRIVE28i,SUV - SMALL,2.0,4,AS8,Z,10.6,7.2,9.1,31,209,Normal
BMW,X1 xDRIVE35i,SUV - SMALL,3.0,6,AS8,Z,13.2,8.9,11.2,25,258,HIgh
BMW,X3 xDRIVE28d,SUV - SMALL,2.0,4,AS8,D,8.6,6.9,7.9,36,213,Normal
BMW,X3 xDRIVE28i,SUV - SMALL,2.0,4,AS8,Z,11.1,8.4,9.9,29,228,Normal
BMW,X3 xDRIVE35i,SUV - SMALL,3.0,6,AS8,Z,12.7,8.8,10.9,26,251,HIgh
BMW,X4 xDRIVE28i,SUV - SMALL,2.0,4,AS8,Z,11.7,8.4,10.2,28,235,Normal
BMW,X4 xDRIVE35i,SUV - SMALL,3.0,6,AS8,Z,12.7,8.8,10.9,26,251,HIgh
BMW,X5 M,SUV - STANDARD,4.4,8,AS8,Z,16.6,12.1,14.6,19,336,HIgh
BMW,X5 xDRIVE35d,SUV - STANDARD,3.0,6,AS8,D,9.9,7.2,8.7,32,235,Normal
BMW,X5 xDRIVE35i,SUV - STANDARD,3.0,6,AS8,Z,13.0,8.9,11.1,25,255,HIgh
BMW,X5 xDRIVE50i,SUV - STANDARD,4.4,8,AS8,Z,16.1,10.9,13.8,20,317,HIgh
BMW,X6 M,SUV - STANDARD,4.4,8,AS8,Z,16.6,12.1,14.6,19,336,HIgh
BMW,X6 xDRIVE35i,SUV - STANDARD,3.0,6,AS8,Z,13.0,8.9,11.1,25,255,HIgh
BMW,X6 xDRIVE50i,SUV - STANDARD,4.4,8,AS8,Z,16.1,10.9,13.8,20,317,HIgh
BMW,Z4 sDRIVE28i,TWO-SEATER,2.0,4,AS8,Z,10.7,7.1,9.1,31,209,Normal
BMW,Z4 sDRIVE28i,TWO-SEATER,2.0,4,M6,Z,10.7,6.9,9.0,31,207,Normal
BMW,Z4 sDRIVE35i,TWO-SEATER,3.0,6,AM7,Z,13.7,10.0,12.1,23,278,HIgh
BMW,Z4 sDRIVE35i,TWO-SEATER,3.0,6,M6,Z,12.7,9.0,11.0,26,253,HIgh
BMW,Z4 sDRIVE35is,TWO-SEATER,3.0,6,AM7,Z,13.7,10.0,12.1,23,278,HIgh
BUICK,ENCLAVE,SUV - STANDARD,3.6,6,A6,X,14.2,9.9,12.3,23,283,HIgh
BUICK,ENCLAVE AWD,SUV - STANDARD,3.6,6,A6,X,14.6,10.2,12.6,22,290,HIgh
BUICK,ENCORE,SUV - SMALL,1.4,4,AS6,X,9.5,7.2,8.5,33,196,Normal
BUICK,ENCORE AWD,SUV - SMALL,1.4,4,AS6,X,10.2,8.0,9.2,31,212,Normal
BUICK,LACROSSE,MID-SIZE,3.6,6,AS6,X,13.7,8.6,11.4,25,262,HIgh
BUICK,LACROSSE,MID-SIZE,3.6,6,AS6,E,18.7,12.4,15.8,18,253,HIgh
BUICK,LACROSSE AWD,MID-SIZE,3.6,6,AS6,X,13.9,9.1,11.7,24,269,HIgh
BUICK,LACROSSE AWD,MID-SIZE,3.6,6,AS6,E,18.6,12.6,15.9,18,254,HIgh
BUICK,LACROSSE eASSIST,MID-SIZE,2.4,4,AS6,X,9.6,6.5,8.2,34,189,Normal
BUICK,REGAL,MID-SIZE,2.0,4,AS6,Z,11.4,7.9,9.8,29,225,Normal
BUICK,REGAL,MID-SIZE,2.0,4,M6,Z,11.6,7.6,9.8,29,225,Normal
BUICK,REGAL AWD,MID-SIZE,2.0,4,AS6,Z,12.4,8.7,10.7,26,246,Normal
BUICK,REGAL eASSIST,MID-SIZE,2.4,4,AS6,X,9.6,6.5,8.2,34,189,Normal
BUICK,VERANO,COMPACT,2.0,4,AS6,Z,11.4,7.9,9.8,29,225,Normal
BUICK,VERANO,COMPACT,2.0,4,M6,Z,11.6,7.6,9.8,29,225,Normal
BUICK,VERANO,COMPACT,2.4,4,AS6,X,11.1,7.4,9.4,30,216,Normal
CADILLAC,ATS,COMPACT,2.0,4,AS6,Z,11.1,7.9,9.7,29,223,Normal
CADILLAC,ATS,COMPACT,2.0,4,M6,Z,12.2,7.9,10.3,27,237,Normal
CADILLAC,ATS,COMPACT,2.5,4,AS6,X,11.1,7.2,9.3,30,214,Normal
CADILLAC,ATS,COMPACT,3.6,6,AS6,X,12.8,8.4,10.8,26,248,Normal
CADILLAC,ATS AWD,COMPACT,2.0,4,AS6,Z,11.5,8.5,10.2,28,235,Normal
CADILLAC,ATS AWD,COMPACT,3.6,6,AS6,X,12.8,8.9,11.0,26,253,HIgh
CADILLAC,CTS,MID-SIZE,2.0,4,AS6,Z,11.5,7.9,9.9,29,228,Normal
CADILLAC,CTS,MID-SIZE,3.6,6,AS8,X,12.8,8.2,10.7,26,246,Normal
CADILLAC,CTS AWD,MID-SIZE,2.0,4,AS6,Z,12.3,8.5,10.6,27,244,Normal
CADILLAC,CTS AWD,MID-SIZE,3.6,6,AS6,X,12.8,8.9,11.0,26,253,HIgh
CADILLAC,CTS Vsport,MID-SIZE,3.6,6,AS8,Z,15.1,9.9,12.7,22,292,HIgh
CADILLAC,ESCALADE 4WD,SUV - STANDARD,6.2,8,A6,Z,16.2,11.4,14.0,20,322,HIgh
CADILLAC,ESCALADE 4WD,SUV - STANDARD,6.2,8,A8,Z,15.9,11.1,13.8,20,317,HIgh
CADILLAC,ESCALADE ESV 4WD,SUV - STANDARD,6.2,8,A6,Z,16.8,11.7,14.5,19,334,HIgh
CADILLAC,ESCALADE ESV 4WD,SUV - STANDARD,6.2,8,A8,Z,16.4,11.7,14.3,20,329,HIgh
CADILLAC,SRX,SUV - STANDARD,3.6,6,AS6,X,14.2,9.8,12.3,23,283,HIgh
CADILLAC,SRX AWD,SUV - STANDARD,3.6,6,AS6,X,14.8,10.4,12.8,22,294,HIgh
CADILLAC,XTS,FULL-SIZE,3.6,6,AS6,X,13.6,8.6,11.3,25,260,HIgh
CADILLAC,XTS AWD,FULL-SIZE,3.6,6,AS6,X,13.7,8.9,11.6,24,267,HIgh
CADILLAC,XTS Vsport AWD,FULL-SIZE,3.6,6,AS6,Z,14.8,9.9,12.6,22,290,HIgh
CHEVROLET,CAMARO,COMPACT,3.6,6,AS6,X,13.3,8.8,11.3,25,260,HIgh
CHEVROLET,CAMARO,COMPACT,3.6,6,M6,X,14.0,8.4,11.5,25,265,HIgh
CHEVROLET,CAMARO,COMPACT,6.2,8,AS6,Z,15.3,9.8,12.8,22,294,HIgh
CHEVROLET,CAMARO,COMPACT,6.2,8,M6,Z,15.0,9.9,12.7,22,292,HIgh
CHEVROLET,CAMARO 2LS,COMPACT,3.6,6,AS6,X,12.6,7.9,10.5,27,242,Normal
CHEVROLET,CAMARO Z/28,COMPACT,6.2,8,M6,Z,18.1,12.3,15.5,18,357,HIgh
CHEVROLET,CAMARO ZL1,COMPACT,6.2,8,AS6,Z,19.9,13.0,16.8,17,386,HIgh
CHEVROLET,CAMARO ZL1,COMPACT,6.2,8,M6,Z,16.6,12.4,14.7,19,338,HIgh
CHEVROLET,CITY EXPRESS,SPECIAL PURPOSE VEHICLE,2.0,4,AV,X,9.7,9.0,9.4,30,216,Normal
CHEVROLET,COLORADO,PICKUP TRUCK - SMALL,2.5,4,A6,X,11.9,8.8,10.5,27,242,Normal
CHEVROLET,COLORADO,PICKUP TRUCK - SMALL,2.5,4,M6,X,12.2,9.1,10.8,26,248,Normal
CHEVROLET,COLORADO,PICKUP TRUCK - SMALL,3.6,6,A6,X,13.0,9.2,11.3,25,260,HIgh
CHEVROLET,COLORADO 4WD,PICKUP TRUCK - SMALL,2.5,4,A6,X,12.7,9.5,11.3,25,260,HIgh
CHEVROLET,COLORADO 4WD,PICKUP TRUCK - SMALL,3.6,6,A6,X,13.5,9.8,11.8,24,271,HIgh
CHEVROLET,CORVETTE,TWO-SEATER,6.2,8,AS8,Z,14.6,8.1,11.7,24,269,HIgh
CHEVROLET,CORVETTE,TWO-SEATER,6.2,8,M7,Z,13.7,8.2,11.2,25,258,HIgh
CHEVROLET,CORVETTE Z06,TWO-SEATER,6.2,8,AS8,Z,17.7,10.2,14.3,20,329,HIgh
CHEVROLET,CORVETTE Z06,TWO-SEATER,6.2,8,M7,Z,15.7,10.6,13.4,21,308,HIgh
CHEVROLET,CRUZE,MID-SIZE,1.4,4,AS6,X,9.1,6.3,7.8,36,179,Normal
CHEVROLET,CRUZE,MID-SIZE,1.4,4,M6,X,9.0,6.2,7.8,36,179,Normal
CHEVROLET,CRUZE,MID-SIZE,1.8,4,AS6,X,10.5,6.8,8.8,32,202,Normal
CHEVROLET,CRUZE,MID-SIZE,1.8,4,M6,X,9.4,6.6,8.1,35,186,Normal
CHEVROLET,CRUZE DIESEL,MID-SIZE,2.0,4,AS6,D,8.7,5.1,7.1,40,192,Normal
CHEVROLET,CRUZE ECO,MID-SIZE,1.4,4,A6,X,9.0,6.1,7.7,37,177,Normal
CHEVROLET,CRUZE ECO,MID-SIZE,1.4,4,M6,X,8.4,5.6,7.1,40,163,Normal
CHEVROLET,EQUINOX,SUV - SMALL,2.4,4,A6,X,10.5,7.3,9.1,31,209,Normal
CHEVROLET,EQUINOX FFV,SUV - SMALL,2.4,4,A6,X,10.5,7.3,9.1,31,209,Normal
CHEVROLET,EQUINOX FFV,SUV - SMALL,2.4,4,A6,E,15.6,10.8,13.4,21,214,Normal
CHEVROLET,EQUINOX,SUV - SMALL,3.6,6,A6,X,14.2,9.5,12.1,23,278,HIgh
CHEVROLET,EQUINOX AWD,SUV - SMALL,2.4,4,A6,X,11.5,8.2,10.0,28,230,Normal
CHEVROLET,EQUINOX AWD FFV,SUV - SMALL,2.4,4,A6,X,11.5,8.2,10.0,28,230,Normal
CHEVROLET,EQUINOX AWD FFV,SUV - SMALL,2.4,4,A6,E,16.3,11.6,14.2,20,227,Normal
CHEVROLET,EQUINOX AWD,SUV - SMALL,3.6,6,A6,X,14.8,9.9,12.6,22,290,HIgh
CHEVROLET,EXPRESS 2500 PASSENGER,VAN - PASSENGER,4.8,8,A6,X,21.0,14.2,18.0,16,414,HIgh
CHEVROLET,EXPRESS 2500 PASSENGER,VAN - PASSENGER,6.0,8,A6,X,22.0,14.9,18.8,15,432,HIgh
CHEVROLET,EXPRESS 2500 PASSENGER FFV,VAN - PASSENGER,6.0,8,A6,X,22.0,14.9,18.8,15,432,HIgh
CHEVROLET,EXPRESS 2500 PASSENGER FFV,VAN - PASSENGER,6.0,8,A6,E,30.3,20.5,25.9,11,414,HIgh
CHEVROLET,EXPRESS 3500 PASSENGER,VAN - PASSENGER,4.8,8,A6,X,21.3,14.3,18.1,16,416,HIgh
CHEVROLET,EXPRESS 3500 PASSENGER,VAN - PASSENGER,6.0,8,A6,X,22.2,15.1,19.0,15,437,HIgh
CHEVROLET,EXPRESS 3500 PASSENGER FFV,VAN - PASSENGER,6.0,8,A6,X,22.2,15.1,19.0,15,437,HIgh
CHEVROLET,EXPRESS 3500 PASSENGER FFV,VAN - PASSENGER,6.0,8,A6,E,30.6,20.6,26.1,11,418,HIgh
CHEVROLET,IMPALA,FULL-SIZE,2.5,4,AS6,X,10.6,7.5,9.2,31,212,Normal
CHEVROLET,IMPALA,FULL-SIZE,3.6,6,AS6,X,12.5,8.2,10.6,27,244,Normal
CHEVROLET,IMPALA,FULL-SIZE,3.6,6,AS6,E,17.0,11.5,14.5,19,232,Normal
CHEVROLET,MALIBU,MID-SIZE,2.0,4,AS6,Z,11.4,7.9,9.8,29,225,Normal
CHEVROLET,MALIBU,MID-SIZE,2.5,4,AS6,X,9.3,6.4,8.0,35,184,Normal
CHEVROLET,SILVERADO,PICKUP TRUCK - STANDARD,4.3,6,A6,X,13.4,9.9,11.9,24,274,HIgh
CHEVROLET,SILVERADO,PICKUP TRUCK - STANDARD,4.3,6,A6,E,19.3,14.3,17.1,17,274,HIgh
CHEVROLET,SILVERADO,PICKUP TRUCK - STANDARD,5.3,8,A6,X,14.6,10.3,12.7,22,292,HIgh
CHEVROLET,SILVERADO,PICKUP TRUCK - STANDARD,5.3,8,A6,E,19.9,13.8,17.2,16,275,HIgh
CHEVROLET,SILVERADO,PICKUP TRUCK - STANDARD,6.2,8,A8,Z,16.1,11.4,14.0,20,322,HIgh
CHEVROLET,SILVERADO 4WD,PICKUP TRUCK - STANDARD,4.3,6,A6,X,14.1,10.6,12.5,23,288,HIgh
CHEVROLET,SILVERADO 4WD,PICKUP TRUCK - STANDARD,4.3,6,A6,E,20.3,15.2,18.0,16,288,HIgh
CHEVROLET,SILVERADO 4WD,PICKUP TRUCK - STANDARD,5.3,8,A6,X,14.9,10.7,13.0,22,299,HIgh
CHEVROLET,SILVERADO 4WD,PICKUP TRUCK - STANDARD,5.3,8,A6,E,20.2,14.3,17.5,16,280,HIgh
CHEVROLET,SILVERADO 4WD,PICKUP TRUCK - STANDARD,6.2,8,A8,Z,16.3,11.6,14.2,20,327,HIgh
CHEVROLET,SONIC,COMPACT,1.4,4,AS6,X,9.0,6.8,8.0,35,184,Normal
CHEVROLET,SONIC,COMPACT,1.4,4,M6,X,8.5,6.2,7.5,38,173,Normal
CHEVROLET,SONIC,COMPACT,1.8,4,AS6,X,9.6,6.7,8.3,34,191,Normal
CHEVROLET,SONIC,COMPACT,1.8,4,M5,X,9.0,6.8,8.0,35,184,Normal
CHEVROLET,SONIC RS,COMPACT,1.4,4,AS6,X,9.4,7.0,8.3,34,191,Normal
CHEVROLET,SONIC RS,COMPACT,1.4,4,M6,X,8.9,6.9,8.0,35,184,Normal
CHEVROLET,SONIC 5,MID-SIZE,1.4,4,AS6,X,9.0,6.8,8.0,35,184,Normal
CHEVROLET,SONIC 5,MID-SIZE,1.4,4,M6,X,8.5,6.2,7.5,38,173,Normal
CHEVROLET,SONIC 5,MID-SIZE,1.8,4,AS6,X,9.6,6.7,8.3,34,191,Normal
CHEVROLET,SONIC 5,MID-SIZE,1.8,4,M5,X,9.0,6.8,8.0,35,184,Normal
CHEVROLET,SONIC 5 RS,MID-SIZE,1.4,4,AS6,X,9.4,7.0,8.3,34,191,Normal
CHEVROLET,SONIC 5 RS,MID-SIZE,1.4,4,M6,X,8.9,6.9,8.0,35,184,Normal
CHEVROLET,SPARK,SUBCOMPACT,1.2,4,AV,X,7.7,6.1,7.0,40,161,Normal
CHEVROLET,SPARK,SUBCOMPACT,1.2,4,M5,X,7.5,6.0,6.8,42,156,Normal
CHEVROLET,SUBURBAN,SUV - STANDARD,5.3,8,A6,X,14.9,10.1,12.7,22,292,HIgh
CHEVROLET,SUBURBAN,SUV - STANDARD,5.3,8,A6,E,20.2,13.6,17.2,16,275,HIgh
CHEVROLET,SUBURBAN 4WD,SUV - STANDARD,5.3,8,A6,X,15.4,10.8,13.3,21,306,HIgh
CHEVROLET,SUBURBAN 4WD,SUV - STANDARD,5.3,8,A6,E,22.1,15.4,19.1,15,306,HIgh
CHEVROLET,TAHOE,SUV - STANDARD,5.3,8,A6,X,14.9,10.1,12.7,22,292,HIgh
CHEVROLET,TAHOE,SUV - STANDARD,5.3,8,A6,E,20.2,13.6,17.2,16,275,HIgh
CHEVROLET,TAHOE 4WD,SUV - STANDARD,5.3,8,A6,X,15.1,10.4,13.0,22,299,HIgh
CHEVROLET,TAHOE 4WD,SUV - STANDARD,5.3,8,A6,E,20.5,14.0,17.6,16,282,HIgh
CHEVROLET,TRAVERSE,SUV - STANDARD,3.6,6,A6,X,14.2,9.9,12.3,23,283,HIgh
CHEVROLET,TRAVERSE AWD,SUV - STANDARD,3.6,6,A6,X,14.6,10.2,12.6,22,290,HIgh
CHEVROLET,TRAX,SUV - SMALL,1.4,4,AS6,X,9.2,7.0,8.2,34,189,Normal
CHEVROLET,TRAX,SUV - SMALL,1.4,4,M6,X,9.1,6.9,8.1,35,186,Normal
CHEVROLET,TRAX AWD,SUV - SMALL,1.4,4,AS6,X,9.7,7.6,8.7,32,200,Normal
CHRYSLER,200,MID-SIZE,2.4,4,A9,X,10.2,6.4,8.5,33,196,Normal
CHRYSLER,200 FFV,MID-SIZE,2.4,4,A9,X,10.2,6.4,8.5,33,196,Normal
CHRYSLER,200 FFV,MID-SIZE,2.4,4,A9,E,13.6,8.5,11.3,25,181,Normal
CHRYSLER,200,MID-SIZE,3.6,6,A9,X,12.4,7.5,10.2,28,235,Normal
CHRYSLER,200 FFV,MID-SIZE,3.6,6,A9,X,12.4,7.5,10.2,28,235,Normal
CHRYSLER,200 FFV,MID-SIZE,3.6,6,A9,E,16.5,10.1,13.6,21,218,Normal
CHRYSLER,200 AWD,MID-SIZE,3.6,6,A9,X,12.8,8.1,10.7,26,246,Normal
CHRYSLER,200 AWD FFV,MID-SIZE,3.6,6,A9,X,12.8,8.1,10.7,26,246,Normal
CHRYSLER,200 AWD FFV,MID-SIZE,3.6,6,A9,E,16.9,10.8,14.1,20,226,Normal
CHRYSLER,300,FULL-SIZE,3.6,6,A8,X,12.4,7.7,10.3,27,237,Normal
CHRYSLER,300 FFV,FULL-SIZE,3.6,6,A8,X,12.4,7.7,10.3,27,237,Normal
CHRYSLER,300 FFV,FULL-SIZE,3.6,6,A8,E,16.8,10.3,13.9,20,222,Normal
CHRYSLER,300 (MDS),FULL-SIZE,5.7,8,A8,X,14.8,9.3,12.3,23,283,HIgh
CHRYSLER,300 AWD,FULL-SIZE,3.6,6,A8,X,12.8,8.6,10.9,26,251,HIgh
CHRYSLER,300 AWD FFV,FULL-SIZE,3.6,6,A8,X,12.8,8.6,10.9,26,251,HIgh
CHRYSLER,300 AWD FFV,FULL-SIZE,3.6,6,A8,E,17.3,11.7,14.8,19,237,Normal
CHRYSLER,TOWN & COUNTRY FFV,MINIVAN,3.6,6,A6,X,14.1,9.5,12.0,24,276,HIgh
CHRYSLER,TOWN & COUNTRY FFV,MINIVAN,3.6,6,A6,E,19.7,13.3,16.8,17,269,HIgh
DODGE,CHALLENGER,MID-SIZE,3.6,6,A8,X,12.4,7.8,10.3,27,237,Normal
DODGE,CHALLENGER,MID-SIZE,5.7,8,M6,X,15.6,10.0,13.1,22,301,HIgh
DODGE,CHALLENGER,MID-SIZE,6.4,8,M6,Z,16.8,10.4,13.9,20,320,HIgh
DODGE,CHALLENGER (MDS),MID-SIZE,5.7,8,A8,X,14.8,9.3,12.3,23,283,HIgh
DODGE,CHALLENGER (MDS),MID-SIZE,6.4,8,A8,Z,15.7,9.5,12.9,22,297,HIgh
DODGE,CHALLENGER SRT,MID-SIZE,6.4,8,M6,Z,16.8,10.4,13.9,20,320,HIgh
DODGE,CHALLENGER SRT (MDS),MID-SIZE,6.4,8,A8,Z,15.7,9.5,12.9,22,297,HIgh
DODGE,CHALLENGER SRT HELLCAT,MID-SIZE,6.2,8,A8,Z,18.0,10.7,14.7,19,338,HIgh
DODGE,CHALLENGER SRT HELLCAT,MID-SIZE,6.2,8,M6,Z,18.1,11.4,15.1,19,347,HIgh
DODGE,CHARGER,FULL-SIZE,3.6,6,A5,X,13.7,8.9,11.5,25,264,HIgh
DODGE,CHARGER FFV,FULL-SIZE,3.6,6,A5,X,13.7,8.9,11.5,25,264,HIgh
DODGE,CHARGER FFV,FULL-SIZE,3.6,6,A5,E,18.7,12.4,15.9,18,254,HIgh
DODGE,CHARGER,FULL-SIZE,3.6,6,A8,X,12.4,7.7,10.3,27,237,Normal
DODGE,CHARGER FFV,FULL-SIZE,3.6,6,A8,X,12.4,7.7,10.3,27,237,Normal
DODGE,CHARGER FFV,FULL-SIZE,3.6,6,A8,E,16.8,10.3,13.9,20,222,Normal
DODGE,CHARGER (MDS),FULL-SIZE,5.7,8,A5,X,15.7,9.6,12.9,22,297,HIgh
DODGE,CHARGER (MDS),FULL-SIZE,5.7,8,A8,X,14.8,9.3,12.3,23,283,HIgh
DODGE,CHARGER AWD,FULL-SIZE,3.6,6,A8,X,12.8,8.6,10.9,26,251,HIgh
DODGE,CHARGER AWD FFV,FULL-SIZE,3.6,6,A8,X,12.8,8.6,10.9,26,251,HIgh
DODGE,CHARGER AWD FFV,FULL-SIZE,3.6,6,A8,E,17.3,11.7,14.8,19,237,Normal
DODGE,CHARGER AWD (MDS),FULL-SIZE,5.7,8,A5,X,16.1,10.0,13.4,21,308,HIgh
DODGE,CHARGER SRT 392 HEMI,FULL-SIZE,6.4,8,A8,Z,15.7,9.5,12.9,22,297,HIgh
DODGE,CHARGER SRT HELLCAT,FULL-SIZE,6.2,8,A8,Z,18.0,10.7,14.7,19,338,HIgh
DODGE,DART,MID-SIZE,2.0,4,M6,X,9.4,6.5,8.1,35,186,Normal
DODGE,DART FFV,MID-SIZE,2.0,4,A6,X,9.9,7.0,8.6,33,198,Normal
DODGE,DART FFV,MID-SIZE,2.0,4,A6,E,13.3,9.3,11.5,25,184,Normal
DODGE,DART,MID-SIZE,2.4,4,A6,X,10.1,6.8,8.6,33,198,Normal
DODGE,DART,MID-SIZE,2.4,4,M6,X,10.5,6.7,8.8,32,202,Normal
DODGE,DART GT,MID-SIZE,2.4,4,A6,X,10.6,7.5,9.2,31,212,Normal
DODGE,DART GT,MID-SIZE,2.4,4,M6,X,10.2,7.0,8.8,32,202,Normal
DODGE,DART TURBO AERO,MID-SIZE,1.4,4,AM6,X,8.4,5.9,7.3,39,168,Normal
DODGE,DART TURBO AERO,MID-SIZE,1.4,4,M6,X,8.5,5.8,7.3,39,168,Normal
DODGE,DURANGO AWD FFV,SUV - STANDARD,3.6,6,A8,X,13.9,9.8,12.1,23,278,HIgh
DODGE,DURANGO AWD FFV,SUV - STANDARD,3.6,6,A8,E,17.7,13.0,15.6,18,250,Normal
DODGE,DURANGO AWD (MDS),SUV - STANDARD,5.7,8,A8,X,17.3,11.5,14.7,19,338,HIgh
DODGE,GRAND CARAVAN FFV,MINIVAN,3.6,6,A6,X,13.7,9.4,11.8,24,271,HIgh
DODGE,GRAND CARAVAN FFV,MINIVAN,3.6,6,A6,E,19.2,13.1,16.4,17,262,HIgh
DODGE,JOURNEY,SUV - SMALL,2.4,4,A4,X,12.7,9.1,11.1,25,255,HIgh
DODGE,JOURNEY FFV,SUV - SMALL,3.6,6,A6,X,14.2,9.4,12.1,23,278,HIgh
DODGE,JOURNEY FFV,SUV - SMALL,3.6,6,A6,E,18.9,12.9,16.2,17,259,HIgh
DODGE,JOURNEY AWD,SUV - SMALL,3.6,6,A6,X,14.5,9.9,12.4,23,285,HIgh
DODGE,VIPER SRT COUPE,TWO-SEATER,8.4,10,M6,Z,19.4,11.3,15.8,18,363,HIgh
FIAT,500 CABRIO,MINICOMPACT,1.4,4,A6,X,8.7,6.9,7.9,36,182,Normal
FIAT,500 CABRIO,MINICOMPACT,1.4,4,M5,X,7.9,6.3,7.2,39,166,Normal
FIAT,500 HATCHBACK,MINICOMPACT,1.4,4,A6,X,8.7,6.9,7.9,36,182,Normal
FIAT,500 HATCHBACK,MINICOMPACT,1.4,4,M5,X,7.6,5.9,6.8,42,156,Normal
FIAT,500 HATCHBACK TURBO,MINICOMPACT,1.4,4,A6,X,9.6,7.3,8.6,33,198,Normal
FIAT,500 HATCHBACK TURBO,MINICOMPACT,1.4,4,M5,X,8.5,6.9,7.8,36,179,Normal
FIAT,500 ABARTH CABRIO,MINICOMPACT,1.4,4,A6,X,9.6,7.3,8.6,33,198,Normal
FIAT,500 ABARTH CABRIO,MINICOMPACT,1.4,4,M5,X,8.5,6.9,7.8,36,179,Normal
FIAT,500 ABARTH HATCHBACK,MINICOMPACT,1.4,4,A6,X,9.6,7.3,8.6,33,198,Normal
FIAT,500 ABARTH HATCHBACK,MINICOMPACT,1.4,4,M5,X,8.5,6.9,7.8,36,179,Normal
FIAT,500L,STATION WAGON - SMALL,1.4,4,A6,X,10.6,7.8,9.4,30,216,Normal
FIAT,500L,STATION WAGON - SMALL,1.4,4,AM6,X,9.9,7.2,8.7,32,200,Normal
FIAT,500L,STATION WAGON - SMALL,1.4,4,M6,X,9.3,7.1,8.3,34,191,Normal
FORD,C-MAX HYBRID,FULL-SIZE,2.0,4,AV,X,5.6,6.4,6.0,47,138,Normal
FORD,EDGE,SUV - SMALL,2.0,4,AS6,X,11.5,7.8,9.8,29,225,Normal
FORD,EDGE (Start/Stop),SUV - SMALL,2.0,4,AS6,X,11.3,7.9,9.8,29,225,Normal
FORD,EDGE,SUV - SMALL,3.5,6,AS6,X,13.2,9.0,11.3,25,260,HIgh
FORD,EDGE AWD,SUV - SMALL,2.0,4,AS6,X,11.8,8.4,10.3,27,237,Normal
FORD,EDGE AWD,SUV - SMALL,3.5,6,AS6,X,13.7,9.6,11.8,24,271,HIgh
FORD,EDGE SPORT AWD,SUV - SMALL,2.7,6,AS6,X,13.6,9.8,11.9,24,274,HIgh
FORD,ESCAPE,SUV - SMALL,1.6,4,AS6,X,10.4,7.4,9.0,31,207,Normal
FORD,ESCAPE,SUV - SMALL,2.0,4,AS6,X,10.9,8.0,9.6,29,221,Normal
FORD,ESCAPE,SUV - SMALL,2.5,4,AS6,X,10.9,7.6,9.5,30,218,Normal
FORD,ESCAPE AWD,SUV - SMALL,1.6,4,AS6,X,10.6,8.0,9.4,30,216,Normal
FORD,ESCAPE AWD,SUV - SMALL,2.0,4,AS6,X,11.4,8.4,10.1,28,232,Normal
FORD,EXPEDITION 4X4,SUV - STANDARD,3.5,6,AS6,X,16.2,11.8,14.2,20,327,HIgh
FORD,EXPEDITION MAX 4X4,SUV - STANDARD,3.5,6,AS6,X,16.4,12.0,14.4,20,331,HIgh
FORD,EXPLORER,SUV - STANDARD,2.0,4,A6,X,11.9,8.5,10.4,27,239,Normal
FORD,EXPLORER FFV,SUV - STANDARD,3.5,6,AS6,X,13.7,9.7,11.9,24,274,HIgh
FORD,EXPLORER FFV,SUV - STANDARD,3.5,6,AS6,E,18.6,13.0,16.1,18,258,HIgh
FORD,EXPLORER AWD (EcoBoost),SUV - STANDARD,3.5,6,AS6,X,14.9,10.7,13.0,22,299,HIgh
FORD,EXPLORER FFV AWD,SUV - STANDARD,3.5,6,AS6,X,14.2,10.3,12.5,23,288,HIgh
FORD,EXPLORER FFV AWD,SUV - STANDARD,3.5,6,AS6,E,19.2,14.1,16.9,17,270,HIgh
FORD,F-150,PICKUP TRUCK - STANDARD,2.7,6,AS6,X,12.2,9.2,10.8,26,248,Normal
FORD,F-150,PICKUP TRUCK - STANDARD,3.5,6,AS6,X,13.7,9.9,12.0,24,276,HIgh
FORD,F-150 FFV,PICKUP TRUCK - STANDARD,3.5,6,A6,X,13.2,9.6,11.5,25,264,HIgh
FORD,F-150 FFV,PICKUP TRUCK - STANDARD,3.5,6,A6,E,17.9,13.0,15.7,18,251,HIgh
FORD,F-150 FFV,PICKUP TRUCK - STANDARD,5.0,8,AS6,X,15.5,10.6,13.3,21,306,HIgh
FORD,F-150 FFV,PICKUP TRUCK - STANDARD,5.0,8,AS6,E,20.7,14.3,17.9,16,286,HIgh
FORD,F-150 4X4,PICKUP TRUCK - STANDARD,2.7,6,AS6,X,13.3,10.4,12.0,24,276,HIgh
FORD,F-150 4X4,PICKUP TRUCK - STANDARD,3.5,6,AS6,X,14.2,10.4,12.5,23,288,HIgh
FORD,F-150 FFV 4X4,PICKUP TRUCK - STANDARD,3.5,6,A6,X,13.9,10.5,12.4,23,285,HIgh
FORD,F-150 FFV 4X4,PICKUP TRUCK - STANDARD,3.5,6,A6,E,18.9,14.2,16.8,17,269,HIgh
FORD,F-150 FFV 4X4,PICKUP TRUCK - STANDARD,5.0,8,AS6,X,16.0,11.3,13.9,20,320,HIgh
FORD,F-150 FFV 4X4,PICKUP TRUCK - STANDARD,5.0,8,AS6,E,21.7,15.1,18.7,15,299,HIgh
FORD,FIESTA,SUBCOMPACT,1.6,4,AS6,X,8.7,6.4,7.6,37,175,Normal
FORD,FIESTA,SUBCOMPACT,1.6,4,M5,X,8.5,6.5,7.6,37,175,Normal
FORD,FIESTA SFE,SUBCOMPACT,1.0,3,M5,X,7.5,5.5,6.6,43,152,Normal
FORD,FIESTA SFE,SUBCOMPACT,1.6,4,AS6,X,8.4,6.2,7.4,38,170,Normal
FORD,FIESTA ST,SUBCOMPACT,1.6,4,M6,X,8.9,6.8,8.0,35,184,Normal
FORD,FLEX,SUV - STANDARD,3.5,6,AS6,X,13.3,9.5,11.6,24,267,HIgh
FORD,FLEX AWD,SUV - STANDARD,3.5,6,AS6,X,13.7,10.1,12.1,23,278,HIgh
FORD,FLEX AWD (EcoBoost),SUV - STANDARD,3.5,6,AS6,X,14.6,10.4,12.8,22,294,HIgh
FORD,FOCUS,COMPACT,1.0,3,M6,X,8.1,5.9,7.1,40,163,Normal
FORD,FOCUS,COMPACT,2.0,4,M6,X,10.2,7.3,8.9,32,205,Normal
FORD,FOCUS FFV,COMPACT,2.0,4,AM6,X,8.9,6.2,7.7,37,177,Normal
FORD,FOCUS FFV,COMPACT,2.0,4,AM6,E,11.9,8.5,10.4,27,166,Normal
FORD,FOCUS FFV,COMPACT,2.0,4,AS6,X,9.1,6.3,7.8,36,179,Normal
FORD,FOCUS FFV,COMPACT,2.0,4,AS6,E,12.2,8.6,10.6,27,170,Normal
FORD,FOCUS FFV,COMPACT,2.0,4,M5,X,9.3,6.7,8.1,35,186,Normal
FORD,FOCUS FFV,COMPACT,2.0,4,M5,E,12.4,9.1,10.9,26,174,Normal
FORD,FUSION,MID-SIZE,1.5,4,AS6,X,9.9,6.5,8.4,34,193,Normal
FORD,FUSION (Start/Stop),MID-SIZE,1.5,4,AS6,X,9.4,6.3,8.0,35,184,Normal
FORD,FUSION,MID-SIZE,2.0,4,AS6,X,10.5,7.0,8.9,32,205,Normal
FORD,FUSION,MID-SIZE,2.5,4,AS6,X,10.6,7.0,8.9,32,205,Normal
FORD,FUSION AWD,MID-SIZE,2.0,4,AS6,X,10.8,7.5,9.3,30,214,Normal
FORD,FUSION HYBRID,MID-SIZE,2.0,4,AV,X,5.4,5.8,5.5,51,126,Normal
FORD,MUSTANG,SUBCOMPACT,2.3,4,AS6,X,11.0,7.4,9.4,30,216,Normal
FORD,MUSTANG,SUBCOMPACT,2.3,4,M6,X,10.6,7.5,9.2,31,212,Normal
FORD,MUSTANG,SUBCOMPACT,3.7,6,AS6,X,12.6,8.5,10.7,26,246,Normal
FORD,MUSTANG,SUBCOMPACT,3.7,6,M6,X,13.5,8.3,11.2,25,258,HIgh
FORD,MUSTANG,SUBCOMPACT,5.0,8,AS6,X,14.9,9.5,12.4,23,285,HIgh
FORD,MUSTANG,SUBCOMPACT,5.0,8,M6,X,15.2,9.3,12.5,23,288,HIgh
FORD,MUSTANG CONVERTIBLE,SUBCOMPACT,2.3,4,AS6,X,11.6,7.9,9.9,29,228,Normal
FORD,MUSTANG CONVERTIBLE,SUBCOMPACT,5.0,8,AS6,X,15.4,10.0,13.0,22,299,HIgh
FORD,T-150 WAGON,VAN - PASSENGER,3.5,6,AS6,X,16.6,12.5,14.7,19,338,HIgh
FORD,T-150 WAGON FFV,VAN - PASSENGER,3.7,6,AS6,X,16.6,12.6,14.8,19,340,HIgh
FORD,T-150 WAGON FFV,VAN - PASSENGER,3.7,6,AS6,E,22.1,16.7,19.7,14,315,HIgh
FORD,TAURUS,FULL-SIZE,2.0,4,AS6,X,10.5,7.4,9.1,31,209,Normal
FORD,TAURUS AWD,FULL-SIZE,3.5,6,AS6,X,13.9,9.5,11.9,24,274,HIgh
FORD,TAURUS FFV,FULL-SIZE,3.5,6,AS6,X,12.2,8.2,10.4,27,239,Normal
FORD,TAURUS FFV,FULL-SIZE,3.5,6,AS6,E,17.4,11.3,14.7,19,235,Normal
FORD,TAURUS FFV AWD,FULL-SIZE,3.5,6,AS6,X,13.0,9.1,11.3,25,260,HIgh
FORD,TAURUS FFV AWD,FULL-SIZE,3.5,6,AS6,E,18.8,12.6,16.0,18,256,HIgh
FORD,TRANSIT CONNECT VAN,SPECIAL PURPOSE VEHICLE,1.6,4,AS6,X,10.6,7.9,9.4,30,216,Normal
FORD,TRANSIT CONNECT VAN,SPECIAL PURPOSE VEHICLE,2.5,4,AS6,X,11.3,8.2,9.9,29,228,Normal
FORD,TRANSIT CONNECT WAGON,SPECIAL PURPOSE VEHICLE,2.5,4,AS6,X,11.7,8.4,10.2,28,235,Normal
FORD,TRANSIT CONNECT WAGON TAXI,SPECIAL PURPOSE VEHICLE,2.5,4,AS6,X,12.0,8.5,10.4,27,239,Normal
GMC,ACADIA,SUV - STANDARD,3.6,6,A6,X,14.2,9.9,12.3,23,283,HIgh
GMC,ACADIA AWD,SUV - STANDARD,3.6,6,A6,X,14.6,10.2,12.6,22,290,HIgh
GMC,CANYON,PICKUP TRUCK - SMALL,2.5,4,A6,X,11.9,8.8,10.5,27,242,Normal
GMC,CANYON,PICKUP TRUCK - SMALL,2.5,4,M6,X,12.2,9.1,10.8,26,248,Normal
GMC,CANYON,PICKUP TRUCK - SMALL,3.6,6,A6,X,13.0,9.2,11.3,25,260,HIgh
GMC,CANYON 4WD,PICKUP TRUCK - SMALL,2.5,4,A6,X,12.7,9.5,11.3,25,260,HIgh
GMC,CANYON 4WD,PICKUP TRUCK - SMALL,3.6,6,A6,X,13.5,9.8,11.8,24,271,HIgh
GMC,SAVANA 2500 PASSENGER,VAN - PASSENGER,4.8,8,A6,X,21.0,14.2,18.0,16,414,HIgh
GMC,SAVANA 2500 PASSENGER,VAN - PASSENGER,6.0,8,A6,X,22.0,14.9,18.8,15,432,HIgh
GMC,SAVANA 2500 PASSENGER FFV,VAN - PASSENGER,6.0,8,A6,X,22.0,14.9,18.8,15,432,HIgh
GMC,SAVANA 2500 PASSENGER FFV,VAN - PASSENGER,6.0,8,A6,E,30.3,20.5,25.9,11,414,HIgh
GMC,SAVANA 3500 PASSENGER,VAN - PASSENGER,4.8,8,A6,X,21.3,14.3,18.1,16,416,HIgh
GMC,SAVANA 3500 PASSENGER,VAN - PASSENGER,6.0,8,A6,X,22.2,15.1,19.0,15,437,HIgh
GMC,SAVANA 3500 PASSENGER FFV,VAN - PASSENGER,6.0,8,A6,X,22.2,15.1,19.0,15,437,HIgh
GMC,SAVANA 3500 PASSENGER FFV,VAN - PASSENGER,6.0,8,A6,E,30.6,20.6,26.1,11,418,HIgh
GMC,SIERRA,PICKUP TRUCK - STANDARD,4.3,6,A6,X,13.4,9.9,11.9,24,274,HIgh
GMC,SIERRA,PICKUP TRUCK - STANDARD,4.3,6,A6,E,19.3,14.3,17.1,17,274,HIgh
GMC,SIERRA,PICKUP TRUCK - STANDARD,5.3,8,A6,X,14.6,10.3,12.7,22,292,HIgh
GMC,SIERRA,PICKUP TRUCK - STANDARD,5.3,8,A6,E,19.9,13.8,17.2,16,275,HIgh
GMC,SIERRA,PICKUP TRUCK - STANDARD,6.2,8,A8,Z,16.1,11.4,14.0,20,322,HIgh
GMC,SIERRA 4WD,PICKUP TRUCK - STANDARD,4.3,6,A6,X,14.1,10.6,12.5,23,288,HIgh
GMC,SIERRA 4WD,PICKUP TRUCK - STANDARD,4.3,6,A6,E,20.3,15.2,18.0,16,288,HIgh
GMC,SIERRA 4WD,PICKUP TRUCK - STANDARD,5.3,8,A6,X,14.9,10.7,13.0,22,299,HIgh
GMC,SIERRA 4WD,PICKUP TRUCK - STANDARD,5.3,8,A6,E,20.2,14.3,17.5,16,280,HIgh
GMC,SIERRA 4WD,PICKUP TRUCK - STANDARD,6.2,8,A8,Z,16.3,11.6,14.2,20,327,HIgh
GMC,TERRAIN,SUV - SMALL,2.4,4,A6,X,10.5,7.3,9.1,31,209,Normal
GMC,TERRAIN FFV,SUV - SMALL,2.4,4,A6,X,10.5,7.3,9.1,31,209,Normal
GMC,TERRAIN FFV,SUV - SMALL,2.4,4,A6,E,15.6,10.8,13.4,21,214,Normal
GMC,TERRAIN,SUV - SMALL,3.6,6,A6,X,14.2,9.5,12.1,23,278,HIgh
GMC,TERRAIN AWD,SUV - SMALL,2.4,4,A6,X,11.5,8.2,10.0,28,230,Normal
GMC,TERRAIN AWD,SUV - SMALL,3.6,6,A6,X,14.8,9.9,12.6,22,290,HIgh
GMC,YUKON,SUV - STANDARD,5.3,8,A6,X,14.9,10.1,12.7,22,292,HIgh
GMC,YUKON,SUV - STANDARD,5.3,8,A6,E,20.2,13.6,17.2,16,275,HIgh
GMC,YUKON 4WD,SUV - STANDARD,5.3,8,A6,X,15.1,10.4,13.0,22,299,HIgh
GMC,YUKON 4WD,SUV - STANDARD,5.3,8,A6,E,20.5,14.0,17.6,16,282,HIgh
GMC,YUKON DENALI 4WD,SUV - STANDARD,6.2,8,A6,Z,16.2,11.4,14.0,20,322,HIgh
GMC,YUKON DENALI 4WD,SUV - STANDARD,6.2,8,A8,Z,15.9,11.1,13.8,20,317,HIgh
GMC,YUKON XL,SUV - STANDARD,5.3,8,A6,X,14.9,10.1,12.7,22,292,HIgh
GMC,YUKON XL,SUV - STANDARD,5.3,8,A6,E,20.2,13.6,17.2,16,275,HIgh
GMC,YUKON XL 4WD,SUV - STANDARD,5.3,8,A6,X,15.4,10.8,13.3,21,306,HIgh
GMC,YUKON XL 4WD,SUV - STANDARD,5.3,8,A6,E,22.1,15.4,19.1,15,306,HIgh
GMC,YUKON XL DENALI 4WD,SUV - STANDARD,6.2,8,A6,Z,16.8,11.7,14.5,19,334,HIgh
GMC,YUKON XL DENALI 4WD,SUV - STANDARD,6.2,8,A8,Z,16.4,11.7,14.3,20,329,HIgh
HONDA,ACCORD,MID-SIZE,2.4,4,AV,X,8.8,6.5,7.8,36,179,Normal
HONDA,ACCORD,MID-SIZE,2.4,4,AV7,X,9.0,6.7,8.0,35,184,Normal
HONDA,ACCORD,MID-SIZE,2.4,4,M6,X,10.1,6.9,8.7,32,200,Normal
HONDA,ACCORD,MID-SIZE,3.5,6,A6,X,11.0,6.8,9.1,31,209,Normal
HONDA,ACCORD,MID-SIZE,3.5,6,AS6,X,11.4,7.3,9.5,30,219,Normal
HONDA,ACCORD,MID-SIZE,3.5,6,M6,X,13.0,8.4,10.9,26,251,HIgh
HONDA,ACCORD HYBRID,MID-SIZE,2.0,4,AV,X,4.7,5.3,5.0,56,115,Normal
HONDA,CIVIC,COMPACT,1.8,4,AV,X,7.9,6.1,7.1,40,163,Normal
HONDA,CIVIC,COMPACT,1.8,4,AV7,X,8.1,6.2,7.2,39,166,Normal
HONDA,CIVIC,COMPACT,1.8,4,M5,X,8.6,6.6,7.7,37,177,Normal
HONDA,CIVIC Si,COMPACT,2.4,4,M6,Z,10.8,7.6,9.4,30,216,Normal
HONDA,CIVIC HYBRID,COMPACT,1.5,4,AV,X,5.3,5.0,5.2,54,120,Normal
HONDA,CR-V,SUV - SMALL,2.4,4,AV,X,8.6,6.9,7.8,36,179,Normal
HONDA,CR-V AWD,SUV - SMALL,2.4,4,AV,X,9.1,7.2,8.3,34,191,Normal
HONDA,CR-Z,TWO-SEATER,1.5,4,AV7,X,6.6,6.0,6.3,45,145,Normal
HONDA,CR-Z,TWO-SEATER,1.5,4,M6,X,7.6,6.1,6.9,41,159,Normal
HONDA,FIT,STATION WAGON - SMALL,1.5,4,AV,X,7.0,5.7,6.4,44,147,Normal
HONDA,FIT,STATION WAGON - SMALL,1.5,4,AV7,X,7.3,6.1,6.8,42,156,Normal
HONDA,FIT,STATION WAGON - SMALL,1.5,4,M6,X,8.1,6.4,7.3,39,168,Normal
HONDA,ODYSSEY,MINIVAN,3.5,6,A6,X,12.3,8.5,10.6,27,244,Normal
HONDA,PILOT,SUV - SMALL,3.5,6,A5,X,13.3,9.3,11.5,25,264,HIgh
HONDA,PILOT 4WD,SUV - SMALL,3.5,6,A5,X,13.8,9.7,12.0,24,276,HIgh
HYUNDAI,ACCENT,COMPACT,1.6,4,AS6,X,8.9,6.3,7.7,37,177,Normal
HYUNDAI,ACCENT,COMPACT,1.6,4,M6,X,8.7,6.3,7.6,37,175,Normal
HYUNDAI,ELANTRA,MID-SIZE,1.8,4,AS6,X,8.5,6.3,7.5,38,172,Normal
HYUNDAI,ELANTRA,MID-SIZE,1.8,4,M6,X,8.8,6.4,7.7,37,177,Normal
HYUNDAI,ELANTRA,MID-SIZE,2.0,4,AS6,X,9.7,6.7,8.3,34,191,Normal
HYUNDAI,ELANTRA,MID-SIZE,2.0,4,M6,X,9.8,7.0,8.5,33,196,Normal
HYUNDAI,ELANTRA COUPE,MID-SIZE,2.0,4,AS6,X,9.6,6.8,8.3,34,191,Normal
HYUNDAI,ELANTRA COUPE,MID-SIZE,2.0,4,M6,X,9.7,6.7,8.3,34,191,Normal
HYUNDAI,ELANTRA GT,MID-SIZE,2.0,4,AS6,X,9.7,7.2,8.6,33,198,Normal
HYUNDAI,ELANTRA GT,MID-SIZE,2.0,4,M6,X,9.8,6.9,8.5,33,196,Normal
HYUNDAI,EQUUS,FULL-SIZE,5.0,8,AS8,Z,15.8,10.2,13.3,21,306,HIgh
HYUNDAI,GENESIS AWD,FULL-SIZE,3.8,6,AS8,X,14.4,9.4,12.1,23,278,HIgh
HYUNDAI,GENESIS AWD,FULL-SIZE,5.0,8,AS8,Z,17.3,10.5,14.2,20,327,HIgh
HYUNDAI,GENESIS COUPE,SUBCOMPACT,3.8,6,AS8,Z,14.6,9.6,12.3,23,283,HIgh
HYUNDAI,GENESIS COUPE,SUBCOMPACT,3.8,6,M6,Z,14.4,9.9,12.4,23,285,HIgh
HYUNDAI,SANTA FE,SUV - SMALL,3.3,6,AS6,X,12.9,9.4,11.3,25,260,HIgh
HYUNDAI,SANTA FE AWD,SUV - SMALL,3.3,6,AS6,X,13.0,9.7,11.5,25,264,HIgh
HYUNDAI,SANTA FE SPORT,SUV - SMALL,2.4,4,AS6,X,11.7,8.7,10.3,27,237,Normal
HYUNDAI,SANTA FE SPORT AWD,SUV - SMALL,2.0,4,AS6,X,12.9,9.8,11.5,25,264,HIgh
HYUNDAI,SANTA FE SPORT AWD,SUV - SMALL,2.4,4,AS6,X,12.5,9.3,11.1,25,255,HIgh
HYUNDAI,SANTA FE ULTIMATE AWD,SUV - SMALL,3.3,6,AS6,X,13.9,10.8,12.5,23,287,HIgh
HYUNDAI,SONATA,FULL-SIZE,2.0,4,AS6,X,10.4,7.4,9.1,31,209,Normal
HYUNDAI,SONATA,FULL-SIZE,2.4,4,AS6,X,9.8,6.7,8.4,34,193,Normal
HYUNDAI,SONATA SPORT/LIMITED,FULL-SIZE,2.4,4,AS6,X,9.8,6.7,8.4,34,193,Normal
HYUNDAI,SONATA HYBRID,MID-SIZE,2.4,4,AS6,X,6.6,5.9,6.3,45,145,Normal
HYUNDAI,SONATA HYBRID LIMITED,MID-SIZE,2.4,4,AS6,X,6.6,5.9,6.3,45,145,Normal
HYUNDAI,TUCSON,SUV - SMALL,2.0,4,AS6,X,10.2,8.2,9.3,30,214,Normal
HYUNDAI,TUCSON,SUV - SMALL,2.0,4,M6,X,11.4,8.5,10.1,28,232,Normal
HYUNDAI,TUCSON,SUV - SMALL,2.4,4,AS6,X,11.3,8.3,10.0,28,230,Normal
HYUNDAI,TUCSON AWD,SUV - SMALL,2.0,4,AS6,X,11.4,9.3,10.4,27,239,Normal
HYUNDAI,TUCSON AWD,SUV - SMALL,2.4,4,AS6,X,11.6,9.3,10.6,27,244,Normal
HYUNDAI,VELOSTER,COMPACT,1.6,4,AM6,X,8.6,6.6,7.7,37,177,Normal
HYUNDAI,VELOSTER,COMPACT,1.6,4,M6,X,9.0,6.7,8.0,35,184,Normal
HYUNDAI,VELOSTER TURBO,COMPACT,1.6,4,AS6,X,9.9,7.6,8.8,32,202,Normal
HYUNDAI,VELOSTER TURBO,COMPACT,1.6,4,M6,X,9.7,7.0,8.5,33,196,Normal
INFINITI,Q50,MID-SIZE,3.7,6,AS7,Z,12.0,8.1,10.3,27,237,Normal
INFINITI,Q50 AWD,MID-SIZE,3.7,6,AS7,Z,12.5,8.7,10.8,26,248,Normal
INFINITI,Q50 HYBRID,COMPACT,3.5,6,AS7,Z,8.2,6.7,7.5,38,172,Normal
INFINITI,Q50 HYBRID AWD,COMPACT,3.5,6,AS7,Z,8.7,7.5,8.2,34,189,Normal
INFINITI,Q60,SUBCOMPACT,3.7,6,AS7,Z,12.4,8.7,10.7,26,246,Normal
INFINITI,Q60,SUBCOMPACT,3.7,6,M6,Z,13.6,9.3,11.6,24,267,HIgh
INFINITI,Q60 AWD,SUBCOMPACT,3.7,6,AS7,Z,13.3,9.4,11.5,25,264,HIgh
INFINITI,Q60 CONVERTIBLE,SUBCOMPACT,3.7,6,AS7,Z,13.6,9.3,11.7,24,269,HIgh
INFINITI,Q60 CONVERTIBLE,SUBCOMPACT,3.7,6,M6,Z,14.3,9.8,12.3,23,283,HIgh
INFINITI,Q70,MID-SIZE,3.7,6,AS7,Z,12.8,8.9,11.0,26,253,HIgh
INFINITI,Q70,MID-SIZE,5.6,8,AS7,Z,14.8,9.5,12.4,23,285,HIgh
INFINITI,Q70 AWD,MID-SIZE,3.7,6,AS7,Z,13.2,9.6,11.6,24,267,HIgh
INFINITI,Q70 AWD,MID-SIZE,5.6,8,AS7,Z,15.0,10.2,12.9,22,297,HIgh
INFINITI,Q70 HYBRID,MID-SIZE,3.5,6,AS7,Z,8.0,6.9,7.5,38,172,Normal
INFINITI,QX50 AWD,STATION WAGON - SMALL,3.7,6,AS7,Z,13.7,9.7,11.9,24,274,HIgh
INFINITI,QX60,SUV - SMALL,3.5,6,AV7,Z,11.4,8.5,10.1,28,232,Normal
INFINITI,QX60 AWD,SUV - SMALL,3.5,6,AV7,Z,12.2,8.9,10.7,26,246,Normal
INFINITI,QX60 HYBRID AWD,SUV - STANDARD,2.5,4,AV7,X,8.9,8.4,8.7,32,200,Normal
INFINITI,QX70 AWD,SUV - SMALL,3.7,6,AS7,Z,14.6,10.7,12.8,22,294,HIgh
INFINITI,QX80 4WD,SUV - STANDARD,5.6,8,AS7,Z,16.9,11.9,14.7,19,338,HIgh
JAGUAR,F-TYPE CONVERTIBLE,TWO-SEATER,3.0,6,AS8,Z,11.8,8.4,10.3,27,237,Normal
JAGUAR,F-TYPE COUPE,TWO-SEATER,3.0,6,AS8,Z,11.8,8.4,10.3,27,237,Normal
JAGUAR,F-TYPE S CONVERTIBLE,TWO-SEATER,3.0,6,AS8,Z,12.2,8.7,10.6,27,244,Normal
JAGUAR,F-TYPE S COUPE,TWO-SEATER,3.0,6,AS8,Z,12.2,8.7,10.6,27,244,Normal
JAGUAR,F-TYPE V8 R COUPE,TWO-SEATER,5.0,8,AS8,Z,15.0,10.2,12.8,22,294,HIgh
JAGUAR,F-TYPE V8 S CONVERTIBLE,TWO-SEATER,5.0,8,AS8,Z,15.0,10.2,12.8,22,294,HIgh
JAGUAR,XF,MID-SIZE,2.0,4,AS8,Z,12.3,8.2,10.5,27,242,Normal
JAGUAR,XF AWD,MID-SIZE,3.0,6,AS8,Z,13.9,8.8,11.6,24,267,HIgh
JAGUAR,XFR,MID-SIZE,5.0,8,AS8,Z,15.7,10.3,13.2,21,304,HIgh
JAGUAR,XFR,MID-SIZE,5.0,8,AS8,E,21.3,14.1,18.1,16,290,HIgh
JAGUAR,XFR-S,MID-SIZE,5.0,8,AS8,Z,15.7,10.3,13.2,21,304,HIgh
JAGUAR,XJ AWD,FULL-SIZE,3.0,6,AS8,Z,14.6,9.6,12.4,23,285,HIgh
JAGUAR,XJ SUPERCHARGED,FULL-SIZE,5.0,8,AS8,Z,15.8,10.2,13.3,21,306,HIgh
JAGUAR,XJ SUPERCHARGED,FULL-SIZE,5.0,8,AS8,E,20.6,13.6,17.5,16,280,HIgh
JAGUAR,XJL AWD PORTFOLIO,FULL-SIZE,3.0,6,AS8,Z,14.7,9.6,12.5,23,288,HIgh
JAGUAR,XJL SUPERCHARGED,FULL-SIZE,5.0,8,AS8,Z,15.8,10.2,13.3,21,306,HIgh
JAGUAR,XJL SUPERCHARGED,FULL-SIZE,5.0,8,AS8,E,20.6,13.6,17.5,16,280,HIgh
JAGUAR,XJR,FULL-SIZE,5.0,8,AS8,Z,15.8,10.2,13.3,21,306,HIgh
JAGUAR,XJR LWB,FULL-SIZE,5.0,8,AS8,Z,15.8,10.2,13.3,21,306,HIgh
JAGUAR,XKR CONVERTIBLE,MINICOMPACT,5.0,8,AS6,Z,15.9,10.9,13.6,21,313,HIgh
JAGUAR,XKR COUPE,MINICOMPACT,5.0,8,AS6,Z,15.6,10.9,13.4,21,308,HIgh
JAGUAR,XKR-S CONVERTIBLE,MINICOMPACT,5.0,8,AS6,Z,15.9,10.9,13.6,21,313,HIgh
JAGUAR,XKR-S COUPE,MINICOMPACT,5.0,8,AS6,Z,15.6,10.9,13.4,21,308,HIgh
JEEP,CHEROKEE,SUV - SMALL,2.4,4,A9,X,10.9,7.7,9.5,30,218,Normal
JEEP,CHEROKEE FFV,SUV - SMALL,2.4,4,A9,X,10.9,7.7,9.5,30,218,Normal
JEEP,CHEROKEE FFV,SUV - SMALL,2.4,4,A9,E,15.2,10.2,12.9,22,206,Normal
JEEP,CHEROKEE,SUV - SMALL,3.2,6,A9,X,11.4,8.1,9.9,29,228,Normal
JEEP,CHEROKEE 4X4,SUV - SMALL,2.4,4,A9,X,11.3,8.3,10.0,28,230,Normal
JEEP,CHEROKEE 4X4 FFV,SUV - SMALL,2.4,4,A9,X,11.3,8.3,10.0,28,230,Normal
JEEP,CHEROKEE 4X4 FFV,SUV - SMALL,2.4,4,A9,E,15.9,11.0,13.7,21,219,Normal
JEEP,CHEROKEE 4X4,SUV - SMALL,3.2,6,A9,X,11.6,8.5,10.2,28,235,Normal
JEEP,CHEROKEE 4X4 ACTIVE DRIVE II,SUV - SMALL,2.4,4,A9,X,11.4,8.6,10.1,28,232,Normal
JEEP,CHEROKEE 4X4 ACTIVE DRIVE II,SUV - SMALL,3.2,6,A9,X,12.6,8.9,10.9,26,251,HIgh
JEEP,CHEROKEE TRAILHAWK 4X4,SUV - SMALL,2.4,4,A9,X,12.1,9.4,10.9,26,251,HIgh
JEEP,CHEROKEE TRAILHAWK 4X4,SUV - SMALL,3.2,6,A9,X,12.2,9.0,10.8,26,248,Normal
JEEP,COMPASS,SUV - SMALL,2.0,4,AV,X,10.7,8.8,9.9,29,228,Normal
JEEP,COMPASS,SUV - SMALL,2.0,4,M5,X,10.2,7.8,9.2,31,212,Normal
JEEP,COMPASS,SUV - SMALL,2.4,4,A6,X,11.2,8.6,10.0,28,230,Normal
JEEP,COMPASS,SUV - SMALL,2.4,4,M5,X,10.2,8.2,9.3,30,214,Normal
JEEP,COMPASS 4X4,SUV - SMALL,2.4,4,A6,X,11.4,8.7,10.2,28,235,Normal
JEEP,COMPASS 4X4,SUV - SMALL,2.4,4,M5,X,10.6,8.6,9.7,29,223,Normal
JEEP,COMPASS 4X4 TRAIL RATED,SUV - SMALL,2.4,4,AV,X,11.7,10.3,11.1,25,255,HIgh
JEEP,GRAND CHEROKEE 4X4 DIESEL,SUV - STANDARD,3.0,6,A8,D,11.2,8.4,9.9,29,267,HIgh
JEEP,GRAND CHEROKEE 4X4 FFV,SUV - STANDARD,3.6,6,A8,X,13.9,9.8,12.1,23,278,HIgh
JEEP,GRAND CHEROKEE 4X4 FFV,SUV - STANDARD,3.6,6,A8,E,17.7,13.0,15.6,18,250,Normal
JEEP,GRAND CHEROKEE 4X4 (MDS),SUV - STANDARD,5.7,8,A8,X,17.3,11.5,14.7,19,338,HIgh
JEEP,GRAND CHEROKEE SRT 4X4 (MDS),SUV - STANDARD,6.4,8,A8,Z,18.5,12.6,15.8,18,363,HIgh
JEEP,PATRIOT,SUV - SMALL,2.0,4,AV,X,10.7,8.8,9.9,29,228,Normal
JEEP,PATRIOT,SUV - SMALL,2.0,4,M5,X,10.2,7.8,9.2,31,212,Normal
JEEP,PATRIOT,SUV - SMALL,2.4,4,A6,X,11.2,8.6,10.0,28,230,Normal
JEEP,PATRIOT,SUV - SMALL,2.4,4,M5,X,10.2,8.2,9.3,30,214,Normal
JEEP,PATRIOT 4X4,SUV - SMALL,2.4,4,A6,X,11.4,8.7,10.2,28,235,Normal
JEEP,PATRIOT 4X4,SUV - SMALL,2.4,4,M5,X,10.6,8.6,9.7,29,223,Normal
JEEP,PATRIOT 4X4 TRAIL RATED,SUV - SMALL,2.4,4,AV,X,11.7,10.3,11.1,25,255,HIgh
JEEP,RENEGADE,SUV - SMALL,1.4,4,M6,X,9.9,7.5,8.8,32,202,Normal
JEEP,RENEGADE FFV,SUV - SMALL,2.4,4,A9,X,10.8,7.7,9.4,30,216,Normal
JEEP,RENEGADE FFV,SUV - SMALL,2.4,4,A9,E,14.2,9.9,12.2,23,195,Normal
JEEP,RENEGADE 4X4,SUV - SMALL,1.4,4,M6,X,9.9,7.5,8.8,32,202,Normal
JEEP,RENEGADE 4X4,SUV - SMALL,2.4,4,A9,X,11.2,8.0,9.8,29,225,Normal
JEEP,WRANGLER 4X4,SUV - SMALL,3.6,6,A5,X,14.1,11.1,12.8,22,294,HIgh
JEEP,WRANGLER 4X4,SUV - SMALL,3.6,6,M6,X,14.2,11.0,12.8,22,294,HIgh
JEEP,WRANGLER UNLIMITED 4X4,SUV - SMALL,3.6,6,A5,X,14.8,11.7,13.4,21,308,HIgh
JEEP,WRANGLER UNLIMITED 4X4,SUV - SMALL,3.6,6,M6,X,15.0,11.4,13.4,21,308,HIgh
KIA,CADENZA,FULL-SIZE,3.3,6,AS6,X,12.7,8.4,10.7,26,246,Normal
KIA,FORTE,MID-SIZE,1.8,4,AS6,X,8.8,6.1,7.6,37,175,Normal
KIA,FORTE,MID-SIZE,1.8,4,M6,X,9.3,6.3,7.9,36,182,Normal
KIA,FORTE,MID-SIZE,2.0,4,AS6,X,9.7,6.7,8.3,34,191,Normal
KIA,FORTE,MID-SIZE,2.0,4,M6,X,9.8,6.9,8.5,33,196,Normal
KIA,FORTE 5,FULL-SIZE,1.6,4,AS6,X,11.1,8.0,9.7,29,223,Normal
KIA,FORTE 5,FULL-SIZE,1.6,4,M6,X,11.1,8.2,9.8,29,225,Normal
KIA,FORTE 5,FULL-SIZE,2.0,4,AS6,X,9.5,7.2,8.5,33,196,Normal
KIA,FORTE 5,FULL-SIZE,2.0,4,M6,X,9.7,6.9,8.4,34,193,Normal
KIA,FORTE KOUP,COMPACT,1.6,4,AS6,X,10.6,7.8,9.4,30,216,Normal
KIA,FORTE KOUP,COMPACT,1.6,4,M6,X,10.8,8.1,9.6,29,221,Normal
KIA,FORTE KOUP,COMPACT,2.0,4,AS6,X,9.7,7.1,8.6,33,198,Normal
KIA,FORTE KOUP,COMPACT,2.0,4,M6,X,10.0,7.4,8.8,32,202,Normal
KIA,K900,FULL-SIZE,3.8,6,AS8,X,13.3,8.9,11.3,25,260,HIgh
KIA,K900,FULL-SIZE,5.0,8,AS8,Z,15.7,10.3,13.3,21,306,HIgh
KIA,OPTIMA,MID-SIZE,2.0,4,AS6,X,11.7,7.7,9.9,29,228,Normal
KIA,OPTIMA,MID-SIZE,2.4,4,AS6,X,10.2,6.9,8.7,32,200,Normal
KIA,OPTIMA HYBRID,MID-SIZE,2.4,4,AS6,X,6.6,5.9,6.3,45,145,Normal
KIA,OPTIMA HYBRID EX,MID-SIZE,2.4,4,AS6,X,6.7,6.1,6.4,44,147,Normal
KIA,RIO,COMPACT,1.6,4,AS6,X,8.8,6.3,7.7,37,177,Normal
KIA,RIO,COMPACT,1.6,4,M6,X,8.7,6.4,7.7,37,177,Normal
KIA,RIO ECO,COMPACT,1.6,4,AS6,X,8.5,6.3,7.6,37,175,Normal
KIA,RONDO,STATION WAGON - MID-SIZE,2.0,4,AS6,X,10.6,7.6,9.3,30,214,Normal
KIA,RONDO,STATION WAGON - MID-SIZE,2.0,4,M6,X,10.8,7.4,9.3,30,214,Normal
KIA,SEDONA,MINIVAN,3.3,6,AS6,X,13.2,9.7,11.6,24,267,HIgh
KIA,SEDONA SX,MINIVAN,3.3,6,AS6,X,12.9,9.5,11.4,25,262,HIgh
KIA,SEDONA SXL,MINIVAN,3.3,6,AS6,X,14.2,10.5,12.5,23,288,HIgh
KIA,SORENTO,SUV - SMALL,2.4,4,AS6,X,11.8,8.7,10.4,27,239,Normal
KIA,SORENTO,SUV - SMALL,3.3,6,AS6,X,12.7,9.0,11.1,25,255,HIgh
KIA,SORENTO AWD,SUV - SMALL,2.4,4,AS6,X,12.2,9.4,10.9,26,251,HIgh
KIA,SORENTO AWD,SUV - SMALL,3.3,6,AS6,X,13.4,10.0,11.8,24,271,HIgh
KIA,SOUL,STATION WAGON - SMALL,1.6,4,AS6,X,9.8,7.8,8.9,32,205,Normal
KIA,SOUL,STATION WAGON - SMALL,1.6,4,M6,X,9.9,7.8,9.0,31,207,Normal
KIA,SOUL,STATION WAGON - SMALL,2.0,4,AS6,X,10.1,7.7,9.0,31,207,Normal
KIA,SOUL ECO Dynamics,STATION WAGON - SMALL,2.0,4,AS6,X,9.7,7.7,8.8,32,202,Normal
KIA,SPORTAGE,SUV - SMALL,2.4,4,AS6,X,11.4,8.3,10.0,28,230,Normal
KIA,SPORTAGE,SUV - SMALL,2.4,4,M6,X,12.9,9.2,11.3,25,260,HIgh
KIA,SPORTAGE AWD,SUV - SMALL,2.0,4,AS6,X,12.6,9.7,11.3,25,260,HIgh
KIA,SPORTAGE AWD,SUV - SMALL,2.4,4,AS6,X,12.0,9.1,10.7,26,246,Normal
LAMBORGHINI,AVENTADOR COUPE,TWO-SEATER,6.5,12,AM7,Z,22.2,12.7,17.9,16,412,HIgh
LAMBORGHINI,AVENTADOR ROADSTER,TWO-SEATER,6.5,12,AM7,Z,24.0,14.5,19.7,14,453,HIgh
LAMBORGHINI,HURACAN,TWO-SEATER,5.2,10,AM7,Z,16.8,11.7,14.5,19,334,HIgh
LAMBORGHINI,VENENO ROADSTER,TWO-SEATER,6.5,12,AM7,Z,22.1,13.9,18.4,15,423,HIgh
LAND ROVER,LR2,SUV - SMALL,2.0,4,AS6,Z,13.5,9.9,11.9,24,274,HIgh
LAND ROVER,LR4,SUV - STANDARD,3.0,6,AS8,Z,16.2,12.1,14.3,20,329,HIgh
LAND ROVER,RANGE ROVER,SUV - STANDARD,3.0,6,AS8,Z,13.9,10.4,12.3,23,283,HIgh
LAND ROVER,RANGE ROVER SUPERCHARGED,SUV - STANDARD,5.0,8,AS8,Z,17.2,12.5,15.1,19,347,HIgh
LAND ROVER,RANGE ROVER SUPERCHARGED,SUV - STANDARD,5.0,8,AS8,E,25.0,16.9,21.4,13,342,HIgh
LAND ROVER,RANGE ROVER SUPERCHARGED LWB,SUV - STANDARD,5.0,8,AS8,Z,17.2,12.5,15.1,19,347,HIgh
LAND ROVER,RANGE ROVER SUPERCHARGED LWB,SUV - STANDARD,5.0,8,AS8,E,25.0,16.9,21.4,13,342,HIgh
LAND ROVER,RANGE ROVER EVOQUE,SUV - SMALL,2.0,4,AS9,Z,11.3,7.9,9.7,29,223,Normal
LAND ROVER,RANGE ROVER EVOQUE COUPE,SUV - SMALL,2.0,4,AS9,Z,11.3,7.9,9.7,29,223,Normal
LAND ROVER,RANGE ROVER SPORT,SUV - STANDARD,3.0,6,AS8,Z,14.0,10.5,12.4,23,285,HIgh
LAND ROVER,RANGE ROVER SPORT SUPERCHARGED,SUV - STANDARD,5.0,8,AS8,Z,16.6,12.3,14.7,19,338,HIgh
LAND ROVER,RANGE ROVER SPORT SUPERCHARGED,SUV - STANDARD,5.0,8,AS8,E,24.0,16.6,20.7,14,331,HIgh
LEXUS,CT 200h,COMPACT,1.8,4,AV,X,5.5,5.9,5.7,50,131,Normal
LEXUS,ES 300h,MID-SIZE,2.5,4,AV6,X,5.8,6.1,5.9,48,136,Normal
LEXUS,ES 350,MID-SIZE,3.5,6,AS6,X,11.3,7.5,9.6,29,221,Normal
LEXUS,GS 350,MID-SIZE,3.5,6,AS8,Z,12.3,8.5,10.6,27,244,Normal
LEXUS,GS 350 AWD,MID-SIZE,3.5,6,AS6,Z,12.6,9.1,11.0,26,253,HIgh
LEXUS,GS 450h,MID-SIZE,3.5,6,AV8,Z,8.0,6.9,7.5,38,172,Normal
LEXUS,GX 460,SUV - STANDARD,4.6,8,AS6,Z,15.7,11.7,13.9,20,320,HIgh
LEXUS,IS 250,COMPACT,2.5,6,AS6,Z,11.1,7.8,9.6,29,221,Normal
LEXUS,IS 250 AWD,COMPACT,2.5,6,AS6,Z,11.8,8.7,10.4,27,239,Normal
LEXUS,IS 250 C,SUBCOMPACT,2.5,6,AS6,Z,11.2,7.8,9.6,29,221,Normal
LEXUS,IS 350,COMPACT,3.5,6,AS8,Z,12.3,8.5,10.6,27,244,Normal
LEXUS,IS 350 AWD,COMPACT,3.5,6,AS6,Z,12.6,9.1,11.0,26,253,HIgh
LEXUS,IS 350 C,SUBCOMPACT,3.5,6,AS6,Z,12.2,8.7,10.6,27,244,Normal
LEXUS,LS 460,MID-SIZE,4.6,8,AS8,Z,14.4,9.6,12.3,23,283,HIgh
LEXUS,LS 460 AWD,MID-SIZE,4.6,8,AS8,Z,15.2,10.2,12.9,22,297,HIgh
LEXUS,LS 460 L AWD,MID-SIZE,4.6,8,AS8,Z,15.2,10.2,12.9,22,297,HIgh
LEXUS,LS 600h L,MID-SIZE,5.0,8,AV8,Z,12.7,10.1,11.5,25,264,HIgh
LEXUS,LX 570,SUV - STANDARD,5.7,8,AS6,Z,19.0,13.6,16.6,17,382,HIgh
LEXUS,NX 200t AWD,SUV - SMALL,2.0,4,AS6,Z,10.6,8.4,9.6,29,221,Normal
LEXUS,NX 200t AWD F SPORT,SUV - SMALL,2.0,4,AS6,Z,10.8,8.8,9.9,29,228,Normal
LEXUS,NX 300h AWD,SUV - SMALL,2.5,4,AV6,X,7.1,7.7,7.4,38,170,Normal
LEXUS,RC 350,SUBCOMPACT,3.5,6,AS8,Z,12.3,8.5,10.6,27,244,Normal
LEXUS,RC 350 AWD,SUBCOMPACT,3.5,6,AS6,Z,12.6,9.1,11.0,26,253,HIgh
LEXUS,RC F,SUBCOMPACT,5.0,8,AS8,Z,15.2,9.5,12.6,22,290,HIgh
LEXUS,RX 350 AWD,SUV - SMALL,3.5,6,AS6,X,13.3,9.8,11.7,24,269,HIgh
LEXUS,RX 350 AWD,SUV - SMALL,3.5,6,AS8,X,12.7,9.1,11.1,25,255,HIgh
LEXUS,RX 450h AWD,SUV - SMALL,3.5,6,AV6,Z,8.0,8.5,8.2,34,189,Normal
LINCOLN,MKC AWD,SUV - SMALL,2.0,4,AS6,X,12.4,9.0,10.9,26,251,HIgh
LINCOLN,MKC AWD,SUV - SMALL,2.3,4,AS6,X,12.9,9.2,11.2,25,258,HIgh
LINCOLN,MKS AWD,FULL-SIZE,3.5,6,AS6,X,13.9,9.5,11.9,24,274,HIgh
LINCOLN,MKS AWD,FULL-SIZE,3.7,6,AS6,X,13.1,9.0,11.2,25,258,HIgh
LINCOLN,MKT AWD,SUV - STANDARD,3.5,6,AS6,X,14.6,10.4,12.8,22,294,HIgh
LINCOLN,MKT LIVERY,SPECIAL PURPOSE VEHICLE,2.0,4,AS6,X,11.5,8.4,10.1,28,232,Normal
LINCOLN,MKT LIVERY AWD,SPECIAL PURPOSE VEHICLE,3.7,6,A6,X,14.1,10.0,12.2,23,281,HIgh
LINCOLN,MKX AWD,SUV - SMALL,3.7,6,AS6,X,13.7,10.3,12.1,23,278,HIgh
LINCOLN,MKZ,MID-SIZE,2.0,4,AS6,X,10.5,7.0,8.9,32,205,Normal
LINCOLN,MKZ AWD,MID-SIZE,3.7,6,AS6,X,13.1,9.2,11.3,25,260,HIgh
LINCOLN,MKZ HYBRID,MID-SIZE,2.0,4,AV,X,5.7,6.0,5.8,49,133,Normal
LINCOLN,NAVIGATOR 4X4,SUV - STANDARD,3.5,6,AS6,X,16.2,11.8,14.2,20,327,HIgh
LINCOLN,NAVIGATOR L 4X4,SUV - STANDARD,3.5,6,AS6,X,16.1,12.3,14.4,20,331,HIgh
MASERATI,GHIBLI,MID-SIZE,3.0,6,AS8,Z,15.2,9.6,12.7,22,292,HIgh
MASERATI,GHIBLI AWD,MID-SIZE,3.0,6,AS8,Z,15.6,9.5,12.8,22,294,HIgh
MASERATI,GRANTURISMO,SUBCOMPACT,4.7,8,AS6,Z,18.2,11.4,15.1,19,347,HIgh
MASERATI,GRANTURISMO CONVERTIBLE,SUBCOMPACT,4.7,8,AS6,Z,18.2,11.6,15.2,19,350,HIgh
MASERATI,QUATTROPORTE GTS,FULL-SIZE,3.8,8,AS8,Z,17.5,10.7,14.5,19,334,HIgh
MASERATI,QUATTROPORTE SQ4,FULL-SIZE,3.0,6,AS8,Z,15.7,9.7,13.0,22,299,HIgh
MAZDA,CX-5,SUV - SMALL,2.0,4,AS6,X,8.9,7.3,8.2,34,189,Normal
MAZDA,CX-5,SUV - SMALL,2.0,4,M6,X,9.0,6.8,8.0,35,184,Normal
MAZDA,CX-5,SUV - SMALL,2.5,4,AS6,X,9.6,7.4,8.6,33,198,Normal
MAZDA,CX-5 4WD,SUV - SMALL,2.0,4,AS6,X,9.3,7.6,8.5,33,196,Normal
MAZDA,CX-5 4WD,SUV - SMALL,2.5,4,AS6,X,9.9,7.9,9.0,31,207,Normal
MAZDA,CX-9,SUV - SMALL,3.7,6,AS6,X,14.2,10.0,12.3,23,283,HIgh
MAZDA,CX-9 4WD,SUV - SMALL,3.7,6,AS6,X,14.3,10.6,12.7,22,292,HIgh
MAZDA,MAZDA3 4-DOOR,COMPACT,2.0,4,AS6,X,7.9,5.7,6.9,41,159,Normal
MAZDA,MAZDA3 4-DOOR (SIL),COMPACT,2.0,4,M6,X,8.0,5.8,7.0,40,161,Normal
MAZDA,MAZDA3 4-DOOR,COMPACT,2.5,4,AS6,X,8.4,6.1,7.4,38,170,Normal
MAZDA,MAZDA3 4-DOOR (i-ELOOP),COMPACT,2.5,4,AS6,X,8.2,5.9,7.2,39,166,Normal
MAZDA,MAZDA3 4-DOOR (SIL),COMPACT,2.5,4,M6,X,9.3,6.4,8.0,35,184,Normal
MAZDA,MAZDA3 5-DOOR,MID-SIZE,2.0,4,AS6,X,8.0,5.9,7.0,40,161,Normal
MAZDA,MAZDA3 5-DOOR (SIL),MID-SIZE,2.0,4,M6,X,8.2,5.9,7.1,40,163,Normal
MAZDA,MAZDA3 5-DOOR,MID-SIZE,2.5,4,AS6,X,8.7,6.5,7.7,37,177,Normal
MAZDA,MAZDA3 5-DOOR (i-ELOOP),MID-SIZE,2.5,4,AS6,X,8.2,6.0,7.2,39,166,Normal
MAZDA,MAZDA3 5-DOOR (SIL),MID-SIZE,2.5,4,M6,X,9.2,6.6,8.1,35,186,Normal
MAZDA,MAZDA5,MINIVAN,2.5,4,AS5,X,10.7,8.2,9.6,29,221,Normal
MAZDA,MAZDA5,MINIVAN,2.5,4,M6,X,11.1,8.3,9.8,29,225,Normal
MAZDA,MAZDA6,MID-SIZE,2.5,4,AS6,X,8.8,6.1,7.6,37,175,Normal
MAZDA,MAZDA6,MID-SIZE,2.5,4,M6,X,9.4,6.4,8.1,35,186,Normal
MAZDA,MAZDA6 (i-ELOOP),MID-SIZE,2.5,4,AS6,X,8.4,5.9,7.3,39,168,Normal
MAZDA,MX-5,TWO-SEATER,2.0,4,AS6,Z,11.5,8.5,10.1,28,232,Normal
MAZDA,MX-5,TWO-SEATER,2.0,4,M5,Z,10.5,8.5,9.6,29,221,Normal
MAZDA,MX-5,TWO-SEATER,2.0,4,M6,Z,11.1,8.4,9.9,29,228,Normal
MERCEDES-BENZ,B 250,STATION WAGON - SMALL,2.0,4,AS7,Z,9.2,6.6,8.0,35,184,Normal
MERCEDES-BENZ,B 250 4MATIC,STATION WAGON - SMALL,2.0,4,AS7,Z,10.0,7.5,8.9,32,205,Normal
MERCEDES-BENZ,C 250 COUPE,SUBCOMPACT,1.8,4,AS7,Z,10.9,7.5,9.4,30,216,Normal
MERCEDES-BENZ,C 300 4MATIC,COMPACT,2.0,4,AS7,Z,10.1,7.8,9.0,31,207,Normal
MERCEDES-BENZ,C 350 4MATIC COUPE,SUBCOMPACT,3.5,6,AS7,Z,12.1,8.7,10.6,27,244,Normal
MERCEDES-BENZ,C 350 COUPE,SUBCOMPACT,3.5,6,AS7,Z,12.1,8.6,10.5,27,242,Normal
MERCEDES-BENZ,C 400 4MATIC,COMPACT,3.0,6,AS7,Z,11.1,8.4,9.9,29,228,Normal
MERCEDES-BENZ,C 63 AMG COUPE,SUBCOMPACT,6.2,8,AS7,Z,17.9,12.3,15.4,18,354,HIgh
MERCEDES-BENZ,CLA 250,SUBCOMPACT,2.0,4,AS7,Z,9.4,6.4,8.1,35,186,Normal
MERCEDES-BENZ,CLA 250 4MATIC,SUBCOMPACT,2.0,4,AS7,Z,9.9,7.4,8.8,32,202,Normal
MERCEDES-BENZ,CLA 45 AMG,COMPACT,2.0,4,AS7,Z,10.2,7.7,9.1,31,209,Normal
MERCEDES-BENZ,CLS 400 4MATIC,COMPACT,3.0,6,AS7,Z,12.1,8.5,10.5,27,242,Normal
MERCEDES-BENZ,CLS 550 4MATIC,COMPACT,4.7,8,AS7,Z,14.5,10.1,12.5,23,288,HIgh
MERCEDES-BENZ,CLS 63 AMG 4MATIC,COMPACT,5.5,8,AS7,Z,15.1,10.8,13.1,22,301,HIgh
MERCEDES-BENZ,E 250 BLUETEC 4MATIC,MID-SIZE,2.1,4,AS7,D,8.6,5.9,7.4,38,200,Normal
MERCEDES-BENZ,E 300 4MATIC,MID-SIZE,3.5,6,AS7,Z,11.9,8.2,10.2,28,235,Normal
MERCEDES-BENZ,E 400 4MATIC,MID-SIZE,3.0,6,AS7,Z,12.0,8.5,10.4,27,239,Normal
MERCEDES-BENZ,E 400 4MATIC WAGON,STATION WAGON - MID-SIZE,3.5,6,AS7,Z,12.4,8.8,10.8,26,248,Normal
MERCEDES-BENZ,E 400 CABRIOLET,SUBCOMPACT,3.5,6,AS7,Z,11.5,8.1,10.0,28,230,Normal
MERCEDES-BENZ,E 400 COUPE,SUBCOMPACT,3.5,6,AS7,Z,11.8,8.3,10.2,28,235,Normal
MERCEDES-BENZ,E 550 4MATIC,MID-SIZE,4.7,8,AS7,Z,12.9,9.6,11.4,25,262,HIgh
MERCEDES-BENZ,E 550 CABRIOLET,SUBCOMPACT,4.7,8,AS7,Z,13.7,9.2,11.7,24,269,HIgh
MERCEDES-BENZ,E 550 COUPE,SUBCOMPACT,4.7,8,AS7,Z,13.3,8.9,11.4,25,262,HIgh
MERCEDES-BENZ,E 63 AMG S 4MATIC,MID-SIZE,5.5,8,AS7,Z,15.3,10.8,13.3,21,306,HIgh
MERCEDES-BENZ,E 63 AMG S 4MATIC WAGON,STATION WAGON - MID-SIZE,5.5,8,AS7,Z,15.2,11.0,13.3,21,306,HIgh
MERCEDES-BENZ,G 550,SUV - STANDARD,5.5,8,AS7,Z,19.9,16.1,18.2,16,419,HIgh
MERCEDES-BENZ,G 63 AMG,SUV - STANDARD,5.5,8,AS7,Z,20.0,16.6,18.5,15,426,HIgh
MERCEDES-BENZ,GL 350 BLUETEC 4MATIC,SUV - STANDARD,3.0,6,AS7,D,13.6,10.0,12.0,24,324,HIgh
MERCEDES-BENZ,GL 450 4MATIC,SUV - STANDARD,3.0,6,AS7,Z,15.2,12.6,14.0,20,322,HIgh
MERCEDES-BENZ,GL 550 4MATIC,SUV - STANDARD,4.7,8,AS7,Z,17.5,13.2,15.6,18,359,HIgh
MERCEDES-BENZ,GL 63 AMG,SUV - STANDARD,5.5,8,AS7,Z,18.2,14.0,16.3,17,375,HIgh
MERCEDES-BENZ,GLA 250 4MATIC,SUV - SMALL,2.0,4,AS7,Z,9.8,7.4,8.7,32,200,Normal
MERCEDES-BENZ,GLA 45 AMG 4MATIC,STATION WAGON - MID-SIZE,2.0,4,AS7,Z,10.5,8.1,9.4,30,216,Normal
MERCEDES-BENZ,GLK 250 BLUETEC 4MATIC,SUV - SMALL,2.1,4,AS7,D,9.6,7.0,8.5,33,230,Normal
MERCEDES-BENZ,GLK 350 4MATIC,SUV - SMALL,3.5,6,AS7,Z,12.6,9.6,11.2,25,258,HIgh
MERCEDES-BENZ,ML 350 BLUETEC 4MATIC,SUV - STANDARD,3.0,6,AS7,D,11.8,8.5,10.3,27,278,HIgh
MERCEDES-BENZ,ML 400 4MATIC,SUV - STANDARD,3.0,6,AS7,Z,13.3,10.4,12.0,24,276,HIgh
MERCEDES-BENZ,ML 550 4MATIC,SUV - STANDARD,4.7,8,AS7,Z,16.3,11.8,14.2,20,327,HIgh
MERCEDES-BENZ,ML 63 AMG 4MATIC,SUV - STANDARD,5.5,8,AS7,Z,17.3,13.5,15.6,18,359,HIgh
MERCEDES-BENZ,S 400 4MATIC,MID-SIZE,4.7,6,AS7,Z,12.6,8.6,10.8,26,248,Normal
MERCEDES-BENZ,S 550 4MATIC COUPE,COMPACT,4.7,8,AS7,Z,14.4,9.8,12.3,23,283,HIgh
MERCEDES-BENZ,S 550 4MATIC LWB,FULL-SIZE,4.7,8,AS7,Z,14.8,9.8,12.5,23,288,HIgh
MERCEDES-BENZ,S 550 4MATIC SWB,MID-SIZE,4.7,8,AS7,Z,14.7,9.1,12.2,23,281,HIgh
MERCEDES-BENZ,S 600,FULL-SIZE,6.0,12,AS7,Z,18.1,11.0,14.9,19,343,HIgh
MERCEDES-BENZ,S 63 AMG 4MATIC,FULL-SIZE,5.5,8,AS7,Z,15.7,10.1,13.2,21,304,HIgh
MERCEDES-BENZ,S 63 AMG COUPE,COMPACT,5.5,8,AS7,Z,15.7,10.1,13.2,21,304,HIgh
MERCEDES-BENZ,S 65 AMG,FULL-SIZE,6.0,12,AS7,Z,18.5,11.8,15.5,18,357,HIgh
MERCEDES-BENZ,S 65 AMG COUPE,COMPACT,6.0,12,AS7,Z,18.0,11.3,15.0,19,345,HIgh
MERCEDES-BENZ,SL 550,TWO-SEATER,4.7,8,AS7,Z,13.8,9.5,11.9,24,274,HIgh
MERCEDES-BENZ,SL 63 AMG,TWO-SEATER,5.5,8,AS7,Z,14.7,9.5,12.4,23,285,HIgh
MERCEDES-BENZ,SL 65 AMG,TWO-SEATER,6.0,12,AS7,Z,16.7,11.2,14.2,20,327,HIgh
MERCEDES-BENZ,SLK 250,TWO-SEATER,1.8,4,AS7,Z,10.4,7.2,9.0,31,207,Normal
MERCEDES-BENZ,SLK 250,TWO-SEATER,1.8,4,M6,Z,10.4,7.2,9.0,31,207,Normal
MERCEDES-BENZ,SLK 350,TWO-SEATER,3.5,6,AS7,Z,11.1,8.1,9.8,29,225,Normal
MERCEDES-BENZ,SLK 55 AMG,TWO-SEATER,5.5,8,AS7,Z,12.4,8.5,10.6,27,244,Normal
MERCEDES-BENZ,SLS AMG GT COUPE,TWO-SEATER,6.2,8,AM7,Z,18.1,12.6,15.6,18,359,HIgh
MERCEDES-BENZ,SLS AMG GT ROADSTER,TWO-SEATER,6.2,8,AM7,Z,18.1,12.6,15.6,18,359,HIgh
MINI,COOPER 3 DOOR,SUBCOMPACT,1.5,3,AS6,Z,8.5,6.3,7.5,38,172,Normal
MINI,COOPER 3 DOOR,SUBCOMPACT,1.5,3,M6,Z,8.1,5.9,7.1,40,163,Normal
MINI,COOPER 5 DOOR,SUBCOMPACT,1.5,3,AS6,Z,8.5,6.3,7.5,38,172,Normal
MINI,COOPER 5 DOOR,SUBCOMPACT,1.5,3,M6,Z,8.2,5.9,7.2,39,166,Normal
MINI,COOPER CONVERTIBLE,MINICOMPACT,1.6,4,AS6,Z,8.6,6.5,7.7,37,177,Normal
MINI,COOPER CONVERTIBLE,MINICOMPACT,1.6,4,M6,Z,8.4,6.4,7.5,38,172,Normal
MINI,COOPER COUNTRYMAN,COMPACT,1.6,4,AS6,Z,9.4,7.9,8.7,32,200,Normal
MINI,COOPER COUNTRYMAN,COMPACT,1.6,4,M6,Z,8.4,6.4,7.5,38,172,Normal
MINI,COOPER COUPE,TWO-SEATER,1.6,4,AS6,Z,8.5,6.5,7.6,37,175,Normal
MINI,COOPER COUPE,TWO-SEATER,1.6,4,M6,Z,8.0,6.4,7.3,39,168,Normal
MINI,COOPER PACEMAN,COMPACT,1.6,4,AS6,Z,9.4,7.9,8.7,32,200,Normal
MINI,COOPER PACEMAN,COMPACT,1.6,4,M6,Z,8.4,6.4,7.5,38,172,Normal
MINI,COOPER ROADSTER,TWO-SEATER,1.6,4,AS6,Z,8.6,6.5,7.7,37,177,Normal
MINI,COOPER ROADSTER,TWO-SEATER,1.6,4,M6,Z,8.4,6.4,7.5,38,172,Normal
MINI,COOPER S 3 DOOR,SUBCOMPACT,2.0,4,AS6,Z,9.2,7.0,8.2,34,189,Normal
MINI,COOPER S 3 DOOR,SUBCOMPACT,2.0,4,M6,Z,10.0,7.0,8.6,33,198,Normal
MINI,COOPER S 5 DOOR,SUBCOMPACT,2.0,4,AS6,Z,9.2,7.0,8.2,34,189,Normal
MINI,COOPER S 5 DOOR,SUBCOMPACT,2.0,4,M6,Z,10.0,7.0,8.6,33,198,Normal
MINI,COOPER S CONVERTIBLE,MINICOMPACT,1.6,4,AS6,Z,9.2,6.8,8.1,35,186,Normal
MINI,COOPER S CONVERTIBLE,MINICOMPACT,1.6,4,M6,Z,9.1,6.8,8.1,35,186,Normal
MINI,COOPER S COUNTRYMAN ALL4,COMPACT,1.6,4,AS6,Z,10.1,7.8,9.0,31,207,Normal
MINI,COOPER S COUNTRYMAN ALL4,COMPACT,1.6,4,M6,Z,9.5,7.7,8.7,32,200,Normal
MINI,COOPER S COUPE,TWO-SEATER,1.6,4,AS6,Z,9.2,6.8,8.1,35,186,Normal
MINI,COOPER S COUPE,TWO-SEATER,1.6,4,M6,Z,9.1,6.8,8.1,35,186,Normal
MINI,COOPER S PACEMAN ALL4,COMPACT,1.6,4,AS6,Z,10.1,7.8,9.0,31,207,Normal
MINI,COOPER S PACEMAN ALL4,COMPACT,1.6,4,M6,Z,9.5,7.7,8.7,32,200,Normal
MINI,COOPER S ROADSTER,TWO-SEATER,1.6,4,AS6,Z,9.2,6.8,8.1,35,186,Normal
MINI,COOPER S ROADSTER,TWO-SEATER,1.6,4,M6,Z,9.1,6.8,8.1,35,186,Normal
MINI,JOHN COOPER WORKS,SUBCOMPACT,2.0,4,AS6,Z,9.3,7.3,8.4,34,193,Normal
MINI,JOHN COOPER WORKS,SUBCOMPACT,2.0,4,M6,Z,10.4,7.7,9.2,31,212,Normal
MINI,JOHN COOPER WORKS CONVERTIBLE,MINICOMPACT,1.6,4,AS6,Z,9.2,6.8,8.1,35,186,Normal
MINI,JOHN COOPER WORKS CONVERTIBLE,MINICOMPACT,1.6,4,M6,Z,9.1,6.8,8.1,35,186,Normal
MINI,JOHN COOPER WORKS COUNTRYMAN ALL4,COMPACT,1.6,4,AS6,Z,10.1,7.8,9.0,31,207,Normal
MINI,JOHN COOPER WORKS COUNTRYMAN ALL4,COMPACT,1.6,4,M6,Z,9.5,7.7,8.7,32,200,Normal
MINI,JOHN COOPER WORKS COUPE,TWO-SEATER,1.6,4,AS6,Z,9.2,6.8,8.1,35,186,Normal
MINI,JOHN COOPER WORKS COUPE,TWO-SEATER,1.6,4,M6,Z,9.1,6.8,8.1,35,186,Normal
MINI,JOHN COOPER WORKS PACEMAN ALL4,COMPACT,1.6,4,AS6,Z,10.1,7.8,9.0,31,207,Normal
MINI,JOHN COOPER WORKS PACEMAN ALL4,COMPACT,1.6,4,M6,Z,9.5,7.7,8.7,32,200,Normal
MINI,JOHN COOPER WORKS ROADSTER,TWO-SEATER,1.6,4,AS6,Z,9.2,6.8,8.1,35,186,Normal
MINI,JOHN COOPER WORKS ROADSTER,TWO-SEATER,1.6,4,M6,Z,9.1,6.8,8.1,35,186,Normal
MITSUBISHI,LANCER,COMPACT,2.0,4,AV6,X,9.2,6.9,8.2,34,189,Normal
MITSUBISHI,LANCER,COMPACT,2.0,4,M5,X,9.6,6.9,8.4,34,193,Normal
MITSUBISHI,LANCER AWD,COMPACT,2.4,4,AV6,X,10.5,8.2,9.5,30,219,Normal
MITSUBISHI,LANCER EVOLUTION,COMPACT,2.0,4,AM6,Z,14.2,10.5,12.5,23,288,HIgh
MITSUBISHI,LANCER EVOLUTION,COMPACT,2.0,4,M5,Z,14.0,10.3,12.3,23,283,HIgh
MITSUBISHI,LANCER RALLIART,COMPACT,2.0,4,AM6,Z,13.4,9.4,11.6,24,267,HIgh
MITSUBISHI,LANCER SPORTBACK,STATION WAGON - SMALL,2.0,4,AV6,X,9.6,7.3,8.6,33,198,Normal
MITSUBISHI,LANCER SPORTBACK,STATION WAGON - SMALL,2.0,4,M5,X,9.8,7.1,8.6,33,198,Normal
MITSUBISHI,MIRAGE,COMPACT,1.2,3,AV,X,6.4,5.3,5.9,48,136,Normal
MITSUBISHI,MIRAGE,COMPACT,1.2,3,M5,X,7.0,5.5,6.4,44,147,Normal
MITSUBISHI,OUTLANDER,SUV - SMALL,2.4,4,AV6,X,9.5,7.5,8.6,33,198,Normal
MITSUBISHI,OUTLANDER 4WD,SUV - SMALL,2.4,4,AV6,X,9.9,8.1,9.1,31,209,Normal
MITSUBISHI,OUTLANDER 4WD,SUV - SMALL,3.0,6,AS6,Z,11.5,8.4,10.1,28,232,Normal
MITSUBISHI,RVR,SUV - SMALL,2.0,4,AV6,X,9.3,7.3,8.4,34,193,Normal
MITSUBISHI,RVR,SUV - SMALL,2.0,4,M5,X,9.9,7.6,8.8,32,202,Normal
MITSUBISHI,RVR 4WD,SUV - SMALL,2.0,4,AV6,X,9.6,7.7,8.8,32,202,Normal
MITSUBISHI,RVR 4WD,SUV - SMALL,2.4,4,AV6,X,10.4,8.5,9.6,29,221,Normal
NISSAN,370Z COUPE,TWO-SEATER,3.7,6,AS7,Z,12.6,9.2,11.1,25,255,HIgh
NISSAN,370Z COUPE,TWO-SEATER,3.7,6,M6,Z,13.3,9.3,11.5,25,264,HIgh
NISSAN,370Z ROADSTER,TWO-SEATER,3.7,6,AS7,Z,13.0,9.6,11.5,25,264,HIgh
NISSAN,370Z ROADSTER,TWO-SEATER,3.7,6,M6,Z,13.6,9.7,11.8,24,271,HIgh
NISSAN,ALTIMA,MID-SIZE,2.5,4,AV,X,8.7,6.2,7.6,37,175,Normal
NISSAN,ALTIMA,MID-SIZE,3.5,6,AV,X,10.3,7.4,9.0,31,207,Normal
NISSAN,ARMADA 4WD,SUV - STANDARD,5.6,8,A5,X,19.2,13.4,16.6,17,382,HIgh
NISSAN,FRONTIER,PICKUP TRUCK - SMALL,2.5,4,A5,X,13.7,10.6,12.3,23,283,HIgh
NISSAN,FRONTIER,PICKUP TRUCK - SMALL,2.5,4,M5,X,12.2,10.2,11.3,25,260,HIgh
NISSAN,FRONTIER,PICKUP TRUCK - SMALL,4.0,6,A5,X,14.8,10.3,12.7,22,292,HIgh
NISSAN,FRONTIER 4WD,PICKUP TRUCK - SMALL,4.0,6,A5,X,15.7,11.3,13.7,21,315,HIgh
NISSAN,FRONTIER 4WD,PICKUP TRUCK - SMALL,4.0,6,M6,X,15.0,11.2,13.3,21,306,HIgh
NISSAN,GT-R,SUBCOMPACT,3.8,6,AM6,Z,14.3,10.5,12.6,22,290,HIgh
NISSAN,JUKE,STATION WAGON - SMALL,1.6,4,AV7,X,8.5,7.2,7.9,36,182,Normal
NISSAN,JUKE,STATION WAGON - SMALL,1.6,4,M6,X,8.4,6.9,7.7,37,177,Normal
NISSAN,JUKE AWD,STATION WAGON - SMALL,1.6,4,AV7,X,8.8,7.5,8.2,34,189,Normal
NISSAN,JUKE NISMO RS,STATION WAGON - SMALL,1.6,4,M6,Z,8.9,7.5,8.3,34,191,Normal
NISSAN,JUKE NISMO RS AWD,STATION WAGON - SMALL,1.6,4,AV8,Z,9.4,8.1,8.8,32,202,Normal
NISSAN,MICRA,COMPACT,1.6,4,A4,X,8.8,6.6,7.8,36,179,Normal
NISSAN,MICRA,COMPACT,1.6,4,M5,X,8.6,6.6,7.7,37,177,Normal
NISSAN,MURANO,STATION WAGON - MID-SIZE,3.5,6,AV7,X,11.0,8.2,9.8,29,225,Normal
NISSAN,MURANO AWD,STATION WAGON - MID-SIZE,3.5,6,AV7,X,11.2,8.3,9.9,29,228,Normal
NISSAN,NV200 CARGO VAN,SPECIAL PURPOSE VEHICLE,2.0,4,AV,X,9.7,9.0,9.4,30,216,Normal
NISSAN,PATHFINDER,SUV - SMALL,3.5,6,AV,X,11.9,8.6,10.4,27,239,Normal
NISSAN,PATHFINDER 4WD,SUV - SMALL,3.5,6,AV,X,12.1,8.9,10.7,26,246,Normal
NISSAN,PATHFINDER 4WD PLATINUM,SUV - SMALL,3.5,6,AV,X,12.7,9.0,11.0,26,253,HIgh
NISSAN,PATHFINDER HYBRID 4WD,SUV - STANDARD,2.5,4,AV,X,9.1,8.5,8.8,32,202,Normal
NISSAN,QUEST,MINIVAN,3.5,6,AV,X,12.0,8.7,10.5,27,242,Normal
NISSAN,ROGUE,SUV - SMALL,2.5,4,AV,X,9.2,7.2,8.3,34,191,Normal
NISSAN,ROGUE AWD,SUV - SMALL,2.5,4,AV,X,9.5,7.4,8.5,33,196,Normal
NISSAN,TITAN,PICKUP TRUCK - STANDARD,5.6,8,A5,X,18.4,13.3,16.1,18,370,HIgh
NISSAN,TITAN 4WD,PICKUP TRUCK - STANDARD,5.6,8,A5,X,19.7,14.3,17.2,16,396,HIgh
NISSAN,SENTRA,MID-SIZE,1.8,4,AV,X,8.0,6.1,7.2,39,166,Normal
NISSAN,SENTRA,MID-SIZE,1.8,4,M6,X,8.9,6.6,7.9,36,182,Normal
NISSAN,VERSA,COMPACT,1.6,4,AV,X,7.5,6.0,6.8,42,156,Normal
NISSAN,VERSA,COMPACT,1.6,4,M5,X,8.6,6.5,7.7,37,177,Normal
NISSAN,XTERRA 4WD,SUV - SMALL,4.0,6,A5,X,16.0,12.0,14.2,20,327,HIgh
NISSAN,XTERRA 4WD,SUV - SMALL,4.0,6,M6,X,16.0,12.3,14.4,20,331,HIgh
PORSCHE,911 CARRERA,MINICOMPACT,3.4,6,AM7,Z,11.6,8.4,10.1,28,232,Normal
PORSCHE,911 CARRERA,MINICOMPACT,3.4,6,M7,Z,12.3,8.6,10.6,27,244,Normal
PORSCHE,911 CARRERA CABRIOLET,MINICOMPACT,3.4,6,AM7,Z,11.5,8.3,10.1,28,232,Normal
PORSCHE,911 CARRERA CABRIOLET,MINICOMPACT,3.4,6,M7,Z,12.3,8.7,10.7,26,246,Normal
PORSCHE,911 CARRERA 4,MINICOMPACT,3.4,6,AM7,Z,11.6,8.5,10.2,28,235,Normal
PORSCHE,911 CARRERA 4,MINICOMPACT,3.4,6,M7,Z,12.3,8.7,10.7,26,246,Normal
PORSCHE,911 CARRERA 4 CABRIOLET,MINICOMPACT,3.4,6,AM7,Z,11.9,8.7,10.5,27,242,Normal
PORSCHE,911 CARRERA 4 CABRIOLET,MINICOMPACT,3.4,6,M7,Z,12.5,9.0,10.9,26,251,HIgh
PORSCHE,911 CARRERA 4 GTS,MINICOMPACT,3.8,6,AM7,Z,12.6,9.2,11.1,25,255,HIgh
PORSCHE,911 CARRERA 4 GTS,MINICOMPACT,3.8,6,M7,Z,13.0,9.2,11.3,25,260,HIgh
PORSCHE,911 CARRERA 4 GTS CABRIOLET,MINICOMPACT,3.8,6,AM7,Z,13.1,9.4,11.4,25,262,HIgh
PORSCHE,911 CARRERA 4 GTS CABRIOLET,MINICOMPACT,3.8,6,M7,Z,13.4,9.3,11.6,24,267,HIgh
PORSCHE,911 CARRERA 4S,MINICOMPACT,3.8,6,AM7,Z,12.2,8.9,10.7,26,246,Normal
PORSCHE,911 CARRERA 4S,MINICOMPACT,3.8,6,M7,Z,12.6,8.9,11.0,26,253,HIgh
PORSCHE,911 CARRERA 4S CABRIOLET,MINICOMPACT,3.8,6,AM7,Z,12.5,9.0,11.0,26,253,HIgh
PORSCHE,911 CARRERA 4S CABRIOLET,MINICOMPACT,3.8,6,M7,Z,12.9,9.2,11.2,25,258,HIgh
PORSCHE,911 CARRERA GTS,MINICOMPACT,3.8,6,AM7,Z,12.6,9.0,11.0,26,253,HIgh
PORSCHE,911 CARRERA GTS,MINICOMPACT,3.8,6,M7,Z,12.9,9.0,11.2,25,258,HIgh
PORSCHE,911 CARRERA GTS CABRIOLET,MINICOMPACT,3.8,6,AM7,Z,12.6,9.2,11.1,25,255,HIgh
PORSCHE,911 CARRERA GTS CABRIOLET,MINICOMPACT,3.8,6,M7,Z,13.4,9.3,11.6,24,267,HIgh
PORSCHE,911 CARRERA S,MINICOMPACT,3.8,6,AM7,Z,11.9,8.7,10.5,27,242,Normal
PORSCHE,911 CARRERA S,MINICOMPACT,3.8,6,M7,Z,12.4,8.7,10.7,26,246,Normal
PORSCHE,911 CARRERA S CABRIOLET,MINICOMPACT,3.8,6,AM7,Z,12.2,8.7,10.6,27,244,Normal
PORSCHE,911 CARRERA S CABRIOLET,MINICOMPACT,3.8,6,M7,Z,12.5,8.9,10.9,26,251,HIgh
PORSCHE,911 GT3,TWO-SEATER,3.8,6,AM7,Z,16.0,11.5,14.0,20,322,HIgh
PORSCHE,911 TARGA 4,MINICOMPACT,3.4,6,AM7,Z,12.3,8.9,10.8,26,248,Normal
PORSCHE,911 TARGA 4,MINICOMPACT,3.4,6,M7,Z,12.9,9.0,11.1,25,255,HIgh
PORSCHE,911 TARGA 4S,MINICOMPACT,3.8,6,AM7,Z,12.8,9.3,11.2,25,258,HIgh
PORSCHE,911 TARGA 4S,MINICOMPACT,3.8,6,M7,Z,13.1,9.2,11.4,25,262,HIgh
PORSCHE,911 TURBO,MINICOMPACT,3.8,6,AM7,Z,13.7,9.6,11.9,24,274,HIgh
PORSCHE,911 TURBO CABRIOLET,MINICOMPACT,3.8,6,AM7,Z,13.7,9.6,11.9,24,274,HIgh
PORSCHE,911 TURBO S,MINICOMPACT,3.8,6,AM7,Z,13.7,9.6,11.9,24,274,HIgh
PORSCHE,911 TURBO S CABRIOLET,MINICOMPACT,3.8,6,AM7,Z,13.7,9.6,11.9,24,274,HIgh
PORSCHE,BOXSTER,TWO-SEATER,2.7,6,AM7,Z,10.7,7.4,9.2,31,212,Normal
PORSCHE,BOXSTER,TWO-SEATER,2.7,6,M6,Z,11.5,7.9,9.9,29,228,Normal
PORSCHE,BOXSTER GTS,TWO-SEATER,3.4,6,AM7,Z,10.9,7.7,9.5,30,218,Normal
PORSCHE,BOXSTER GTS,TWO-SEATER,3.4,6,M6,Z,12.1,8.9,10.7,26,246,Normal
PORSCHE,BOXSTER S,TWO-SEATER,3.4,6,AM7,Z,11.3,7.9,9.8,29,225,Normal
PORSCHE,BOXSTER S,TWO-SEATER,3.4,6,M6,Z,11.9,8.6,10.4,27,239,Normal
PORSCHE,CAYENNE DIESEL (modified),SUV - STANDARD,3.0,6,A8,D,11.8,8.1,10.2,28,277,HIgh
PORSCHE,CAYENNE S,SUV - STANDARD,3.6,6,A8,Z,14.3,9.6,12.2,23,286,HIgh
PORSCHE,CAYENNE TURBO,SUV - STANDARD,4.8,8,A8,Z,16.7,11.2,14.2,20,327,HIgh
PORSCHE,CAYMAN,TWO-SEATER,2.7,6,AM7,Z,10.7,7.4,9.2,31,212,Normal
PORSCHE,CAYMAN,TWO-SEATER,2.7,6,M6,Z,11.5,7.9,9.9,29,228,Normal
PORSCHE,CAYMAN GTS,TWO-SEATER,3.4,6,AM7,Z,10.9,7.7,9.5,30,218,Normal
PORSCHE,CAYMAN GTS,TWO-SEATER,3.4,6,M6,Z,12.1,8.9,10.7,26,246,Normal
PORSCHE,CAYMAN S,TWO-SEATER,3.4,6,AM7,Z,11.3,7.9,9.8,29,225,Normal
PORSCHE,CAYMAN S,TWO-SEATER,3.4,6,M6,Z,11.9,8.6,10.4,27,239,Normal
PORSCHE,MACAN S,SUV - SMALL,3.0,6,A7,Z,13.7,10.3,12.2,23,281,HIgh
PORSCHE,MACAN TURBO,SUV - SMALL,3.6,6,A7,Z,14.2,10.1,12.3,23,283,HIgh
PORSCHE,PANAMERA,FULL-SIZE,3.6,6,AM7,Z,12.9,8.4,10.9,26,251,HIgh
PORSCHE,PANAMERA 4,FULL-SIZE,3.6,6,AM7,Z,13.1,8.7,11.1,25,255,HIgh
PORSCHE,PANAMERA 4S,FULL-SIZE,3.0,6,AM7,Z,13.4,8.8,11.4,25,262,HIgh
PORSCHE,PANAMERA 4S EXECUTIVE,FULL-SIZE,3.0,6,AM7,Z,13.7,8.9,11.5,25,264,HIgh
PORSCHE,PANAMERA GTS,FULL-SIZE,4.8,8,AM7,Z,15.1,9.7,12.7,22,292,HIgh
PORSCHE,PANAMERA S,FULL-SIZE,3.0,6,AM7,Z,13.4,8.8,11.4,25,262,HIgh
PORSCHE,PANAMERA TURBO,FULL-SIZE,4.8,8,AM7,Z,15.3,9.7,12.8,22,294,HIgh
PORSCHE,PANAMERA TURBO EXECUTIVE,FULL-SIZE,4.8,8,AM7,Z,15.4,9.8,12.9,22,297,HIgh
PORSCHE,PANAMERA TURBO S,FULL-SIZE,4.8,8,AM7,Z,15.3,9.7,12.8,22,294,HIgh
PORSCHE,PANAMERA TURBO S EXECUTIVE,FULL-SIZE,4.8,8,AM7,Z,15.4,9.8,12.9,22,297,HIgh
RAM,1500,PICKUP TRUCK - STANDARD,3.6,6,A8,X,13.9,9.5,11.9,24,274,HIgh
RAM,1500 FFV,PICKUP TRUCK - STANDARD,3.6,6,A8,X,13.9,9.5,11.9,24,274,HIgh
RAM,1500 FFV,PICKUP TRUCK - STANDARD,3.6,6,A8,E,19.4,13.6,16.8,17,269,HIgh
RAM,1500 HFE,PICKUP TRUCK - STANDARD,3.6,6,A8,X,12.9,9.3,11.3,25,260,HIgh
RAM,1500 (MDS),PICKUP TRUCK - STANDARD,5.7,8,A6,X,17.1,12.0,14.8,19,340,HIgh
RAM,1500 (MDS),PICKUP TRUCK - STANDARD,5.7,8,A8,X,15.7,10.9,13.6,21,313,HIgh
RAM,1500 ECODIESEL,PICKUP TRUCK - STANDARD,3.0,6,A8,D,11.5,8.4,10.1,28,273,HIgh
RAM,1500 ECODIESEL HFE,PICKUP TRUCK - STANDARD,3.0,6,A8,D,11.3,8.0,9.8,29,265,HIgh
RAM,1500 4X4,PICKUP TRUCK - STANDARD,3.6,6,A8,X,14.6,10.1,12.6,22,290,HIgh
RAM,1500 4X4 FFV,PICKUP TRUCK - STANDARD,3.6,6,A8,X,14.6,10.1,12.6,22,290,HIgh
RAM,1500 4X4 FFV,PICKUP TRUCK - STANDARD,3.6,6,A8,E,20.5,14.5,17.8,16,285,HIgh
RAM,1500 4X4 (MDS),PICKUP TRUCK - STANDARD,5.7,8,A6,X,17.7,12.7,15.4,18,354,HIgh
RAM,1500 4X4 (MDS),PICKUP TRUCK - STANDARD,5.7,8,A8,X,16.2,11.5,14.1,20,324,HIgh
RAM,1500 4X4 ECODIESEL,PICKUP TRUCK - STANDARD,3.0,6,A8,D,12.1,8.8,10.6,27,286,HIgh
RAM,CARGO VAN FFV,MINIVAN,3.6,6,A6,X,13.3,9.1,11.4,25,262,HIgh
RAM,CARGO VAN FFV,MINIVAN,3.6,6,A6,E,18.6,12.7,15.9,18,254,HIgh
RAM,PROMASTER CITY,SPECIAL PURPOSE VEHICLE,2.4,4,A9,X,11.2,8.1,9.8,29,225,Normal
ROLLS-ROYCE,GHOST,FULL-SIZE,6.6,12,AS8,Z,19.2,12.4,16.1,18,370,HIgh
ROLLS-ROYCE,GHOST EWB,FULL-SIZE,6.6,12,AS8,Z,19.2,12.4,16.1,18,370,HIgh
ROLLS-ROYCE,PHANTOM,FULL-SIZE,6.7,12,AS8,Z,20.9,12.7,17.2,16,396,HIgh
ROLLS-ROYCE,PHANTOM EWB,FULL-SIZE,6.7,12,AS8,Z,20.7,12.9,17.2,16,396,HIgh
ROLLS-ROYCE,PHANTOM COUPE,COMPACT,6.7,12,AS8,Z,20.9,12.7,17.2,16,396,HIgh
ROLLS-ROYCE,PHANTOM DROPHEAD COUPE,COMPACT,6.7,12,AS8,Z,20.7,12.9,17.2,16,396,HIgh
ROLLS-ROYCE,WRAITH,MID-SIZE,6.6,12,AS8,Z,18.7,11.8,15.6,18,359,HIgh
SCION,FR-S,MINICOMPACT,2.0,4,AS6,Z,9.6,7.0,8.4,34,193,Normal
SCION,FR-S,MINICOMPACT,2.0,4,M6,Z,10.9,7.9,9.6,29,221,Normal
SCION,iQ,MINICOMPACT,1.3,4,AV,X,6.5,6.3,6.4,44,147,Normal
SCION,tC,COMPACT,2.5,4,AS6,X,10.2,7.6,9.0,31,207,Normal
SCION,tC,COMPACT,2.5,4,M6,X,10.2,7.7,9.0,31,207,Normal
SCION,xB,STATION WAGON - SMALL,2.4,4,AS4,X,10.9,8.5,9.8,29,225,Normal
SCION,xB,STATION WAGON - SMALL,2.4,4,M5,X,10.8,8.5,9.8,29,225,Normal
SMART,FORTWO CABRIOLET,TWO-SEATER,1.0,3,AM5,Z,6.8,6.2,6.5,43,150,Normal
SMART,FORTWO COUPE,TWO-SEATER,1.0,3,AM5,Z,6.8,6.2,6.5,43,150,Normal
SUBARU,BRZ,MINICOMPACT,2.0,4,AS6,Z,9.6,7.0,8.4,34,193,Normal
SUBARU,BRZ,MINICOMPACT,2.0,4,M6,Z,10.9,7.9,9.6,29,221,Normal
SUBARU,FORESTER AWD,SUV - SMALL,2.0,4,AV8,Z,10.2,8.5,9.4,30,216,Normal
SUBARU,FORESTER AWD,SUV - SMALL,2.5,4,AV6,X,9.6,7.5,8.7,32,200,Normal
SUBARU,FORESTER AWD,SUV - SMALL,2.5,4,M6,X,10.6,8.4,9.6,29,221,Normal
SUBARU,IMPREZA AWD,COMPACT,2.0,4,AV6,X,8.5,6.4,7.6,37,175,Normal
SUBARU,IMPREZA AWD,COMPACT,2.0,4,M5,X,9.5,7.0,8.4,34,193,Normal
SUBARU,IMPREZA WAGON AWD,STATION WAGON - SMALL,2.0,4,AV6,X,8.5,6.4,7.6,37,175,Normal
SUBARU,IMPREZA WAGON AWD,STATION WAGON - SMALL,2.0,4,M5,X,9.5,7.0,8.4,34,193,Normal
SUBARU,LEGACY AWD,MID-SIZE,2.5,4,AV6,X,9.0,6.5,7.9,36,182,Normal
SUBARU,LEGACY AWD,MID-SIZE,2.5,4,M6,X,10.7,7.8,9.4,30,216,Normal
SUBARU,LEGACY AWD,MID-SIZE,3.6,6,AV6,X,11.9,8.2,10.2,28,235,Normal
SUBARU,OUTBACK AWD,SUV - SMALL,2.5,4,AV6,X,9.3,7.1,8.3,34,191,Normal
SUBARU,OUTBACK AWD,SUV - SMALL,2.5,4,M6,X,11.0,8.2,9.7,29,223,Normal
SUBARU,OUTBACK AWD,SUV - SMALL,3.6,6,AV6,X,12.0,8.6,10.5,27,242,Normal
SUBARU,WRX,COMPACT,2.0,4,AV8,Z,12.4,9.4,11.1,25,255,HIgh
SUBARU,WRX,COMPACT,2.0,4,M6,Z,11.1,8.3,9.8,29,225,Normal
SUBARU,WRX,COMPACT,2.5,4,M6,Z,13.8,10.2,12.2,23,281,HIgh
SUBARU,XV CROSSTREK AWD,SUV - SMALL,2.0,4,AV6,X,9.1,7.0,8.1,35,186,Normal
SUBARU,XV CROSSTREK AWD,SUV - SMALL,2.0,4,M5,X,10.2,7.7,9.1,31,209,Normal
SUBARU,XV CROSSTREK HYBRID AWD,SUV - SMALL,2.0,4,AV6,X,7.9,6.9,7.5,38,173,Normal
TOYOTA,4RUNNER 4WD,SUV - STANDARD,4.0,6,AS5,X,14.2,11.1,12.8,22,294,HIgh
TOYOTA,4RUNNER 4WD (Part-Time 4WD),SUV - STANDARD,4.0,6,AS5,X,14.2,11.1,12.8,22,294,HIgh
TOYOTA,AVALON,MID-SIZE,3.5,6,AS6,X,11.3,7.5,9.6,29,221,Normal
TOYOTA,CAMRY,MID-SIZE,2.5,4,AS6,X,9.7,6.9,8.4,34,193,Normal
TOYOTA,CAMRY,MID-SIZE,3.5,6,AS6,X,11.0,7.7,9.5,30,218,Normal
TOYOTA,CAMRY HYBRID LE,MID-SIZE,2.5,4,AV,X,5.5,6.0,5.7,50,131,Normal
TOYOTA,CAMRY HYBRID XLE/SE,MID-SIZE,2.5,4,AV,X,5.7,6.1,5.9,48,136,Normal
TOYOTA,COROLLA,MID-SIZE,1.8,4,A4,X,8.6,6.5,7.6,37,175,Normal
TOYOTA,COROLLA,MID-SIZE,1.8,4,AV7,X,7.9,6.1,7.1,40,163,Normal
TOYOTA,COROLLA,MID-SIZE,1.8,4,AV,X,8.2,6.2,7.3,39,168,Normal
TOYOTA,COROLLA,MID-SIZE,1.8,4,M6,X,8.3,6.2,7.4,38,170,Normal
TOYOTA,COROLLA LE ECO (1-mode),MID-SIZE,1.8,4,AV,X,7.7,5.6,6.8,42,156,Normal
TOYOTA,COROLLA LE ECO (2-mode),MID-SIZE,1.8,4,AV,X,7.7,6.0,6.9,41,159,Normal
TOYOTA,HIGHLANDER,SUV - SMALL,2.7,4,AS6,X,11.7,9.5,10.7,26,246,Normal
TOYOTA,HIGHLANDER,SUV - SMALL,3.5,6,AS6,X,12.5,9.3,11.1,25,255,HIgh
TOYOTA,HIGHLANDER AWD,SUV - STANDARD,3.5,6,AS6,X,13.0,9.8,11.6,24,267,HIgh
TOYOTA,HIGHLANDER HYBRID AWD,SUV - STANDARD,3.5,6,AV6,X,8.6,8.5,8.5,33,196,Normal
TOYOTA,HIGHLANDER HYBRID AWD LE,SUV - STANDARD,3.5,6,AV6,X,8.4,8.3,8.4,34,193,Normal
TOYOTA,PRIUS,MID-SIZE,1.8,4,AV,X,4.6,4.9,4.7,60,108,Normal
TOYOTA,PRIUS c,COMPACT,1.5,4,AV,X,4.5,5.1,4.8,59,110,Normal
TOYOTA,PRIUS v,STATION WAGON - MID-SIZE,1.8,4,AV,X,5.4,5.8,5.6,50,129,Normal
TOYOTA,RAV4,SUV - SMALL,2.5,4,AS6,X,10.0,7.6,8.9,32,205,Normal
TOYOTA,RAV4 AWD,SUV - SMALL,2.5,4,AS6,X,10.5,8.2,9.5,30,218,Normal
TOYOTA,RAV4 LE/XLE,SUV - SMALL,2.5,4,AS6,X,10.0,7.6,8.9,32,205,Normal
TOYOTA,RAV4 LIMITED AWD,SUV - SMALL,2.5,4,AS6,X,10.7,8.3,9.6,29,221,Normal
TOYOTA,SEQUOIA 4WD,SUV - STANDARD,5.7,8,AS6,X,18.8,14.0,16.6,17,382,HIgh
TOYOTA,SIENNA,MINIVAN,3.5,6,AS6,X,13.0,9.5,11.4,25,262,HIgh
TOYOTA,SIENNA AWD,MINIVAN,3.5,6,AS6,X,14.4,10.2,12.5,23,288,HIgh
TOYOTA,TACOMA,PICKUP TRUCK - SMALL,2.7,4,A4,X,12.2,9.9,11.2,25,258,HIgh
TOYOTA,TACOMA,PICKUP TRUCK - SMALL,2.7,4,M5,X,11.3,9.5,10.5,27,242,Normal
TOYOTA,TACOMA,PICKUP TRUCK - SMALL,4.0,6,M6,X,14.5,11.3,13.1,22,301,HIgh
TOYOTA,TACOMA 4WD,PICKUP TRUCK - SMALL,2.7,4,A4,X,13.1,11.3,12.3,23,283,HIgh
TOYOTA,TACOMA 4WD,PICKUP TRUCK - SMALL,2.7,4,M5,X,12.9,11.5,12.3,23,283,HIgh
TOYOTA,TACOMA 4WD,PICKUP TRUCK - SMALL,4.0,6,A5,X,14.8,11.6,13.4,21,308,HIgh
TOYOTA,TACOMA 4WD,PICKUP TRUCK - SMALL,4.0,6,M6,X,15.3,12.3,14.0,20,322,HIgh
TOYOTA,TUNDRA,PICKUP TRUCK - STANDARD,4.6,8,AS6,X,15.9,12.3,14.3,20,329,HIgh
TOYOTA,TUNDRA,PICKUP TRUCK - STANDARD,5.7,8,AS6,X,17.2,12.8,15.2,19,350,HIgh
TOYOTA,TUNDRA 4WD,PICKUP TRUCK - STANDARD,4.6,8,AS6,X,16.9,12.8,15.1,19,347,HIgh
TOYOTA,TUNDRA 4WD,PICKUP TRUCK - STANDARD,5.7,8,AS6,X,18.5,14.2,16.6,17,382,HIgh
TOYOTA,VENZA,SUV - SMALL,2.7,4,AS6,X,11.6,9.0,10.4,27,239,Normal
TOYOTA,VENZA,SUV - SMALL,3.5,6,AS6,X,12.5,9.0,10.9,26,251,HIgh
TOYOTA,VENZA 4WD,SUV - SMALL,2.7,4,AS6,X,11.6,9.2,10.5,27,242,Normal
TOYOTA,VENZA 4WD,SUV - SMALL,3.5,6,AS6,X,12.8,9.3,11.3,25,260,HIgh
TOYOTA,YARIS,COMPACT,1.5,4,A4,X,7.8,6.6,7.3,39,168,Normal
TOYOTA,YARIS,COMPACT,1.5,4,M5,X,7.7,6.3,7.1,40,163,Normal
VOLKSWAGEN,BEETLE,COMPACT,1.8,4,AS6,X,9.6,7.2,8.5,33,196,Normal
VOLKSWAGEN,BEETLE,COMPACT,1.8,4,M5,X,9.9,7.2,8.7,32,200,Normal
VOLKSWAGEN,BEETLE,COMPACT,2.0,4,AM6,Z,10.0,7.9,9.1,31,209,Normal
VOLKSWAGEN,BEETLE,COMPACT,2.0,4,M6,Z,10.4,7.7,9.2,31,212,Normal
VOLKSWAGEN,BEETLE TDI (modified),COMPACT,2.0,4,AM6,D,7.6,5.7,6.9,41,183,Normal
VOLKSWAGEN,BEETLE TDI (modified),COMPACT,2.0,4,M6,D,7.6,5.7,6.9,41,184,Normal
VOLKSWAGEN,BEETLE CONVERTIBLE,SUBCOMPACT,1.8,4,AS6,X,9.8,7.3,8.7,32,200,Normal
VOLKSWAGEN,BEETLE CONVERTIBLE,SUBCOMPACT,2.0,4,AM6,Z,10.3,8.2,9.4,30,216,Normal
VOLKSWAGEN,BEETLE CONVERTIBLE,SUBCOMPACT,2.0,4,M6,Z,10.4,7.7,9.2,31,212,Normal
VOLKSWAGEN,CC,COMPACT,2.0,4,AM6,Z,10.7,7.7,9.3,30,214,Normal
VOLKSWAGEN,CC,COMPACT,2.0,4,M6,Z,11.4,7.4,9.6,29,221,Normal
VOLKSWAGEN,CC 4MOTION,COMPACT,3.6,6,AS6,Z,13.9,9.3,11.8,24,271,HIgh
VOLKSWAGEN,EOS,SUBCOMPACT,2.0,4,AM6,Z,10.8,7.8,9.5,30,219,Normal
VOLKSWAGEN,GOLF,COMPACT,1.8,4,AS6,X,9.3,6.5,8.1,35,186,Normal
VOLKSWAGEN,GOLF,COMPACT,1.8,4,M5,X,9.3,6.4,8.0,35,184,Normal
VOLKSWAGEN,GOLF TDI (modified),COMPACT,2.0,4,AM6,D,7.6,5.5,6.5,43,177,Normal
VOLKSWAGEN,GOLF TDI (modified),COMPACT,2.0,4,M6,D,7.8,5.2,6.5,43,178,Normal
VOLKSWAGEN,GOLF GTI,COMPACT,2.0,4,AM6,Z,9.5,7.2,8.5,33,196,Normal
VOLKSWAGEN,GOLF GTI,COMPACT,2.0,4,M6,Z,9.4,6.9,8.3,34,191,Normal
VOLKSWAGEN,GOLF SPORTWAGON,STATION WAGON - SMALL,1.8,4,AS6,X,9.4,6.8,8.2,34,193,Normal
VOLKSWAGEN,GOLF SPORTWAGON,STATION WAGON - SMALL,1.8,4,M5,X,9.5,6.6,8.2,34,189,Normal
VOLKSWAGEN,GOLF SPORTWAGON TDI (modified),STATION WAGON - SMALL,2.0,4,AM6,D,7.6,5.6,6.7,42,180,Normal
VOLKSWAGEN,GOLF SPORTWAGON TDI (modified),STATION WAGON - SMALL,2.0,4,M6,D,7.6,5.5,6.7,42,179,Normal
VOLKSWAGEN,JETTA,COMPACT,1.8,4,AS6,X,9.3,6.3,7.9,36,182,Normal
VOLKSWAGEN,JETTA,COMPACT,1.8,4,M5,X,9.3,6.3,8.0,35,184,Normal
VOLKSWAGEN,JETTA,COMPACT,2.0,4,AS6,X,10.4,7.0,8.9,32,205,Normal
VOLKSWAGEN,JETTA,COMPACT,2.0,4,M5,X,9.5,6.9,8.4,34,193,Normal
VOLKSWAGEN,JETTA TDI (modified),COMPACT,2.0,4,AM6,D,7.6,5.2,6.5,43,175,Normal
VOLKSWAGEN,JETTA TDI (modified),COMPACT,2.0,4,M6,D,7.6,5.1,6.5,43,176,Normal
VOLKSWAGEN,JETTA GLI,COMPACT,2.0,4,AM6,Z,10.0,7.3,8.8,32,202,Normal
VOLKSWAGEN,JETTA GLI,COMPACT,2.0,4,M6,Z,10.3,7.2,8.9,32,205,Normal
VOLKSWAGEN,JETTA HYBRID,COMPACT,1.4,4,AM7,Z,5.6,4.9,5.3,53,122,Normal
VOLKSWAGEN,PASSAT,MID-SIZE,1.8,4,AS6,X,9.7,6.6,8.3,34,191,Normal
VOLKSWAGEN,PASSAT,MID-SIZE,1.8,4,M5,X,9.8,6.7,8.4,34,193,Normal
VOLKSWAGEN,PASSAT TDI (modified),MID-SIZE,2.0,4,AM6,D,7.8,5.6,6.9,41,185,Normal
VOLKSWAGEN,PASSAT TDI (modified),MID-SIZE,2.0,4,M6,D,7.8,5.3,6.7,42,182,Normal
VOLKSWAGEN,PASSAT,MID-SIZE,3.6,6,AM6,Z,11.9,8.5,10.4,27,239,Normal
VOLKSWAGEN,TIGUAN,SUV - SMALL,2.0,4,AS6,Z,11.5,9.3,10.5,27,242,Normal
VOLKSWAGEN,TIGUAN,SUV - SMALL,2.0,4,M6,Z,13.0,9.0,11.2,25,258,HIgh
VOLKSWAGEN,TIGUAN 4MOTION,SUV - SMALL,2.0,4,AS6,Z,11.7,9.4,10.7,26,246,Normal
VOLKSWAGEN,TOUAREG,SUV - STANDARD,3.6,6,AS8,Z,14.1,10.4,12.4,23,292,HIgh
VOLKSWAGEN,TOUAREG TDI (modified),SUV - STANDARD,3.0,6,AS8,D,11.8,8.1,10.2,28,277,HIgh
VOLVO,S60 POLESTAR AWD,COMPACT,3.0,6,AS6,X,12.8,8.9,11.0,26,253,HIgh
VOLVO,S60 T5 ,COMPACT,2.0,4,AS8,X,9.8,6.6,8.4,34,193,Normal
VOLVO,S60 T5 AWD,COMPACT,2.5,5,AS6,X,11.6,8.2,10.1,28,232,Normal
VOLVO,S60 T6   ,COMPACT,2.0,4,AS8,Z,10.1,7.3,8.9,32,205,Normal
VOLVO,S60 T6 AWD,COMPACT,3.0,6,AS6,X,12.9,9.0,11.2,25,258,HIgh
VOLVO,S80 T5,MID-SIZE,2.0,4,AS8,X,9.8,6.6,8.4,34,193,Normal
VOLVO,S80 T6 AWD,MID-SIZE,3.0,6,AS6,X,12.9,9.0,11.2,25,258,HIgh
VOLVO,V60 CC,SUV - SMALL,2.0,4,AS8,X,9.8,7.6,8.8,32,202,Normal
VOLVO,V60 CC AWD,SUV - SMALL,2.5,5,AS6,X,11.8,8.5,10.3,27,237,Normal
VOLVO,V60 POLESTAR AWD,STATION WAGON - SMALL,3.0,6,AS6,X,12.8,8.9,11.0,26,253,HIgh
VOLVO,V60 T5,STATION WAGON - SMALL,2.0,4,AS8,X,9.8,6.6,8.4,34,193,Normal
VOLVO,V60 T5 AWD,STATION WAGON - SMALL,2.5,5,AS6,X,11.6,8.2,10.1,28,232,Normal
VOLVO,V60 T6 AWD,STATION WAGON - SMALL,3.0,6,AS6,X,12.9,9.0,11.2,25,258,HIgh
VOLVO,XC60 3.2 AWD,SUV - SMALL,3.2,6,AS6,X,13.1,9.5,11.5,25,264,HIgh
VOLVO,XC60 T5,SUV - SMALL,2.0,4,AS8,X,9.8,7.6,8.8,32,202,Normal
VOLVO,XC60 T5 AWD,SUV - SMALL,2.5,5,AS6,X,13.0,9.4,11.4,25,262,HIgh
VOLVO,XC60 T6  ,SUV - SMALL,2.0,4,AS8,Z,10.7,7.8,9.4,30,216,Normal
VOLVO,XC60 T6 AWD,SUV - SMALL,3.0,6,AS6,X,13.6,9.9,11.9,24,274,HIgh
VOLVO,XC70 3.2 AWD,SUV - SMALL,3.2,6,AS6,X,13.1,9.1,11.3,25,260,HIgh
VOLVO,XC70 T5,SUV - SMALL,2.0,4,AS8,X,9.8,7.6,8.8,32,202,Normal
VOLVO,XC70 T6 AWD,SUV - SMALL,3.0,6,AS6,X,13.6,9.9,11.9,24,274,HIgh
ACURA,ILX,COMPACT,2.4,4,AM8,Z,9.3,6.6,8.1,35,189,Normal
ACURA,MDX SH-AWD,SUV - SMALL,3.5,6,AS9,Z,12.7,9.1,11.1,25,254,HIgh
ACURA,MDX SH-AWD ELITE,SUV - SMALL,3.5,6,AS9,Z,12.2,9.1,10.7,26,251,HIgh
ACURA,RDX AWD,SUV - SMALL,3.5,6,AS6,Z,12.4,8.6,10.7,26,249,Normal
ACURA,RLX,MID-SIZE,3.5,6,AS6,Z,11.9,7.7,10.0,28,235,Normal
ACURA,RLX HYBRID,MID-SIZE,3.5,6,AM7,Z,8.0,7.5,7.7,37,180,Normal
ACURA,TLX,COMPACT,2.4,4,AM8,Z,9.6,6.6,8.3,34,196,Normal
ACURA,TLX SH-AWD,COMPACT,3.5,6,AS9,Z,11.2,7.5,9.6,29,226,Normal
ALFA ROMEO,4C,TWO-SEATER,1.8,4,AM6,Z,9.7,6.9,8.4,34,197,Normal
ASTON MARTIN,DB9 GT,MINICOMPACT,5.9,12,A6,Z,18.0,12.6,15.6,18,365,HIgh
ASTON MARTIN,RAPIDE S,SUBCOMPACT,6.0,12,A8,Z,16.8,10.9,14.2,20,332,HIgh
ASTON MARTIN,VANQUISH,MINICOMPACT,6.0,12,A8,Z,17.6,11.4,14.8,19,346,HIgh
ASTON MARTIN,V8 VANTAGE,TWO-SEATER,4.7,8,AM7,Z,17.4,11.3,14.7,19,343,HIgh
ASTON MARTIN,V8 VANTAGE,TWO-SEATER,4.7,8,M6,Z,18.1,12.3,15.5,18,362,HIgh
ASTON MARTIN,VANTAGE GT,TWO-SEATER,4.7,8,AM7,Z,17.4,11.3,14.7,19,343,HIgh
ASTON MARTIN,VANTAGE GT,TWO-SEATER,4.7,8,M6,Z,18.1,12.3,15.5,18,362,HIgh
ASTON MARTIN,V8 VANTAGE S,TWO-SEATER,4.7,8,AM7,Z,17.4,11.3,14.7,19,343,HIgh
ASTON MARTIN,V8 VANTAGE S,TWO-SEATER,4.7,8,M6,Z,18.1,12.3,15.5,18,362,HIgh
ASTON MARTIN,V12 VANTAGE S,TWO-SEATER,6.0,12,AM7,Z,19.5,12.8,16.5,17,390,HIgh
AUDI,A3,SUBCOMPACT,1.8,4,AM6,X,10.0,7.1,8.7,32,204,Normal
AUDI,A3 QUATTRO,SUBCOMPACT,2.0,4,AM6,X,9.8,7.2,8.6,33,201,Normal
AUDI,A3 CABRIOLET QUATTRO,SUBCOMPACT,2.0,4,AM6,X,10.1,7.5,8.9,32,208,Normal
AUDI,A4,COMPACT,2.0,4,AV8,Z,9.9,7.6,8.9,32,212,Normal
AUDI,A4 QUATTRO,COMPACT,2.0,4,AS8,Z,11.0,7.8,9.6,29,224,Normal
AUDI,A4 QUATTRO,COMPACT,2.0,4,M6,Z,10.6,7.3,9.1,31,214,Normal
AUDI,A4 ALLROAD QUATTRO,STATION WAGON - SMALL,2.0,4,AS8,Z,11.2,8.4,9.9,29,232,Normal
AUDI,A5 QUATTRO,SUBCOMPACT,2.0,4,AS8,Z,11.0,7.8,9.6,29,224,Normal
AUDI,A5 QUATTRO,SUBCOMPACT,2.0,4,M6,Z,10.6,7.3,9.1,31,214,Normal
AUDI,A5 CABRIOLET QUATTRO,SUBCOMPACT,2.0,4,AS8,Z,11.3,8.0,9.8,29,230,Normal
AUDI,A6 QUATTRO,MID-SIZE,2.0,4,AS8,Z,10.8,7.3,9.2,31,211,Normal
AUDI,A6 QUATTRO,MID-SIZE,3.0,6,AS8,Z,11.6,7.9,9.9,29,232,Normal
AUDI,A6 QUATTRO TDI (modified),MID-SIZE,3.0,6,AS8,D,9.4,6.2,7.8,36,213,Normal
AUDI,A7 QUATTRO,MID-SIZE,3.0,6,AS8,Z,11.6,7.9,9.9,29,232,Normal
AUDI,A7 QUATTRO TDI (modified),MID-SIZE,3.0,6,AS8,D,9.4,6.2,7.8,36,213,Normal
AUDI,A8 QUATTRO,MID-SIZE,3.0,6,AS8,Z,12.6,8.0,10.5,27,247,Normal
AUDI,A8 QUATTRO,MID-SIZE,4.0,8,AS8,Z,12.9,8.0,10.7,26,249,Normal
AUDI,A8 QUATTRO TDI (modified),MID-SIZE,3.0,6,AS8,D,9.8,6.5,8.4,34,224,Normal
AUDI,A8L QUATTRO,FULL-SIZE,4.0,8,AS8,Z,13.1,8.3,10.9,26,255,HIgh
AUDI,A8L QUATTRO,FULL-SIZE,6.3,12,AS8,Z,17.8,10.8,14.6,19,344,HIgh
AUDI,Q3,COMPACT,2.0,4,AS6,Z,12.0,8.2,10.3,27,242,Normal
AUDI,Q3 QUATTRO,COMPACT,2.0,4,AS6,Z,11.9,8.4,10.3,27,240,Normal
AUDI,Q5 QUATTRO,SUV - SMALL,2.0,4,AS8,Z,12.0,8.5,10.4,27,244,Normal
AUDI,Q5 QUATTRO,SUV - SMALL,3.0,6,AS8,Z,13.2,9.2,11.4,25,267,HIgh
AUDI,Q5 QUATTRO TDI (modified),SUV - SMALL,3.0,6,AS8,D,10.2,7.8,9.0,31,244,Normal
AUDI,Q5 HYBRID QUATTRO,SUV - SMALL,2.0,4,AS8,Z,9.8,7.9,8.9,32,209,Normal
AUDI,RS 7 QUATTRO,MID-SIZE,4.0,8,AS8,Z,16.6,9.4,13.3,21,313,HIgh
AUDI,S3 QUATTRO,SUBCOMPACT,2.0,4,AM6,Z,10.1,7.7,9.0,31,211,Normal
AUDI,S4 QUATTRO,COMPACT,3.0,6,AM7,Z,13.0,8.5,11.0,26,257,HIgh
AUDI,S4 QUATTRO,COMPACT,3.0,6,M6,Z,13.8,9.0,11.7,24,273,HIgh
AUDI,S5 QUATTRO,SUBCOMPACT,3.0,6,AM7,Z,13.0,8.5,11.0,26,257,HIgh
AUDI,S5 QUATTRO,SUBCOMPACT,3.0,6,M6,Z,13.8,9.0,11.7,24,273,HIgh
AUDI,S5 CABRIOLET QUATTRO,SUBCOMPACT,3.0,6,AM7,Z,13.3,9.1,11.4,25,266,HIgh
AUDI,S6 QUATTRO,MID-SIZE,4.0,8,AM7,Z,13.3,8.8,11.3,25,263,HIgh
AUDI,S7 QUATTRO,MID-SIZE,4.0,8,AM7,Z,13.4,8.8,11.4,25,265,HIgh
AUDI,S8 QUATTRO,MID-SIZE,4.0,8,AS8,Z,15.7,9.4,12.8,22,300,HIgh
AUDI,SQ5 QUATTRO,SUV - SMALL,3.0,6,AS8,Z,14.1,9.9,12.2,23,285,HIgh
AUDI,TT COUPE QUATTRO,SUBCOMPACT,2.0,4,AM6,X,10.1,7.8,9.1,31,209,Normal
AUDI,TT ROADSTER QUATTRO,TWO-SEATER,2.0,4,AM6,X,10.1,7.8,9.1,31,209,Normal
AUDI,TTS COUPE QUATTRO,SUBCOMPACT,2.0,4,AM6,Z,10.3,8.6,9.5,30,222,Normal
BENTLEY,CONTINENTAL GT,COMPACT,4.0,8,AS8,Z,16.1,9.4,13.1,22,307,HIgh
BENTLEY,CONTINENTAL GT,COMPACT,6.0,12,AS8,Z,18.9,11.2,15.4,18,360,HIgh
BENTLEY,CONTINENTAL GT CONVERTIBLE,SUBCOMPACT,4.0,8,AS8,Z,17.7,10.3,14.4,20,337,HIgh
BENTLEY,CONTINENTAL GT CONVERTIBLE,SUBCOMPACT,6.0,12,AS8,Z,19.6,11.7,16.0,18,375,HIgh
BENTLEY,FLYING SPUR,MID-SIZE,4.0,8,AS8,Z,17.7,10.0,14.2,20,334,HIgh
BENTLEY,FLYING SPUR,MID-SIZE,6.0,12,AS8,Z,20.3,11.9,16.5,17,388,HIgh
BENTLEY,MULSANNE,MID-SIZE,6.8,8,AS8,Z,21.0,13.1,17.5,16,408,HIgh
BMW,228i,SUBCOMPACT,2.0,4,AS8,Z,9.9,6.5,8.4,34,197,Normal
BMW,228i,SUBCOMPACT,2.0,4,M6,Z,10.7,7.0,9.0,31,211,Normal
BMW,228i xDRIVE,SUBCOMPACT,2.0,4,AS8,Z,10.4,6.8,8.8,32,207,Normal
BMW,228i xDRIVE CABRIOLET,SUBCOMPACT,2.0,4,AS8,Z,10.5,6.9,8.9,32,209,Normal
BMW,320i,COMPACT,2.0,4,AS8,Z,9.9,6.5,8.4,34,197,Normal
BMW,320i,COMPACT,2.0,4,M6,Z,10.7,7.0,9.0,31,211,Normal
BMW,320i xDRIVE,COMPACT,2.0,4,AS8,Z,10.4,6.8,8.8,32,207,Normal
BMW,328d xDRIVE,COMPACT,2.0,4,AS8,D,7.7,5.7,6.8,42,183,Normal
BMW,328d xDRIVE TOURING,STATION WAGON - SMALL,2.0,4,AS8,D,7.7,5.7,6.8,42,183,Normal
BMW,328i xDRIVE,COMPACT,2.0,4,AS8,Z,10.5,6.9,8.9,32,209,Normal
BMW,328i xDRIVE GRAN TURISMO,FULL-SIZE,2.0,4,AS8,Z,10.5,6.9,8.9,32,209,Normal
BMW,328i xDRIVE TOURING,STATION WAGON - SMALL,2.0,4,AS8,Z,10.5,6.9,8.9,32,209,Normal
BMW,335i xDRIVE GRAN TURISMO,FULL-SIZE,3.0,6,AS8,Z,12.0,7.9,10.2,28,238,Normal
BMW,340i,COMPACT,3.0,6,AS8,Z,10.9,7.2,9.3,30,217,Normal
BMW,340i,COMPACT,3.0,6,M6,Z,11.6,7.8,9.9,29,231,Normal
BMW,340i xDRIVE,COMPACT,3.0,6,AS8,Z,10.9,7.3,9.3,30,216,Normal
BMW,340i xDRIVE,COMPACT,3.0,6,M6,Z,11.9,8.3,10.3,27,241,Normal
BMW,428i CABRIOLET,SUBCOMPACT,2.0,4,AS8,Z,10.8,6.7,8.9,32,211,Normal
BMW,428i COUPE,COMPACT,2.0,4,AS8,Z,9.9,6.5,8.4,34,197,Normal
BMW,428i COUPE,COMPACT,2.0,4,M6,Z,10.7,7.0,9.0,31,211,Normal
BMW,428i GRAN COUPE,COMPACT,2.0,4,AS8,Z,10.8,6.7,8.9,32,211,Normal
BMW,428i GRAN COUPE,COMPACT,2.0,4,M6,Z,10.9,6.8,9.0,31,210,Normal
BMW,428i xDRIVE CABRIOLET,SUBCOMPACT,2.0,4,AS8,Z,11.3,7.1,9.4,30,221,Normal
BMW,428i xDRIVE COUPE,COMPACT,2.0,4,AS8,Z,10.5,6.9,8.9,32,209,Normal
BMW,428i xDRIVE GRAN COUPE,COMPACT,2.0,4,AS8,Z,10.5,6.9,8.9,32,209,Normal
BMW,435i CABRIOLET,SUBCOMPACT,3.0,6,AS8,Z,11.8,7.6,9.9,29,232,Normal
BMW,435i COUPE,COMPACT,3.0,6,AS8,Z,11.6,7.7,9.9,29,232,Normal
BMW,435i COUPE,COMPACT,3.0,6,M6,Z,12.1,8.4,10.5,27,246,Normal
BMW,435i xDRIVE CABRIOLET,SUBCOMPACT,3.0,6,AS8,Z,11.9,8.1,10.2,28,238,Normal
BMW,435i xDRIVE COUPE,COMPACT,3.0,6,AS8,Z,12.0,7.9,10.2,28,238,Normal
BMW,435i xDRIVE COUPE,COMPACT,3.0,6,M6,Z,12.3,8.4,10.5,27,247,Normal
BMW,435i xDRIVE GRAN COUPE,COMPACT,3.0,6,AS8,Z,12.0,7.9,10.2,28,238,Normal
BMW,528i xDRIVE,MID-SIZE,2.0,4,AS8,Z,10.5,6.9,8.9,32,209,Normal
BMW,535d xDRIVE,MID-SIZE,3.0,6,AS8,D,9.2,6.3,7.9,36,212,Normal
BMW,535i xDRIVE,MID-SIZE,3.0,6,AS8,Z,11.9,8.1,10.2,28,238,Normal
BMW,535i xDRIVE GRAN TURISMO,FULL-SIZE,3.0,6,AS8,Z,13.0,9.1,11.2,25,263,HIgh
BMW,550i xDRIVE,MID-SIZE,4.4,8,AS8,Z,14.4,9.6,12.3,23,288,HIgh
BMW,550i xDRIVE GRAN TURISMO,FULL-SIZE,4.4,8,AS8,Z,14.3,9.3,12.1,23,283,HIgh
BMW,640i xDRIVE CABRIOLET,SUBCOMPACT,3.0,6,AS8,Z,11.9,8.1,10.2,28,238,Normal
BMW,640i xDRIVE GRAN COUPE,COMPACT,3.0,6,AS8,Z,11.9,8.1,10.2,28,238,Normal
BMW,650i xDRIVE CABRIOLET,SUBCOMPACT,4.4,8,AS8,Z,14.3,9.3,12.1,23,283,HIgh
BMW,650i xDRIVE COUPE,COMPACT,4.4,8,AS8,Z,14.4,9.6,12.3,23,288,HIgh
BMW,650i xDRIVE GRAN COUPE,COMPACT,4.4,8,AS8,Z,14.3,9.3,12.1,23,283,HIgh
BMW,750i xDRIVE,FULL-SIZE,4.4,8,AS8,Z,14.3,9.3,12.1,23,283,HIgh
BMW,750Li xDRIVE,FULL-SIZE,4.4,8,AS8,Z,14.3,9.3,12.1,23,283,HIgh
BMW,ACTIVEHYBRID 5,MID-SIZE,3.0,6,AS8,Z,10.6,7.9,9.4,30,219,Normal
BMW,ALPINA B6 xDRIVE GRAN COUPE,COMPACT,4.4,8,AS8,Z,14.3,9.3,12.1,23,283,HIgh
BMW,M2,SUBCOMPACT,3.0,6,AM7,Z,11.8,8.8,10.4,27,244,Normal
BMW,M2,SUBCOMPACT,3.0,6,M6,Z,12.7,9.2,11.1,25,260,HIgh
BMW,M235i,SUBCOMPACT,3.0,6,AS8,Z,11.6,7.7,9.9,29,232,Normal
BMW,M235i,SUBCOMPACT,3.0,6,M6,Z,11.9,8.6,10.4,27,245,Normal
BMW,M235i CABRIOLET,SUBCOMPACT,3.0,6,AS8,Z,11.6,7.7,9.9,29,232,Normal
BMW,M235i CABRIOLET,SUBCOMPACT,3.0,6,M6,Z,12.1,8.4,10.5,27,246,Normal
BMW,M235i xDRIVE,SUBCOMPACT,3.0,6,AS8,Z,12.0,7.9,10.2,28,238,Normal
BMW,M235i xDRIVE CABRIOLET,SUBCOMPACT,3.0,6,AS8,Z,12.0,7.9,10.2,28,238,Normal
BMW,M3,COMPACT,3.0,6,AM7,Z,14.1,9.7,12.1,23,284,HIgh
BMW,M3,COMPACT,3.0,6,M6,Z,13.7,9.0,11.6,24,271,HIgh
BMW,M4 CABRIOLET,SUBCOMPACT,3.0,6,AM7,Z,14.2,9.6,12.1,23,282,HIgh
BMW,M4 CABRIOLET,SUBCOMPACT,3.0,6,M6,Z,14.1,9.0,11.8,24,278,HIgh
BMW,M4 COUPE,COMPACT,3.0,6,AM7,Z,14.1,9.7,12.1,23,284,HIgh
BMW,M4 COUPE,COMPACT,3.0,6,M6,Z,13.7,9.0,11.6,24,271,HIgh
BMW,M5,MID-SIZE,4.4,8,AM7,Z,17.3,11.5,14.7,19,344,HIgh
BMW,M5,MID-SIZE,4.4,8,M6,Z,16.1,10.9,13.7,21,321,HIgh
BMW,M6,COMPACT,4.4,8,AM7,Z,17.3,11.5,14.7,19,344,HIgh
BMW,M6,COMPACT,4.4,8,M6,Z,16.1,10.9,13.7,21,321,HIgh
BMW,M6 CABRIOLET,SUBCOMPACT,4.4,8,AM7,Z,17.3,11.5,14.7,19,344,HIgh
BMW,M6 CABRIOLET,SUBCOMPACT,4.4,8,M6,Z,16.1,10.9,13.7,21,321,HIgh
BMW,M6 GRAN COUPE,COMPACT,4.4,8,AM7,Z,17.3,11.5,14.7,19,344,HIgh
BMW,M6 GRAN COUPE,COMPACT,4.4,8,M6,Z,16.1,10.9,13.7,21,321,HIgh
BMW,X1 xDRIVE28i,SUV - SMALL,2.0,4,AS8,Z,10.7,7.4,9.2,31,215,Normal
BMW,X3 xDRIVE28d,SUV - SMALL,2.0,4,AS8,D,8.6,6.9,7.9,36,211,Normal
BMW,X3 xDRIVE28i,SUV - SMALL,2.0,4,AS8,Z,11.1,8.4,9.9,29,231,Normal
BMW,X3 xDRIVE35i,SUV - SMALL,3.0,6,AS8,Z,12.7,8.8,10.9,26,257,HIgh
BMW,X4 M40i,SUV - SMALL,3.0,6,AS8,Z,12.8,9.5,11.3,25,264,HIgh
BMW,X4 xDRIVE28i,SUV - SMALL,2.0,4,AS8,Z,11.7,8.4,10.2,28,238,Normal
BMW,X4 xDRIVE35i,SUV - SMALL,3.0,6,AS8,Z,12.7,8.8,10.9,26,257,HIgh
BMW,X5 M,SUV - STANDARD,4.4,8,AS8,Z,16.6,12.1,14.6,19,343,HIgh
BMW,X5 xDRIVE35d,SUV - STANDARD,3.0,6,AS8,D,10.0,7.6,8.9,32,233,Normal
BMW,X5 xDRIVE35i,SUV - STANDARD,3.0,6,AS8,Z,13.0,9.7,11.5,25,269,HIgh
BMW,X5 xDRIVE50i,SUV - STANDARD,4.4,8,AS8,Z,15.7,11.4,13.8,20,322,HIgh
BMW,X6 M,SUV - STANDARD,4.4,8,AS8,Z,16.6,12.1,14.6,19,343,HIgh
BMW,X6 xDRIVE35i,SUV - STANDARD,3.0,6,AS8,Z,13.0,9.7,11.5,25,269,HIgh
BMW,X6 xDRIVE50i,SUV - STANDARD,4.4,8,AS8,Z,15.7,11.4,13.8,20,322,HIgh
BMW,Z4 sDRIVE28i,TWO-SEATER,2.0,4,AS8,Z,10.7,7.1,9.1,31,212,Normal
BMW,Z4 sDRIVE28i,TWO-SEATER,2.0,4,M6,Z,10.7,7.0,9.0,31,211,Normal
BMW,Z4 sDRIVE35i,TWO-SEATER,3.0,6,AM7,Z,13.7,10.0,12.1,23,282,HIgh
BMW,Z4 sDRIVE35is,TWO-SEATER,3.0,6,AM7,Z,13.7,10.0,12.1,23,282,HIgh
BUICK,ENCLAVE,SUV - STANDARD,3.6,6,A6,X,15.8,10.6,13.4,21,315,HIgh
BUICK,ENCLAVE AWD,SUV - STANDARD,3.6,6,A6,X,16.1,10.8,13.7,21,323,HIgh
BUICK,ENCORE,SUV - SMALL,1.4,4,AS6,X,9.5,7.2,8.5,33,199,Normal
BUICK,ENCORE AWD,SUV - SMALL,1.4,4,AS6,X,10.2,8.0,9.2,31,215,Normal
BUICK,ENCORE SPORT TOURING,SUV - SMALL,1.4,4,AS6,X,8.5,6.9,7.8,36,182,Normal
BUICK,ENCORE SPORT TOURING AWD,SUV - SMALL,1.4,4,AS6,X,8.9,7.4,8.2,34,192,Normal
BUICK,ENVISION AWD,SUV - SMALL,2.0,4,A6,Z,11.8,9.1,10.6,27,248,Normal
BUICK,LACROSSE FFV,MID-SIZE,3.6,6,AS6,X,13.7,8.6,11.4,25,268,HIgh
BUICK,LACROSSE FFV,MID-SIZE,3.6,6,AS6,E,18.7,12.4,15.8,18,260,HIgh
BUICK,LACROSSE eASSIST,MID-SIZE,2.4,4,AS6,X,9.6,6.5,8.2,34,193,Normal
BUICK,LACROSSE AWD FFV,MID-SIZE,3.6,6,AS6,X,13.8,9.0,11.7,24,274,HIgh
BUICK,LACROSSE AWD FFV,MID-SIZE,3.6,6,AS6,E,18.5,12.5,15.8,18,263,HIgh
BUICK,REGAL,MID-SIZE,2.0,4,AS6,Z,11.4,7.9,9.8,29,231,Normal
BUICK,REGAL,MID-SIZE,2.0,4,M6,Z,11.6,7.6,9.8,29,230,Normal
BUICK,REGAL eASSIST,MID-SIZE,2.4,4,AS6,X,9.6,6.5,8.2,34,193,Normal
BUICK,REGAL AWD,MID-SIZE,2.0,4,AS6,Z,12.4,8.7,10.7,26,252,HIgh
BUICK,VERANO,COMPACT,2.0,4,AS6,Z,11.4,7.9,9.8,29,231,Normal
BUICK,VERANO,COMPACT,2.0,4,M6,Z,11.6,7.6,9.8,29,230,Normal
BUICK,VERANO,COMPACT,2.4,4,AS6,X,11.3,7.4,9.6,29,224,Normal
CADILLAC,ATS,COMPACT,2.0,4,AS8,Z,10.5,7.6,9.2,31,215,Normal
CADILLAC,ATS,COMPACT,2.0,4,M6,Z,12.0,8.1,10.3,27,240,Normal
CADILLAC,ATS,COMPACT,2.5,4,AS8,X,10.6,7.3,9.1,31,214,Normal
CADILLAC,ATS,COMPACT,3.6,6,AS8,X,11.6,7.9,9.9,29,233,Normal
CADILLAC,ATS AWD,COMPACT,2.0,4,AS8,Z,10.8,7.8,9.4,30,221,Normal
CADILLAC,ATS AWD,COMPACT,3.6,6,AS8,X,12.2,8.5,10.5,27,247,Normal
CADILLAC,ATS-V,COMPACT,3.6,6,AS8,Z,14.7,9.8,12.5,23,293,HIgh
CADILLAC,ATS-V,COMPACT,3.6,6,M6,Z,14.2,10.2,12.4,23,289,HIgh
CADILLAC,CT6,FULL-SIZE,2.0,4,AS8,Z,11.0,7.6,9.5,30,222,Normal
CADILLAC,CT6 AWD,FULL-SIZE,3.0,6,AS8,Z,13.0,9.0,11.2,25,263,HIgh
CADILLAC,CT6 AWD,FULL-SIZE,3.6,6,AS8,X,12.8,8.7,11.0,26,257,HIgh
CADILLAC,CTS,MID-SIZE,2.0,4,AS8,Z,11.0,7.6,9.5,30,221,Normal
CADILLAC,CTS,MID-SIZE,3.6,6,AS8,X,11.6,7.9,9.9,29,233,Normal
CADILLAC,CTS AWD,MID-SIZE,2.0,4,AS8,Z,11.2,8.1,9.8,29,229,Normal
CADILLAC,CTS AWD,MID-SIZE,3.6,6,AS8,X,12.2,8.5,10.5,27,247,Normal
CADILLAC,CTS Vsport,MID-SIZE,3.6,6,AS8,Z,14.7,9.8,12.5,23,293,HIgh
CADILLAC,CTS-V,MID-SIZE,6.2,8,AS8,Z,16.6,11.1,14.1,20,332,HIgh
CADILLAC,ESCALADE 4WD,SUV - STANDARD,6.2,8,A8,Z,16.0,11.2,13.9,20,325,HIgh
CADILLAC,SRX,SUV - STANDARD,3.6,6,AS6,X,14.2,9.8,12.3,23,287,HIgh
CADILLAC,SRX AWD,SUV - STANDARD,3.6,6,AS6,X,14.8,10.4,12.8,22,300,HIgh
CADILLAC,XTS,FULL-SIZE,3.6,6,AS6,X,13.6,8.6,11.3,25,263,HIgh
CADILLAC,XTS AWD,FULL-SIZE,3.6,6,AS6,X,13.9,8.9,11.6,24,273,HIgh
CADILLAC,XTS Vsport AWD,FULL-SIZE,3.6,6,AS6,Z,15.0,10.2,12.8,22,302,HIgh
CHEVROLET,CAMARO,COMPACT,2.0,4,AS8,Z,10.9,7.5,9.3,30,218,Normal
CHEVROLET,CAMARO,COMPACT,2.0,4,M6,Z,11.4,7.9,9.8,29,229,Normal
CHEVROLET,CAMARO,COMPACT,3.6,6,AS8,X,12.3,8.5,10.6,27,248,Normal
CHEVROLET,CAMARO,COMPACT,3.6,6,M6,X,13.2,8.7,11.2,25,261,HIgh
CHEVROLET,CAMARO SS,COMPACT,6.2,8,AS8,Z,14.2,8.4,11.6,24,272,HIgh
CHEVROLET,CAMARO SS,COMPACT,6.2,8,M6,Z,14.3,9.4,12.1,23,284,HIgh
CHEVROLET,CITY EXPRESS,SPECIAL PURPOSE VEHICLE,2.0,4,AV,X,9.7,9.0,9.4,30,220,Normal
CHEVROLET,COLORADO,PICKUP TRUCK - SMALL,2.5,4,A6,X,11.9,8.9,10.5,27,247,Normal
CHEVROLET,COLORADO,PICKUP TRUCK - SMALL,2.5,4,M6,X,12.2,9.1,10.8,26,253,HIgh
CHEVROLET,COLORADO,PICKUP TRUCK - SMALL,2.8,4,A6,D,10.8,7.7,9.4,30,252,HIgh
CHEVROLET,COLORADO,PICKUP TRUCK - SMALL,3.6,6,A6,X,13.0,9.2,11.3,25,265,HIgh
CHEVROLET,COLORADO 4WD,PICKUP TRUCK - SMALL,2.5,4,A6,X,12.7,9.6,11.3,25,265,HIgh
CHEVROLET,COLORADO 4WD,PICKUP TRUCK - SMALL,2.8,4,A6,D,12.0,8.2,10.3,27,277,HIgh
CHEVROLET,COLORADO 4WD,PICKUP TRUCK - SMALL,3.6,6,A6,X,13.6,9.9,11.9,24,279,HIgh
CHEVROLET,CORVETTE,TWO-SEATER,6.2,8,AS8,Z,14.6,8.1,11.7,24,275,HIgh
CHEVROLET,CORVETTE,TWO-SEATER,6.2,8,M7,Z,13.7,8.2,11.2,25,263,HIgh
CHEVROLET,CORVETTE Z06,TWO-SEATER,6.2,8,AS8,Z,17.7,10.2,14.3,20,335,HIgh
CHEVROLET,CORVETTE Z06,TWO-SEATER,6.2,8,M7,Z,15.7,10.6,13.4,21,313,HIgh
CHEVROLET,CRUZE,COMPACT,1.4,4,AS6,X,7.8,5.6,6.8,42,159,Normal
CHEVROLET,CRUZE,COMPACT,1.4,4,M6,X,8.2,5.8,7.1,40,167,Normal
CHEVROLET,CRUZE PREMIER,COMPACT,1.4,4,AS6,X,7.8,5.9,6.9,41,160,Normal
CHEVROLET,CRUZE LIMITED,MID-SIZE,1.4,4,AS6,X,9.1,6.3,7.8,36,184,Normal
CHEVROLET,CRUZE LIMITED,MID-SIZE,1.4,4,M6,X,9.0,6.2,7.8,36,182,Normal
CHEVROLET,CRUZE LIMITED,MID-SIZE,1.8,4,AS6,X,10.5,6.8,8.8,32,207,Normal
CHEVROLET,CRUZE LIMITED,MID-SIZE,1.8,4,M6,X,9.4,6.6,8.1,35,190,Normal
CHEVROLET,CRUZE LIMITED ECO,MID-SIZE,1.4,4,A6,X,9.0,6.1,7.7,37,181,Normal
CHEVROLET,CRUZE LIMITED ECO,MID-SIZE,1.4,4,M6,X,8.4,5.6,7.1,40,167,Normal
CHEVROLET,EQUINOX,SUV - SMALL,2.4,4,A6,X,10.5,7.3,9.1,31,214,Normal
CHEVROLET,EQUINOX,SUV - SMALL,3.6,6,A6,X,14.2,9.5,12.1,23,285,HIgh
CHEVROLET,EQUINOX FFV,SUV - SMALL,2.4,4,A6,X,10.5,7.3,9.1,31,214,Normal
CHEVROLET,EQUINOX FFV,SUV - SMALL,2.4,4,A6,E,15.6,10.8,13.4,21,221,Normal
CHEVROLET,EQUINOX AWD,SUV - SMALL,2.4,4,A6,X,11.5,8.2,10.0,28,235,Normal
CHEVROLET,EQUINOX AWD,SUV - SMALL,3.6,6,A6,X,14.9,10.1,12.8,22,300,HIgh
CHEVROLET,EQUINOX AWD FFV,SUV - SMALL,2.4,4,A6,X,11.5,8.2,10.0,28,235,Normal
CHEVROLET,EQUINOX AWD FFV,SUV - SMALL,2.4,4,A6,E,16.3,11.6,14.2,20,236,Normal
CHEVROLET,EXPRESS 2500 PASSENGER,VAN - PASSENGER,6.0,8,A6,X,22.0,14.9,18.8,15,441,HIgh
CHEVROLET,EXPRESS 3500 PASSENGER,VAN - PASSENGER,6.0,8,A6,X,23.0,16.0,19.8,14,465,HIgh
CHEVROLET,IMPALA,FULL-SIZE,2.5,4,AS6,X,10.6,7.5,9.2,31,215,Normal
CHEVROLET,IMPALA FFV,FULL-SIZE,3.6,6,AS6,X,12.5,8.2,10.6,27,248,Normal
CHEVROLET,IMPALA FFV,FULL-SIZE,3.6,6,AS6,E,17.0,11.5,14.5,19,239,Normal
CHEVROLET,IMPALA DUAL FUEL,MID-SIZE,3.6,6,AS6,X,13.9,9.3,11.9,24,272,HIgh
CHEVROLET,IMPALA DUAL FUEL,MID-SIZE,3.6,6,AS6,N,15.2,9.5,12.7,22,213,Normal
CHEVROLET,MALIBU,MID-SIZE,1.5,4,A6,X,8.7,6.3,7.6,37,179,Normal
CHEVROLET,MALIBU,MID-SIZE,2.0,4,AS8,Z,10.6,7.1,9.0,31,211,Normal
CHEVROLET,MALIBU LIMITED,MID-SIZE,2.5,4,AS6,X,10.0,7.0,8.6,33,202,Normal
CHEVROLET,MALIBU HYBRID,MID-SIZE,1.8,4,AV,X,5.0,5.1,5.1,55,122,Normal
CHEVROLET,SILVERADO,PICKUP TRUCK - STANDARD,5.3,8,A6,X,14.6,10.4,12.7,22,298,HIgh
CHEVROLET,SILVERADO,PICKUP TRUCK - STANDARD,6.2,8,A8,Z,16.1,11.4,14.0,20,328,HIgh
CHEVROLET,SILVERADO FFV,PICKUP TRUCK - STANDARD,4.3,6,A6,X,13.5,10.0,11.9,24,280,HIgh
CHEVROLET,SILVERADO FFV,PICKUP TRUCK - STANDARD,4.3,6,A6,E,19.3,14.4,17.1,17,284,HIgh
CHEVROLET,SILVERADO FFV,PICKUP TRUCK - STANDARD,5.3,8,A6,X,14.6,10.4,12.7,22,298,HIgh
CHEVROLET,SILVERADO FFV,PICKUP TRUCK - STANDARD,5.3,8,A6,E,19.9,14.0,17.2,16,286,HIgh
CHEVROLET,SILVERADO 4WD,PICKUP TRUCK - STANDARD,5.3,8,A6,X,15.0,10.7,13.1,22,307,HIgh
CHEVROLET,SILVERADO 4WD,PICKUP TRUCK - STANDARD,6.2,8,A8,Z,16.3,11.6,14.2,20,332,HIgh
CHEVROLET,SILVERADO 4WD FFV,PICKUP TRUCK - STANDARD,4.3,6,A6,X,14.2,10.7,12.6,22,296,HIgh
CHEVROLET,SILVERADO 4WD FFV,PICKUP TRUCK - STANDARD,4.3,6,A6,E,20.3,15.3,18.1,16,301,HIgh
CHEVROLET,SILVERADO 4WD FFV,PICKUP TRUCK - STANDARD,5.3,8,A6,X,15.0,10.7,13.1,22,306,HIgh
CHEVROLET,SILVERADO 4WD FFV,PICKUP TRUCK - STANDARD,5.3,8,A6,E,20.5,14.4,17.8,16,295,HIgh
CHEVROLET,SILVERADO eASSIST 4WD,PICKUP TRUCK - STANDARD,5.3,8,A8,X,14.4,11.2,13.0,22,304,HIgh
CHEVROLET,SONIC,COMPACT,1.4,4,AS6,X,9.0,6.8,8.0,35,188,Normal
CHEVROLET,SONIC,COMPACT,1.4,4,M6,X,8.5,6.2,7.5,38,175,Normal
CHEVROLET,SONIC,COMPACT,1.8,4,AS6,X,9.6,6.7,8.3,34,195,Normal
CHEVROLET,SONIC,COMPACT,1.8,4,M5,X,9.0,6.8,8.0,35,187,Normal
CHEVROLET,SONIC RS,COMPACT,1.4,4,AS6,X,9.5,7.1,8.4,34,195,Normal
CHEVROLET,SONIC RS,COMPACT,1.4,4,M6,X,8.9,7.0,8.0,35,189,Normal
CHEVROLET,SONIC 5,STATION WAGON - SMALL,1.4,4,AS6,X,9.0,6.8,8.0,35,188,Normal
CHEVROLET,SONIC 5,STATION WAGON - SMALL,1.4,4,M6,X,8.5,6.2,7.5,38,175,Normal
CHEVROLET,SONIC 5,STATION WAGON - SMALL,1.8,4,AS6,X,9.6,6.7,8.3,34,195,Normal
CHEVROLET,SONIC 5,STATION WAGON - SMALL,1.8,4,M5,X,9.0,6.8,8.0,35,187,Normal
CHEVROLET,SONIC 5 RS,STATION WAGON - SMALL,1.4,4,AS6,X,9.5,7.1,8.4,34,195,Normal
CHEVROLET,SONIC 5 RS,STATION WAGON - SMALL,1.4,4,M6,X,8.9,7.0,8.0,35,189,Normal
CHEVROLET,SPARK,SUBCOMPACT,1.4,4,AV,X,7.6,5.7,6.7,42,157,Normal
CHEVROLET,SPARK,SUBCOMPACT,1.4,4,M5,X,7.8,5.8,6.9,41,162,Normal
CHEVROLET,SUBURBAN,SUV - STANDARD,5.3,8,A6,X,15.1,10.4,13.0,22,304,HIgh
CHEVROLET,SUBURBAN FFV,SUV - STANDARD,5.3,8,A6,X,15.1,10.4,13.0,22,304,HIgh
CHEVROLET,SUBURBAN FFV,SUV - STANDARD,5.3,8,A6,E,20.5,14.0,17.6,16,288,HIgh
CHEVROLET,SUBURBAN 4WD,SUV - STANDARD,5.3,8,A6,X,15.4,10.8,13.3,21,312,HIgh
CHEVROLET,SUBURBAN 4WD FFV,SUV - STANDARD,5.3,8,A6,X,15.4,10.8,13.3,21,312,HIgh
CHEVROLET,SUBURBAN 4WD FFV,SUV - STANDARD,5.3,8,A6,E,22.2,15.3,19.1,15,317,HIgh
CHEVROLET,TAHOE,SUV - STANDARD,5.3,8,A6,X,15.1,10.4,13.0,22,304,HIgh
CHEVROLET,TAHOE FFV,SUV - STANDARD,5.3,8,A6,X,15.1,10.4,13.0,22,304,HIgh
CHEVROLET,TAHOE FFV,SUV - STANDARD,5.3,8,A6,E,20.5,14.0,17.6,16,288,HIgh
CHEVROLET,TAHOE 4WD,SUV - STANDARD,5.3,8,A6,X,15.2,10.8,13.2,21,310,HIgh
CHEVROLET,TAHOE 4WD FFV,SUV - STANDARD,5.3,8,A6,X,15.2,10.8,13.2,21,310,HIgh
CHEVROLET,TAHOE 4WD FFV,SUV - STANDARD,5.3,8,A6,E,20.9,14.5,18.0,16,300,HIgh
CHEVROLET,TRAVERSE,SUV - STANDARD,3.6,6,A6,X,15.8,10.6,13.4,21,315,HIgh
CHEVROLET,TRAVERSE AWD,SUV - STANDARD,3.6,6,A6,X,16.1,10.8,13.7,21,323,HIgh
CHEVROLET,TRAX,SUV - SMALL,1.4,4,AS6,X,9.2,7.0,8.2,34,193,Normal
CHEVROLET,TRAX,SUV - SMALL,1.4,4,M6,X,9.1,6.9,8.1,35,190,Normal
CHEVROLET,TRAX 4WD,SUV - SMALL,1.4,4,AS6,X,9.7,7.6,8.7,32,205,Normal
CHRYSLER,200 FFV,MID-SIZE,2.4,4,A9,X,10.2,6.4,8.5,33,198,Normal
CHRYSLER,200 FFV,MID-SIZE,2.4,4,A9,E,13.6,8.5,11.3,25,186,Normal
CHRYSLER,200 FFV,MID-SIZE,3.6,6,A9,X,12.4,7.5,10.2,28,239,Normal
CHRYSLER,200 FFV,MID-SIZE,3.6,6,A9,E,16.5,10.1,13.6,21,225,Normal
CHRYSLER,200 AWD FFV,MID-SIZE,3.6,6,A9,X,12.8,8.1,10.7,26,250,Normal
CHRYSLER,200 AWD FFV,MID-SIZE,3.6,6,A9,E,16.9,10.8,14.1,20,232,Normal
CHRYSLER,300,FULL-SIZE,3.6,6,A8,X,12.4,7.7,10.3,27,240,Normal
CHRYSLER,300 FFV,FULL-SIZE,3.6,6,A8,X,12.4,7.7,10.3,27,240,Normal
CHRYSLER,300 FFV,FULL-SIZE,3.6,6,A8,E,16.8,10.3,13.9,20,229,Normal
CHRYSLER,300 (MDS),FULL-SIZE,5.7,8,A8,X,14.8,9.3,12.3,23,289,HIgh
CHRYSLER,300 AWD,FULL-SIZE,3.6,6,A8,X,12.8,8.6,10.9,26,257,HIgh
CHRYSLER,300 AWD FFV,FULL-SIZE,3.6,6,A8,X,12.8,8.6,10.9,26,257,HIgh
CHRYSLER,300 AWD FFV,FULL-SIZE,3.6,6,A8,E,17.3,11.7,14.8,19,243,Normal
CHRYSLER,TOWN & COUNTRY FFV,MINIVAN,3.6,6,A6,X,14.1,9.5,12.0,24,282,HIgh
CHRYSLER,TOWN & COUNTRY FFV,MINIVAN,3.6,6,A6,E,19.7,13.3,16.8,17,279,HIgh
DODGE,CHALLENGER,MID-SIZE,3.6,6,A8,X,12.4,7.8,10.3,27,242,Normal
DODGE,CHALLENGER,MID-SIZE,5.7,8,M6,X,15.6,10.0,13.1,22,307,HIgh
DODGE,CHALLENGER,MID-SIZE,6.4,8,M6,Z,16.8,10.4,13.9,20,326,HIgh
DODGE,CHALLENGER (MDS),MID-SIZE,5.7,8,A8,X,14.8,9.3,12.3,23,289,HIgh
DODGE,CHALLENGER (MDS),MID-SIZE,6.4,8,A8,Z,15.7,9.5,12.9,22,302,HIgh
DODGE,CHALLENGER SRT,MID-SIZE,6.4,8,M6,Z,16.8,10.4,13.9,20,326,HIgh
DODGE,CHALLENGER SRT (MDS),MID-SIZE,6.4,8,A8,Z,15.7,9.5,12.9,22,302,HIgh
DODGE,CHALLENGER SRT HELLCAT,MID-SIZE,6.2,8,A8,Z,17.6,10.7,14.5,19,339,HIgh
DODGE,CHALLENGER SRT HELLCAT,MID-SIZE,6.2,8,M6,Z,18.1,11.4,15.1,19,353,HIgh
DODGE,CHARGER,FULL-SIZE,3.6,6,A5,X,13.7,8.9,11.5,25,271,HIgh
DODGE,CHARGER,FULL-SIZE,3.6,6,A8,X,12.4,7.7,10.3,27,240,Normal
DODGE,CHARGER FFV,FULL-SIZE,3.6,6,A5,X,13.7,8.9,11.5,25,271,HIgh
DODGE,CHARGER FFV,FULL-SIZE,3.6,6,A5,E,18.7,12.4,15.9,18,264,HIgh
DODGE,CHARGER FFV,FULL-SIZE,3.6,6,A8,X,12.4,7.7,10.3,27,240,Normal
DODGE,CHARGER FFV,FULL-SIZE,3.6,6,A8,E,16.8,10.3,13.9,20,229,Normal
DODGE,CHARGER (MDS),FULL-SIZE,5.7,8,A5,X,15.7,9.6,12.9,22,302,HIgh
DODGE,CHARGER (MDS),FULL-SIZE,5.7,8,A8,X,14.8,9.3,12.3,23,289,HIgh
DODGE,CHARGER (MDS),FULL-SIZE,6.4,8,A8,Z,15.7,9.5,12.9,22,302,HIgh
DODGE,CHARGER AWD,FULL-SIZE,3.6,6,A8,X,12.8,8.6,10.9,26,257,HIgh
DODGE,CHARGER AWD FFV,FULL-SIZE,3.6,6,A8,X,12.8,8.6,10.9,26,257,HIgh
DODGE,CHARGER AWD FFV,FULL-SIZE,3.6,6,A8,E,17.3,11.7,14.8,19,243,Normal
DODGE,CHARGER AWD (MDS),FULL-SIZE,5.7,8,A5,X,16.1,10.0,13.4,21,313,HIgh
DODGE,CHARGER SRT (MDS),FULL-SIZE,6.4,8,A8,Z,15.7,9.5,12.9,22,302,HIgh
DODGE,CHARGER SRT HELLCAT,FULL-SIZE,6.2,8,A8,Z,17.6,10.7,14.5,19,339,HIgh
DODGE,DART,MID-SIZE,2.0,4,M6,X,9.4,6.5,8.1,35,189,Normal
DODGE,DART,MID-SIZE,2.4,4,A6,X,10.1,6.8,8.6,33,202,Normal
DODGE,DART,MID-SIZE,2.4,4,M6,X,10.5,6.7,8.8,32,205,Normal
DODGE,DART FFV,MID-SIZE,2.0,4,A6,X,9.9,7.0,8.6,33,201,Normal
DODGE,DART FFV,MID-SIZE,2.0,4,A6,E,13.3,9.3,11.5,25,187,Normal
DODGE,DART GT,MID-SIZE,2.4,4,A6,X,10.6,7.5,9.2,31,215,Normal
DODGE,DART GT,MID-SIZE,2.4,4,M6,X,10.2,7.0,8.8,32,207,Normal
DODGE,DART TURBO AERO,MID-SIZE,1.4,4,AM6,X,8.4,5.9,7.3,39,171,Normal
DODGE,DART TURBO AERO,MID-SIZE,1.4,4,M6,X,8.5,5.8,7.3,39,171,Normal
DODGE,DURANGO AWD,SUV - STANDARD,3.6,6,A8,X,12.8,9.5,11.3,25,265,HIgh
DODGE,DURANGO AWD (MDS),SUV - STANDARD,5.7,8,A8,X,16.7,10.7,14.0,20,329,HIgh
DODGE,GRAND CARAVAN FFV,MINIVAN,3.6,6,A6,X,13.7,9.4,11.8,24,276,HIgh
DODGE,GRAND CARAVAN FFV,MINIVAN,3.6,6,A6,E,19.2,13.1,16.4,17,269,HIgh
DODGE,JOURNEY,SUV - SMALL,2.4,4,A4,X,12.7,9.1,11.1,25,260,HIgh
DODGE,JOURNEY FFV,SUV - SMALL,3.6,6,A6,X,14.2,9.4,12.1,23,283,HIgh
DODGE,JOURNEY FFV,SUV - SMALL,3.6,6,A6,E,18.9,12.9,16.2,17,270,HIgh
DODGE,JOURNEY AWD,SUV - SMALL,3.6,6,A6,X,14.5,9.9,12.4,23,292,HIgh
DODGE,VIPER SRT,TWO-SEATER,8.4,10,M6,Z,19.2,11.3,15.6,18,364,HIgh
FIAT,500 CABRIO,MINICOMPACT,1.4,4,A6,X,8.7,6.9,7.9,36,183,Normal
FIAT,500 CABRIO,MINICOMPACT,1.4,4,M5,X,7.9,6.3,7.2,39,168,Normal
FIAT,500 HATCHBACK,MINICOMPACT,1.4,4,A6,X,8.7,6.9,7.9,36,183,Normal
FIAT,500 HATCHBACK,MINICOMPACT,1.4,4,M5,X,7.6,5.9,6.8,42,160,Normal
FIAT,500 HATCHBACK TURBO,MINICOMPACT,1.4,4,A6,X,9.6,7.3,8.6,33,200,Normal
FIAT,500 HATCHBACK TURBO,MINICOMPACT,1.4,4,M5,X,8.5,6.9,7.8,36,183,Normal
FIAT,500 ABARTH CABRIO,MINICOMPACT,1.4,4,A6,X,9.6,7.3,8.6,33,200,Normal
FIAT,500 ABARTH CABRIO,MINICOMPACT,1.4,4,M5,X,8.5,6.9,7.8,36,183,Normal
FIAT,500 ABARTH HATCHBACK,MINICOMPACT,1.4,4,A6,X,9.6,7.3,8.6,33,200,Normal
FIAT,500 ABARTH HATCHBACK,MINICOMPACT,1.4,4,M5,X,8.5,6.9,7.8,36,183,Normal
FIAT,500L,STATION WAGON - SMALL,1.4,4,A6,X,10.6,7.8,9.4,30,218,Normal
FIAT,500L,STATION WAGON - SMALL,1.4,4,AM6,X,9.9,7.2,8.7,32,203,Normal
FIAT,500L,STATION WAGON - SMALL,1.4,4,M6,X,9.3,7.1,8.3,34,194,Normal
FIAT,500X,SUV - SMALL,1.4,4,M6,X,9.5,6.9,8.3,34,194,Normal
FIAT,500X,SUV - SMALL,2.4,4,A9,X,10.6,7.6,9.3,30,217,Normal
FIAT,500X AWD,SUV - SMALL,2.4,4,A9,X,11.0,7.9,9.6,29,224,Normal
FORD,C-MAX HYBRID,FULL-SIZE,2.0,4,AV,X,5.6,6.4,6.0,47,140,Normal
FORD,EDGE,SUV - SMALL,2.0,4,AS6,X,11.5,7.8,9.8,29,231,Normal
FORD,EDGE (Start/Stop),SUV - SMALL,2.0,4,AS6,X,11.3,7.9,9.8,29,228,Normal
FORD,EDGE,SUV - SMALL,3.5,6,AS6,X,13.4,9.0,11.4,25,268,HIgh
FORD,EDGE AWD,SUV - SMALL,2.0,4,AS6,X,11.8,8.4,10.3,27,240,Normal
FORD,EDGE AWD,SUV - SMALL,2.7,6,AS6,X,13.6,9.8,11.9,24,278,HIgh
FORD,EDGE AWD,SUV - SMALL,3.5,6,AS6,X,13.7,9.6,11.8,24,278,HIgh
FORD,ESCAPE,SUV - SMALL,1.6,4,AS6,X,10.1,7.4,8.9,32,208,Normal
FORD,ESCAPE,SUV - SMALL,2.0,4,AS6,X,10.9,7.9,9.6,29,224,Normal
FORD,ESCAPE,SUV - SMALL,2.5,4,AS6,X,10.9,7.6,9.4,30,220,Normal
FORD,ESCAPE AWD,SUV - SMALL,1.6,4,AS6,X,10.5,7.9,9.4,30,220,Normal
FORD,ESCAPE AWD,SUV - SMALL,2.0,4,AS6,X,11.4,8.4,10.0,28,236,Normal
FORD,EXPEDITION 4X4,SUV - STANDARD,3.5,6,AS6,X,16.2,11.9,14.3,20,334,HIgh
FORD,EXPEDITION EL 4X4,SUV - STANDARD,3.5,6,AS6,X,16.4,12.1,14.4,20,338,HIgh
FORD,EXPLORER,SUV - STANDARD,2.3,4,AS6,X,12.6,8.5,10.8,26,253,HIgh
FORD,EXPLORER FFV,SUV - STANDARD,3.5,6,AS6,X,13.9,9.6,12.0,24,280,HIgh
FORD,EXPLORER FFV,SUV - STANDARD,3.5,6,AS6,E,18.7,12.9,16.1,18,264,HIgh
FORD,EXPLORER AWD,SUV - STANDARD,2.3,4,AS6,X,13.1,9.1,11.3,25,265,HIgh
FORD,EXPLORER AWD,SUV - STANDARD,3.5,6,AS6,X,14.9,10.7,13.0,22,305,HIgh
FORD,EXPLORER FFV AWD,SUV - STANDARD,3.5,6,AS6,X,14.4,10.4,12.6,22,295,HIgh
FORD,EXPLORER FFV AWD,SUV - STANDARD,3.5,6,AS6,E,19.7,14.1,17.2,16,282,HIgh
FORD,F-150,PICKUP TRUCK - STANDARD,2.7,6,AS6,X,12.3,9.2,10.9,26,256,HIgh
FORD,F-150,PICKUP TRUCK - STANDARD,3.5,6,AS6,X,13.5,9.8,11.9,24,278,HIgh
FORD,F-150 (Payload Pkg),PICKUP TRUCK - STANDARD,2.7,6,AS6,X,13.1,9.8,11.2,25,263,HIgh
FORD,F-150 (Payload Pkg),PICKUP TRUCK - STANDARD,3.5,6,AS6,X,14.7,10.7,12.9,22,303,HIgh
FORD,F-150 FFV,PICKUP TRUCK - STANDARD,3.5,6,A6,X,13.2,9.6,11.6,24,272,HIgh
FORD,F-150 FFV,PICKUP TRUCK - STANDARD,3.5,6,A6,E,17.9,13.0,15.7,18,261,HIgh
FORD,F-150 FFV,PICKUP TRUCK - STANDARD,5.0,8,AS6,X,15.3,10.6,13.2,21,309,HIgh
FORD,F-150 FFV,PICKUP TRUCK - STANDARD,5.0,8,AS6,E,20.6,14.3,17.8,16,292,HIgh
FORD,F-150 FFV (Payload Pkg),PICKUP TRUCK - STANDARD,5.0,8,AS6,X,16.8,11.8,14.5,19,341,HIgh
FORD,F-150 FFV (Payload Pkg),PICKUP TRUCK - STANDARD,5.0,8,AS6,E,20.6,14.3,17.8,16,293,HIgh
FORD,F-150 4X4,PICKUP TRUCK - STANDARD,2.7,6,AS6,X,13.1,10.1,11.7,24,275,HIgh
FORD,F-150 4X4,PICKUP TRUCK - STANDARD,3.5,6,AS6,X,14.7,10.7,12.9,22,303,HIgh
FORD,F-150 4X4 (Payload Pkg),PICKUP TRUCK - STANDARD,2.7,6,AS6,X,13.3,10.7,12.3,23,288,HIgh
FORD,F-150 4X4 (Payload Pkg),PICKUP TRUCK - STANDARD,3.5,6,AS6,X,15.6,11.7,13.8,20,324,HIgh
FORD,F-150 FFV 4X4,PICKUP TRUCK - STANDARD,3.5,6,A6,X,14.0,10.6,12.5,23,292,HIgh
FORD,F-150 FFV 4X4,PICKUP TRUCK - STANDARD,3.5,6,A6,E,19.1,14.3,16.9,17,278,HIgh
FORD,F-150 FFV 4X4,PICKUP TRUCK - STANDARD,5.0,8,AS6,X,16.0,11.3,13.8,20,324,HIgh
FORD,F-150 FFV 4X4,PICKUP TRUCK - STANDARD,5.0,8,AS6,E,21.6,15.1,18.7,15,306,HIgh
FORD,F-150 FFV 4X4 (Payload Pkg),PICKUP TRUCK - STANDARD,5.0,8,AS6,X,16.8,12.4,14.8,19,347,HIgh
FORD,F-150 FFV 4X4 (Payload Pkg),PICKUP TRUCK - STANDARD,5.0,8,AS6,E,21.8,15.3,18.8,15,310,HIgh
FORD,FIESTA,SUBCOMPACT,1.6,4,AS6,X,8.7,6.4,7.6,37,180,Normal
FORD,FIESTA,SUBCOMPACT,1.6,4,M5,X,8.5,6.5,7.6,37,179,Normal
FORD,FIESTA SFE,SUBCOMPACT,1.0,3,M5,X,7.5,5.5,6.6,43,153,Normal
FORD,FIESTA ST,COMPACT,1.6,4,M6,X,9.0,7.1,8.1,35,191,Normal
FORD,FLEX,SUV - STANDARD,3.5,6,AS6,X,14.7,10.2,12.7,22,298,HIgh
FORD,FLEX AWD,SUV - STANDARD,3.5,6,AS6,X,14.7,10.7,12.9,22,303,HIgh
FORD,FLEX AWD GTDI,SUV - STANDARD,3.5,6,AS6,X,15.7,11.2,13.7,21,322,HIgh
FORD,FOCUS,COMPACT,1.0,3,AS6,X,8.5,5.9,7.3,39,171,Normal
FORD,FOCUS,COMPACT,1.0,3,M6,X,7.8,5.7,6.8,42,160,Normal
FORD,FOCUS FFV,COMPACT,2.0,4,AM6,X,8.9,6.0,7.6,37,178,Normal
FORD,FOCUS FFV,COMPACT,2.0,4,AM6,E,11.9,8.3,10.3,27,170,Normal
FORD,FOCUS FFV,COMPACT,2.0,4,AS6,X,9.0,6.2,7.8,36,183,Normal
FORD,FOCUS FFV,COMPACT,2.0,4,AS6,E,12.1,8.6,10.5,27,175,Normal
FORD,FOCUS FFV,COMPACT,2.0,4,M5,X,9.2,6.6,8.0,35,188,Normal
FORD,FOCUS FFV,COMPACT,2.0,4,M5,E,12.3,8.9,10.8,26,179,Normal
FORD,FOCUS RS AWD,MID-SIZE,2.3,4,M6,Z,12.1,9.3,10.9,26,255,HIgh
FORD,FOCUS ST,MID-SIZE,2.0,4,M6,X,10.5,7.7,9.2,31,217,Normal
FORD,FUSION,MID-SIZE,1.5,4,AS6,X,9.9,6.5,8.4,34,197,Normal
FORD,FUSION (Start/Stop),MID-SIZE,1.5,4,AS6,X,9.4,6.3,8.0,35,188,Normal
FORD,FUSION,MID-SIZE,2.0,4,AS6,X,10.5,7.0,8.9,32,210,Normal
FORD,FUSION,MID-SIZE,2.5,4,AS6,X,10.5,6.9,8.9,32,209,Normal
FORD,FUSION AWD,MID-SIZE,2.0,4,AS6,X,10.8,7.5,9.3,30,220,Normal
FORD,FUSION HYBRID,MID-SIZE,2.0,4,AV,X,5.4,5.7,5.5,51,130,Normal
FORD,MUSTANG,SUBCOMPACT,2.3,4,AS6,X,11.0,7.4,9.4,30,219,Normal
FORD,MUSTANG,SUBCOMPACT,2.3,4,M6,X,10.6,7.6,9.2,31,217,Normal
FORD,MUSTANG,SUBCOMPACT,3.7,6,AS6,X,12.6,8.5,10.7,26,253,HIgh
FORD,MUSTANG,SUBCOMPACT,3.7,6,M6,X,13.6,8.4,11.2,25,264,HIgh
FORD,MUSTANG,SUBCOMPACT,5.0,8,AS6,X,14.9,9.5,12.4,23,292,HIgh
FORD,MUSTANG,SUBCOMPACT,5.0,8,M6,X,15.5,9.4,12.7,22,298,HIgh
FORD,MUSTANG CONVERTIBLE,SUBCOMPACT,2.3,4,AS6,X,11.6,8.0,10.0,28,234,Normal
FORD,MUSTANG CONVERTIBLE,SUBCOMPACT,5.0,8,AS6,X,15.4,10.0,13.0,22,304,HIgh
FORD,SHELBY GT350 MUSTANG,SUBCOMPACT,5.2,8,M6,Z,16.9,11.0,14.2,20,334,HIgh
FORD,T-150 WAGON,VAN - PASSENGER,3.5,6,AS6,X,16.1,12.7,14.6,19,342,HIgh
FORD,T-150 WAGON FFV,VAN - PASSENGER,3.7,6,AS6,X,16.8,13.2,15.2,19,356,HIgh
FORD,T-150 WAGON FFV,VAN - PASSENGER,3.7,6,AS6,E,23.1,18.6,21.0,13,345,HIgh
FORD,TAURUS,FULL-SIZE,2.0,4,AS6,X,11.8,8.1,10.1,28,237,Normal
FORD,TAURUS FFV,FULL-SIZE,3.5,6,AS6,X,13.1,8.7,11.1,25,260,HIgh
FORD,TAURUS FFV,FULL-SIZE,3.5,6,AS6,E,17.6,11.6,14.9,19,248,Normal
FORD,TAURUS AWD,FULL-SIZE,3.5,6,AS6,X,14.7,9.8,12.5,23,293,HIgh
FORD,TAURUS FFV AWD,FULL-SIZE,3.5,6,AS6,X,13.6,9.8,12.4,23,291,HIgh
FORD,TAURUS FFV AWD,FULL-SIZE,3.5,6,AS6,E,18.7,13.3,16.3,17,271,HIgh
FORD,TRANSIT CONNECT VAN,SPECIAL PURPOSE VEHICLE,1.6,4,AS6,X,10.8,8.0,9.5,30,223,Normal
FORD,TRANSIT CONNECT VAN,SPECIAL PURPOSE VEHICLE,2.5,4,AS6,X,11.9,8.6,10.4,27,243,Normal
FORD,TRANSIT CONNECT VAN FFV,SPECIAL PURPOSE VEHICLE,2.5,4,AS6,X,11.9,8.6,10.4,27,243,Normal
FORD,TRANSIT CONNECT VAN FFV,SPECIAL PURPOSE VEHICLE,2.5,4,AS6,E,16.1,11.8,14.2,20,233,Normal
FORD,TRANSIT CONNECT WAGON,SPECIAL PURPOSE VEHICLE,2.5,4,AS6,X,12.4,8.7,10.7,26,252,HIgh
FORD,TRANSIT CONNECT WAGON FFV,SPECIAL PURPOSE VEHICLE,2.5,4,AS6,X,12.4,8.7,10.7,26,252,HIgh
FORD,TRANSIT CONNECT WAGON FFV,SPECIAL PURPOSE VEHICLE,2.5,4,AS6,E,16.8,12.0,14.6,19,240,Normal
FORD,TRANSIT CONNECT WAGON LWB,SPECIAL PURPOSE VEHICLE,2.5,4,AS6,X,12.4,8.7,10.7,26,252,HIgh
FORD,TRANSIT CONNECT WAGON LWB FFV,SPECIAL PURPOSE VEHICLE,2.5,4,AS6,X,12.4,8.7,10.7,26,252,HIgh
FORD,TRANSIT CONNECT WAGON LWB FFV,SPECIAL PURPOSE VEHICLE,2.5,4,AS6,E,16.8,12.0,14.6,19,240,Normal
GMC,ACADIA,SUV - STANDARD,3.6,6,A6,X,15.8,10.6,13.4,21,315,HIgh
GMC,ACADIA AWD,SUV - STANDARD,3.6,6,A6,X,16.1,10.8,13.7,21,323,HIgh
GMC,CANYON,PICKUP TRUCK - SMALL,2.5,4,A6,X,11.9,8.9,10.5,27,247,Normal
GMC,CANYON,PICKUP TRUCK - SMALL,2.5,4,M6,X,12.2,9.1,10.8,26,253,HIgh
GMC,CANYON,PICKUP TRUCK - SMALL,2.8,4,A6,D,10.8,7.7,9.4,30,252,HIgh
GMC,CANYON,PICKUP TRUCK - SMALL,3.6,6,A6,X,13.0,9.2,11.3,25,265,HIgh
GMC,CANYON 4WD,PICKUP TRUCK - SMALL,2.5,4,A6,X,12.7,9.6,11.3,25,265,HIgh
GMC,CANYON 4WD,PICKUP TRUCK - SMALL,2.8,4,A6,D,12.0,8.2,10.3,27,277,HIgh
GMC,CANYON 4WD,PICKUP TRUCK - SMALL,3.6,6,A6,X,13.6,9.9,11.9,24,279,HIgh
GMC,SAVANA 2500 PASSENGER,VAN - PASSENGER,6.0,8,A6,X,22.0,14.9,18.8,15,441,HIgh
GMC,SAVANA 3500 PASSENGER,VAN - PASSENGER,6.0,8,A6,X,23.0,16.0,19.8,14,465,HIgh
GMC,SIERRA,PICKUP TRUCK - STANDARD,5.3,8,A6,X,14.6,10.4,12.7,22,298,HIgh
GMC,SIERRA,PICKUP TRUCK - STANDARD,6.2,8,A8,Z,16.1,11.4,14.0,20,327,HIgh
GMC,SIERRA FFV,PICKUP TRUCK - STANDARD,4.3,6,A6,X,13.5,10.0,11.9,24,280,HIgh
GMC,SIERRA FFV,PICKUP TRUCK - STANDARD,4.3,6,A6,E,19.3,14.4,17.1,17,284,HIgh
GMC,SIERRA FFV,PICKUP TRUCK - STANDARD,5.3,8,A6,X,14.6,10.4,12.7,22,298,HIgh
GMC,SIERRA FFV,PICKUP TRUCK - STANDARD,5.3,8,A6,E,19.9,14.0,17.2,16,286,HIgh
GMC,SIERRA 4WD,PICKUP TRUCK - STANDARD,5.3,8,A6,X,15.0,10.7,13.1,22,307,HIgh
GMC,SIERRA 4WD,PICKUP TRUCK - STANDARD,6.2,8,A8,Z,16.3,11.6,14.2,20,332,HIgh
GMC,SIERRA 4WD FFV,PICKUP TRUCK - STANDARD,4.3,6,A6,X,14.2,10.7,12.6,22,296,HIgh
GMC,SIERRA 4WD FFV,PICKUP TRUCK - STANDARD,4.3,6,A6,E,20.3,15.3,18.1,16,301,HIgh
GMC,SIERRA 4WD FFV,PICKUP TRUCK - STANDARD,5.3,8,A6,X,15.0,10.7,13.1,22,306,HIgh
GMC,SIERRA 4WD FFV,PICKUP TRUCK - STANDARD,5.3,8,A6,E,20.5,14.4,17.8,16,295,HIgh
GMC,SIERRA eASSIST 4WD,PICKUP TRUCK - STANDARD,5.3,8,A8,X,14.4,11.2,13.0,22,304,HIgh
GMC,TERRAIN,SUV - SMALL,2.4,4,A6,X,10.5,7.3,9.1,31,214,Normal
GMC,TERRAIN,SUV - SMALL,3.6,6,A6,X,14.2,9.5,12.1,23,285,HIgh
GMC,TERRAIN FFV,SUV - SMALL,2.4,4,A6,X,10.5,7.3,9.1,31,214,Normal
GMC,TERRAIN FFV,SUV - SMALL,2.4,4,A6,E,15.6,10.8,13.4,21,221,Normal
GMC,TERRAIN AWD,SUV - SMALL,2.4,4,A6,X,11.5,8.2,10.0,28,235,Normal
GMC,TERRAIN AWD,SUV - SMALL,3.6,6,A6,X,14.9,10.1,12.8,22,300,HIgh
GMC,YUKON,SUV - STANDARD,5.3,8,A6,X,15.1,10.4,13.0,22,304,HIgh
GMC,YUKON FFV,SUV - STANDARD,5.3,8,A6,X,15.1,10.4,13.0,22,304,HIgh
GMC,YUKON FFV,SUV - STANDARD,5.3,8,A6,E,20.5,14.0,17.6,16,288,HIgh
GMC,YUKON 4WD,SUV - STANDARD,5.3,8,A6,X,15.2,10.8,13.2,21,310,HIgh
GMC,YUKON 4WD,SUV - STANDARD,6.2,8,A8,Z,15.9,11.1,13.8,20,323,HIgh
GMC,YUKON 4WD FFV,SUV - STANDARD,5.3,8,A6,X,15.2,10.8,13.2,21,310,HIgh
GMC,YUKON 4WD FFV,SUV - STANDARD,5.3,8,A6,E,20.9,14.5,18.0,16,300,HIgh
GMC,YUKON XL,SUV - STANDARD,5.3,8,A6,X,15.1,10.4,13.0,22,304,HIgh
GMC,YUKON XL FFV,SUV - STANDARD,5.3,8,A6,X,15.1,10.4,13.0,22,304,HIgh
GMC,YUKON XL FFV,SUV - STANDARD,5.3,8,A6,E,20.5,14.0,17.6,16,288,HIgh
GMC,YUKON XL 4WD,SUV - STANDARD,5.3,8,A6,X,15.4,10.8,13.3,21,312,HIgh
GMC,YUKON XL 4WD,SUV - STANDARD,6.2,8,A8,Z,16.4,11.7,14.3,20,334,HIgh
GMC,YUKON XL 4WD FFV,SUV - STANDARD,5.3,8,A6,X,15.4,10.8,13.3,21,312,HIgh
GMC,YUKON XL 4WD FFV,SUV - STANDARD,5.3,8,A6,E,22.2,15.3,19.1,15,317,HIgh
HONDA,ACCORD,MID-SIZE,2.4,4,M6,X,10.3,7.2,8.9,32,207,Normal
HONDA,ACCORD COUPE,MID-SIZE,3.5,6,AS6,X,11.4,7.3,9.5,30,223,Normal
HONDA,ACCORD COUPE,MID-SIZE,3.5,6,M6,X,12.9,8.3,10.9,26,253,HIgh
HONDA,ACCORD SEDAN,MID-SIZE,2.4,4,AV,X,8.6,6.4,7.6,37,177,Normal
HONDA,ACCORD SEDAN,MID-SIZE,3.5,6,A6,X,11.3,7.0,9.4,30,219,Normal
HONDA,ACCORD SPORT,MID-SIZE,2.4,4,AV7,X,9.1,6.8,8.0,35,187,Normal
HONDA,CIVIC COUPE,COMPACT,1.5,4,AV,X,7.5,5.6,6.7,42,155,Normal
HONDA,CIVIC COUPE,COMPACT,2.0,4,AV,X,7.8,5.8,6.9,41,162,Normal
HONDA,CIVIC COUPE,COMPACT,2.0,4,M6,X,8.9,6.1,7.7,37,179,Normal
HONDA,CIVIC SEDAN,MID-SIZE,1.5,4,AV,X,7.6,5.5,6.7,42,157,Normal
HONDA,CIVIC SEDAN,MID-SIZE,2.0,4,AV,X,7.8,5.8,6.9,41,162,Normal
HONDA,CIVIC SEDAN,MID-SIZE,2.0,4,M6,X,8.8,5.9,7.5,38,176,Normal
HONDA,CR-V,SUV - SMALL,2.4,4,AV,X,8.8,6.9,7.9,36,186,Normal
HONDA,CR-V AWD,SUV - SMALL,2.4,4,AV,X,9.5,7.5,8.6,33,202,Normal
HONDA,CR-Z,TWO-SEATER,1.5,4,AV7,X,7.0,6.4,6.8,42,157,Normal
HONDA,CR-Z,TWO-SEATER,1.5,4,M6,X,7.9,6.5,7.3,39,169,Normal
HONDA,FIT,STATION WAGON - SMALL,1.5,4,AV,X,7.0,5.7,6.4,44,150,Normal
HONDA,FIT,STATION WAGON - SMALL,1.5,4,AV7,X,7.3,6.1,6.8,42,158,Normal
HONDA,FIT,STATION WAGON - SMALL,1.5,4,M6,X,8.1,6.4,7.3,39,171,Normal
HONDA,HR-V,SUV - SMALL,1.8,4,AV,X,8.3,6.7,7.6,37,177,Normal
HONDA,HR-V,SUV - SMALL,1.8,4,AV7,X,8.3,6.7,7.6,37,177,Normal
HONDA,HR-V,SUV - SMALL,1.8,4,M6,X,9.3,7.0,8.3,34,193,Normal
HONDA,HR-V AWD,SUV - SMALL,1.8,4,AV,X,8.8,7.2,8.1,35,190,Normal
HONDA,HR-V AWD,SUV - SMALL,1.8,4,AV7,X,8.8,7.2,8.1,35,190,Normal
HONDA,ODYSSEY,MINIVAN,3.5,6,A6,X,12.3,8.5,10.6,27,250,Normal
HONDA,PILOT,SUV - SMALL,3.5,6,A6,X,12.4,8.8,10.8,26,253,HIgh
HONDA,PILOT AWD,SUV - SMALL,3.5,6,A6,X,13.0,9.3,11.3,25,265,HIgh
HONDA,PILOT AWD,SUV - SMALL,3.5,6,AS9,X,12.4,9.3,11.0,26,257,HIgh
HYUNDAI,ACCENT,COMPACT,1.6,4,AS6,X,8.9,6.3,7.7,37,179,Normal
HYUNDAI,ACCENT,COMPACT,1.6,4,M6,X,8.7,6.3,7.6,37,176,Normal
HYUNDAI,ELANTRA,MID-SIZE,1.8,4,AS6,X,8.5,6.3,7.5,38,176,Normal
HYUNDAI,ELANTRA,MID-SIZE,1.8,4,M6,X,8.8,6.4,7.7,37,180,Normal
HYUNDAI,ELANTRA,MID-SIZE,2.0,4,AS6,X,9.7,6.7,8.3,34,194,Normal
HYUNDAI,ELANTRA,MID-SIZE,2.0,4,M6,X,9.8,7.0,8.5,33,198,Normal
HYUNDAI,ELANTRA GT,MID-SIZE,2.0,4,AS6,X,9.8,7.2,8.6,33,203,Normal
HYUNDAI,ELANTRA GT,MID-SIZE,2.0,4,M6,X,9.8,7.1,8.6,33,202,Normal
HYUNDAI,EQUUS,FULL-SIZE,5.0,8,AS8,Z,15.8,10.2,13.3,21,312,HIgh
HYUNDAI,GENESIS AWD,FULL-SIZE,3.8,6,AS8,X,14.4,9.4,12.1,23,285,HIgh
HYUNDAI,GENESIS AWD,FULL-SIZE,5.0,8,AS8,Z,17.3,10.5,14.2,20,332,HIgh
HYUNDAI,GENESIS COUPE,SUBCOMPACT,3.8,6,AS8,Z,14.4,9.5,12.2,23,284,HIgh
HYUNDAI,GENESIS COUPE,SUBCOMPACT,3.8,6,M6,Z,14.1,9.6,12.1,23,283,HIgh
HYUNDAI,SANTA FE,SUV - SMALL,3.3,6,AS6,X,12.9,9.4,11.3,25,265,HIgh
HYUNDAI,SANTA FE AWD,SUV - SMALL,3.3,6,AS6,X,13.0,9.7,11.5,25,269,HIgh
HYUNDAI,SANTA FE SPORT,SUV - SMALL,2.4,4,AS6,X,11.7,8.7,10.3,27,239,Normal
HYUNDAI,SANTA FE SPORT AWD,SUV - SMALL,2.0,4,AS6,X,12.9,9.7,11.5,25,266,HIgh
HYUNDAI,SANTA FE SPORT AWD,SUV - SMALL,2.4,4,AS6,X,12.5,9.3,11.1,25,257,HIgh
HYUNDAI,SANTA FE ULTIMATE AWD,SUV - SMALL,3.3,6,AS6,X,13.9,10.8,12.5,23,295,HIgh
HYUNDAI,SONATA,FULL-SIZE,2.0,4,AS6,X,10.4,7.4,9.1,31,214,Normal
HYUNDAI,SONATA,FULL-SIZE,2.4,4,AS6,X,9.4,6.5,8.1,35,191,Normal
HYUNDAI,SONATA SPORT/LIMITED,FULL-SIZE,2.4,4,AS6,X,10.0,7.0,8.6,33,204,Normal
HYUNDAI,SONATA HYBRID,MID-SIZE,2.0,4,AM6,X,5.9,5.3,5.6,50,133,Normal
HYUNDAI,SONATA HYBRID LIMITED,MID-SIZE,2.0,4,AM6,X,6.0,5.5,5.8,49,136,Normal
HYUNDAI,TUCSON,SUV - SMALL,2.0,4,AS6,X,10.1,7.6,9.0,31,211,Normal
HYUNDAI,TUCSON AWD,SUV - SMALL,1.6,4,AM7,X,9.9,8.4,9.2,31,219,Normal
HYUNDAI,TUCSON AWD,SUV - SMALL,2.0,4,AS6,X,11.0,9.0,10.1,28,240,Normal
HYUNDAI,VELOSTER,COMPACT,1.6,4,AM6,X,8.3,6.5,7.5,38,177,Normal
HYUNDAI,VELOSTER,COMPACT,1.6,4,M6,X,8.8,6.7,7.8,36,186,Normal
HYUNDAI,VELOSTER TURBO,COMPACT,1.6,4,AM6,X,8.9,7.1,8.1,35,191,Normal
HYUNDAI,VELOSTER TURBO,COMPACT,1.6,4,M6,X,9.4,7.0,8.3,34,197,Normal
INFINITI,Q50,MID-SIZE,2.0,4,AS7,Z,10.2,7.7,9.1,31,214,Normal
INFINITI,Q50,MID-SIZE,3.0,6,AS7,Z,12.1,8.1,10.3,27,242,Normal
INFINITI,Q50 AWD,MID-SIZE,2.0,4,AS7,Z,10.6,8.4,9.6,29,226,Normal
INFINITI,Q50 AWD,MID-SIZE,3.0,6,AS7,Z,12.3,8.5,10.6,27,249,Normal
INFINITI,Q50S AWD,MID-SIZE,3.0,6,AS7,Z,12.9,9.0,11.1,25,262,HIgh
INFINITI,Q50S RED SPORT,MID-SIZE,3.0,6,AS7,Z,11.8,8.8,10.5,27,247,Normal
INFINITI,Q50S RED SPORT AWD,MID-SIZE,3.0,6,AS7,Z,12.3,9.1,10.8,26,256,HIgh
INFINITI,Q50 HYBRID,COMPACT,3.5,6,AS7,Z,8.4,6.9,7.7,37,181,Normal
INFINITI,Q50 HYBRID AWD,COMPACT,3.5,6,AS7,Z,8.7,7.6,8.2,34,193,Normal
INFINITI,Q70 AWD,MID-SIZE,3.7,6,AS7,Z,13.2,9.7,11.6,24,274,HIgh
INFINITI,Q70 AWD,MID-SIZE,5.6,8,AS7,Z,14.9,10.2,12.8,22,300,HIgh
INFINITI,Q70 HYBRID,MID-SIZE,3.5,6,AS7,Z,8.0,6.9,7.5,38,177,Normal
INFINITI,QX50 AWD,STATION WAGON - SMALL,3.7,6,AS7,Z,13.7,9.7,11.9,24,279,HIgh
INFINITI,QX60,SUV - SMALL,3.5,6,AV7,Z,11.8,8.5,10.3,27,242,Normal
INFINITI,QX60 AWD,SUV - SMALL,3.5,6,AV7,Z,12.2,8.9,10.7,26,252,HIgh
INFINITI,QX60 HYBRID AWD,SUV - STANDARD,2.5,4,AV7,X,8.9,8.4,8.7,32,204,Normal
INFINITI,QX70 AWD,SUV - SMALL,3.7,6,AS7,Z,14.5,10.7,12.8,22,301,HIgh
INFINITI,QX80 4WD,SUV - STANDARD,5.6,8,AS7,Z,17.4,12.2,15.1,19,354,HIgh
JAGUAR,F-TYPE CONVERTIBLE,TWO-SEATER,3.0,6,AS8,Z,12.1,8.5,10.5,27,246,Normal
JAGUAR,F-TYPE CONVERTIBLE,TWO-SEATER,3.0,6,M6,Z,14.9,9.8,12.6,22,296,HIgh
JAGUAR,F-TYPE COUPE,TWO-SEATER,3.0,6,AS8,Z,12.1,8.5,10.5,27,246,Normal
JAGUAR,F-TYPE COUPE,TWO-SEATER,3.0,6,M6,Z,14.9,9.8,12.6,22,296,HIgh
JAGUAR,F-TYPE PROJECT 7 CONVERTIBLE,TWO-SEATER,5.0,8,AS8,Z,15.0,10.2,12.8,22,302,HIgh
JAGUAR,F-TYPE R AWD CONVERTIBLE,TWO-SEATER,5.0,8,AS8,Z,15.7,10.4,13.3,21,311,HIgh
JAGUAR,F-TYPE R AWD COUPE,TWO-SEATER,5.0,8,AS6,Z,15.7,10.4,13.3,21,311,HIgh
JAGUAR,F-TYPE S CONVERTIBLE,TWO-SEATER,3.0,6,AS8,Z,12.5,8.7,10.8,26,254,HIgh
JAGUAR,F-TYPE S CONVERTIBLE,TWO-SEATER,3.0,6,M6,Z,15.3,9.9,12.9,22,302,HIgh
JAGUAR,F-TYPE S CONVERTIBLE AWD,TWO-SEATER,3.0,6,AS8,Z,13.0,9.1,11.3,25,264,HIgh
JAGUAR,F-TYPE S COUPE,TWO-SEATER,3.0,6,AS8,Z,12.5,8.7,10.8,26,254,HIgh
JAGUAR,F-TYPE S COUPE,TWO-SEATER,3.0,6,M6,Z,15.3,9.9,12.9,22,302,HIgh
JAGUAR,F-TYPE S COUPE AWD,TWO-SEATER,3.0,6,AS8,Z,13.0,9.1,11.3,25,264,HIgh
JAGUAR,XF AWD ,MID-SIZE,3.0,6,AS8,Z,11.9,8.3,10.3,27,241,Normal
JAGUAR,XJ R-SPORT 3.0 AWD,FULL-SIZE,3.0,6,AS8,Z,14.0,8.9,11.7,24,275,HIgh
JAGUAR,XJL 3.0 AWD PORTFOLIO,FULL-SIZE,3.0,6,AS8,Z,14.1,9.3,11.9,24,279,HIgh
JAGUAR,XJR,FULL-SIZE,5.0,8,AS8,Z,15.8,10.2,13.3,21,313,HIgh
JAGUAR,XJR LWB,FULL-SIZE,5.0,8,AS8,Z,15.8,10.2,13.3,21,313,HIgh
JEEP,CHEROKEE,SUV - SMALL,2.4,4,A9,X,10.9,7.7,9.5,30,223,Normal
JEEP,CHEROKEE FFV,SUV - SMALL,2.4,4,A9,X,10.9,7.7,9.5,30,223,Normal
JEEP,CHEROKEE FFV,SUV - SMALL,2.4,4,A9,E,15.2,10.2,12.9,22,213,Normal
JEEP,CHEROKEE,SUV - SMALL,3.2,6,A9,X,11.4,8.1,9.9,29,233,Normal
JEEP,CHEROKEE 4X4,SUV - SMALL,2.4,4,A9,X,11.3,8.3,10.0,28,233,Normal
JEEP,CHEROKEE 4X4 FFV,SUV - SMALL,2.4,4,A9,X,11.3,8.3,10.0,28,233,Normal
JEEP,CHEROKEE 4X4 FFV,SUV - SMALL,2.4,4,A9,E,15.9,11.0,13.7,21,226,Normal
JEEP,CHEROKEE 4X4,SUV - SMALL,3.2,6,A9,X,11.6,8.5,10.2,28,240,Normal
JEEP,CHEROKEE 4X4 ACTIVE DRIVE II,SUV - SMALL,2.4,4,A9,X,11.4,8.6,10.1,28,238,Normal
JEEP,CHEROKEE 4X4 ACTIVE DRIVE II,SUV - SMALL,3.2,6,A9,X,12.5,8.9,10.9,26,256,HIgh
JEEP,CHEROKEE TRAILHAWK 4X4,SUV - SMALL,2.4,4,A9,X,12.1,9.4,10.9,26,255,HIgh
JEEP,CHEROKEE TRAILHAWK 4X4,SUV - SMALL,3.2,6,A9,X,12.2,9.0,10.8,26,253,HIgh
JEEP,COMPASS,SUV - SMALL,2.0,4,AV,X,10.8,8.9,10.0,28,234,Normal
JEEP,COMPASS,SUV - SMALL,2.0,4,M5,X,10.3,7.8,9.2,31,214,Normal
JEEP,COMPASS,SUV - SMALL,2.4,4,A6,X,11.2,8.6,10.0,28,235,Normal
JEEP,COMPASS,SUV - SMALL,2.4,4,M5,X,10.2,8.2,9.3,30,218,Normal
JEEP,COMPASS 4X4,SUV - SMALL,2.4,4,A6,X,11.7,9.1,10.5,27,248,Normal
JEEP,COMPASS 4X4,SUV - SMALL,2.4,4,M5,X,10.6,8.6,9.7,29,228,Normal
JEEP,COMPASS 4X4 TRAIL RATED,SUV - SMALL,2.4,4,AV,X,11.7,10.3,11.1,25,259,HIgh
JEEP,GRAND CHEROKEE 4X4,SUV - STANDARD,3.6,6,A8,X,12.8,9.5,11.3,25,265,HIgh
JEEP,GRAND CHEROKEE 4X4 (MDS),SUV - STANDARD,5.7,8,A8,X,16.7,10.7,14.0,20,329,HIgh
JEEP,GRAND CHEROKEE 4X4 DIESEL,SUV - STANDARD,3.0,6,A8,D,11.2,8.4,9.9,29,267,HIgh
JEEP,GRAND CHEROKEE SRT 4X4 (MDS),SUV - STANDARD,6.4,8,A8,Z,18.5,12.6,15.8,18,370,HIgh
JEEP,PATRIOT,SUV - SMALL,2.0,4,AV,X,10.8,8.9,10.0,28,234,Normal
JEEP,PATRIOT,SUV - SMALL,2.0,4,M5,X,10.3,7.8,9.2,31,214,Normal
JEEP,PATRIOT,SUV - SMALL,2.4,4,A6,X,11.2,8.6,10.0,28,235,Normal
JEEP,PATRIOT,SUV - SMALL,2.4,4,M5,X,10.2,8.2,9.3,30,218,Normal
JEEP,PATRIOT 4X4,SUV - SMALL,2.4,4,A6,X,11.7,9.1,10.5,27,248,Normal
JEEP,PATRIOT 4X4,SUV - SMALL,2.4,4,M5,X,10.6,8.6,9.7,29,228,Normal
JEEP,PATRIOT 4X4 TRAIL RATED,SUV - SMALL,2.4,4,AV,X,11.7,10.3,11.1,25,259,HIgh
JEEP,RENEGADE,SUV - SMALL,1.4,4,M6,X,9.9,7.5,8.8,32,207,Normal
JEEP,RENEGADE FFV,SUV - SMALL,2.4,4,A9,X,10.8,7.7,9.4,30,220,Normal
JEEP,RENEGADE FFV,SUV - SMALL,2.4,4,A9,E,14.2,9.9,12.2,23,201,Normal
JEEP,RENEGADE 4X4,SUV - SMALL,1.4,4,M6,X,9.9,7.5,8.8,32,203,Normal
JEEP,RENEGADE 4X4,SUV - SMALL,2.4,4,A9,X,11.2,8.0,9.8,29,229,Normal
JEEP,WRANGLER 4X4,SUV - SMALL,3.6,6,A5,X,14.1,11.1,12.8,22,299,HIgh
JEEP,WRANGLER 4X4,SUV - SMALL,3.6,6,M6,X,14.2,11.0,12.8,22,299,HIgh
JEEP,WRANGLER UNLIMITED 4X4,SUV - SMALL,3.6,6,A5,X,14.8,11.7,13.4,21,314,HIgh
JEEP,WRANGLER UNLIMITED 4X4,SUV - SMALL,3.6,6,M6,X,15.0,11.4,13.4,21,312,HIgh
KIA,CADENZA,FULL-SIZE,3.3,6,AS6,X,12.7,8.4,10.7,26,251,HIgh
KIA,FORTE,MID-SIZE,1.8,4,AS6,X,8.9,6.1,7.6,37,179,Normal
KIA,FORTE,MID-SIZE,1.8,4,M6,X,9.3,6.3,7.9,36,186,Normal
KIA,FORTE,MID-SIZE,2.0,4,AS6,X,9.7,6.7,8.3,34,196,Normal
KIA,FORTE,MID-SIZE,2.0,4,M6,X,9.8,6.9,8.5,33,198,Normal
KIA,FORTE 5,FULL-SIZE,1.6,4,AS6,X,11.1,8.0,9.7,29,228,Normal
KIA,FORTE 5,FULL-SIZE,1.6,4,M6,X,11.1,8.2,9.8,29,227,Normal
KIA,FORTE 5,FULL-SIZE,2.0,4,AS6,X,9.5,7.2,8.5,33,199,Normal
KIA,FORTE 5,FULL-SIZE,2.0,4,M6,X,9.7,6.9,8.4,34,197,Normal
KIA,FORTE KOUP,COMPACT,1.6,4,AS6,X,10.6,7.8,9.4,30,218,Normal
KIA,FORTE KOUP,COMPACT,1.6,4,M6,X,10.8,8.1,9.6,29,222,Normal
KIA,FORTE KOUP,COMPACT,2.0,4,AS6,X,9.7,7.1,8.6,33,200,Normal
KIA,FORTE KOUP,COMPACT,2.0,4,M6,X,10.0,7.4,8.8,32,206,Normal
KIA,K900,FULL-SIZE,3.8,6,AS8,X,13.9,9.2,11.8,24,278,HIgh
KIA,K900,FULL-SIZE,5.0,8,AS8,X,15.6,10.6,13.4,21,318,HIgh
KIA,OPTIMA,FULL-SIZE,1.6,4,AM7,X,8.4,6.1,7.4,38,175,Normal
KIA,OPTIMA,FULL-SIZE,2.0,4,AS6,X,10.9,7.4,9.3,30,222,Normal
KIA,OPTIMA,FULL-SIZE,2.4,4,AS6,X,9.4,6.5,8.1,35,193,Normal
KIA,OPTIMA HYBRID,MID-SIZE,2.4,4,AM6,X,6.6,5.9,6.3,45,147,Normal
KIA,OPTIMA HYBRID EX,MID-SIZE,2.4,4,AM6,X,6.7,6.1,6.4,44,150,Normal
KIA,RIO,COMPACT,1.6,4,AS6,X,8.7,6.3,7.7,37,178,Normal
KIA,RIO,COMPACT,1.6,4,M6,X,8.8,6.4,7.7,37,179,Normal
KIA,RIO ECO,COMPACT,1.6,4,AS6,X,8.5,6.3,7.6,37,175,Normal
KIA,RONDO,STATION WAGON - MID-SIZE,2.0,4,AS6,X,10.1,7.6,9.0,31,214,Normal
KIA,RONDO,STATION WAGON - MID-SIZE,2.0,4,M6,X,10.4,7.8,9.3,30,220,Normal
KIA,SEDONA,MINIVAN,3.3,6,AS6,X,13.2,9.7,11.6,24,275,HIgh
KIA,SEDONA SX,MINIVAN,3.3,6,AS6,X,12.9,9.5,11.4,25,269,HIgh
KIA,SEDONA SXL,MINIVAN,3.3,6,AS6,X,14.2,10.5,12.5,23,296,HIgh
KIA,SORENTO,SUV - SMALL,2.0,4,AS6,X,11.7,8.6,10.3,27,245,Normal
KIA,SORENTO,SUV - SMALL,2.4,4,AS6,X,11.1,8.2,9.8,29,233,Normal
KIA,SORENTO AWD,SUV - SMALL,2.0,4,AS6,X,12.3,9.3,10.9,26,259,HIgh
KIA,SORENTO AWD,SUV - SMALL,2.4,4,AS6,X,11.4,9.2,10.4,27,245,Normal
KIA,SORENTO AWD,SUV - SMALL,3.3,6,AS6,X,13.4,9.4,11.6,24,275,HIgh
KIA,SOUL,STATION WAGON - SMALL,1.6,4,AS6,X,9.8,7.8,8.9,32,206,Normal
KIA,SOUL,STATION WAGON - SMALL,1.6,4,M6,X,9.9,7.8,9.0,31,208,Normal
KIA,SOUL,STATION WAGON - SMALL,2.0,4,AS6,X,9.8,7.5,8.8,32,208,Normal
KIA,SOUL ECO DYNAMICS,STATION WAGON - SMALL,2.0,4,AS6,X,9.7,7.7,8.8,32,208,Normal
KIA,SPORTAGE,SUV - SMALL,2.4,4,AS6,X,11.4,8.3,10.0,28,231,Normal
KIA,SPORTAGE,SUV - SMALL,2.4,4,M6,X,12.9,9.2,11.3,25,261,HIgh
KIA,SPORTAGE AWD,SUV - SMALL,2.0,4,AS6,X,12.6,9.7,11.3,25,261,HIgh
KIA,SPORTAGE AWD,SUV - SMALL,2.4,4,AS6,X,12.0,9.3,10.8,26,251,HIgh
LAMBORGHINI,AVENTADOR COUPE,TWO-SEATER,6.5,12,AM7,Z,22.2,12.7,17.9,16,420,HIgh
LAMBORGHINI,AVENTADOR ROADSTER,TWO-SEATER,6.5,12,AM7,Z,23.6,14.1,19.3,15,452,HIgh
LAMBORGHINI,HURACAN,TWO-SEATER,5.2,10,AM7,Z,16.4,11.4,14.2,20,331,HIgh
LAMBORGHINI,HURACAN SPYDER,TWO-SEATER,5.2,10,AM7,Z,16.9,11.8,14.6,19,340,HIgh
LAND ROVER,DISCOVERY SPORT,SUV - SMALL,2.0,4,AS9,Z,11.9,9.0,10.6,27,248,Normal
LAND ROVER,LR4,SUV - STANDARD,3.0,6,AS8,Z,16.2,12.1,14.3,20,336,HIgh
LAND ROVER,RANGE ROVER,SUV - STANDARD,3.0,6,AS8,Z,14.2,10.2,12.4,23,291,HIgh
LAND ROVER,RANGE ROVER TD6 DIESEL,SUV - STANDARD,3.0,6,AS8,D,10.6,8.1,9.4,30,254,HIgh
LAND ROVER,RANGE ROVER SUPERCHARGED,SUV - STANDARD,5.0,8,AS8,Z,17.2,12.5,15.1,19,356,HIgh
LAND ROVER,RANGE ROVER SUPERCHARGED LWB,SUV - STANDARD,5.0,8,AS8,Z,17.2,12.5,15.1,19,356,HIgh
LAND ROVER,RANGE ROVER SPORT,SUV - STANDARD,3.0,6,AS8,Z,14.2,10.2,12.4,23,291,HIgh
LAND ROVER,RANGE ROVER SPORT TD6 DIESEL,SUV - STANDARD,3.0,6,AS8,D,10.6,8.1,9.4,30,254,HIgh
LAND ROVER,RANGE ROVER SPORT SUPERCHARGED,SUV - STANDARD,5.0,8,AS8,Z,16.6,12.3,14.7,19,344,HIgh
LAND ROVER,RANGE ROVER EVOQUE,SUV - SMALL,2.0,4,AS9,Z,11.3,7.9,9.7,29,229,Normal
LEXUS,CT 200h,COMPACT,1.8,4,AV,X,5.5,5.9,5.7,50,132,Normal
LEXUS,ES 300h,MID-SIZE,2.5,4,AV6,X,5.8,6.1,5.9,48,139,Normal
LEXUS,ES 350,MID-SIZE,3.5,6,AS6,X,11.4,7.6,9.7,29,225,Normal
LEXUS,GS 200t,MID-SIZE,2.0,4,AS8,Z,10.6,7.2,9.0,31,212,Normal
LEXUS,GS 200t F SPORT,MID-SIZE,2.0,4,AS8,Z,11.3,7.8,9.7,29,227,Normal
LEXUS,GS 350,MID-SIZE,3.5,6,AS8,Z,11.9,8.1,10.2,28,237,Normal
LEXUS,GS 350 AWD,MID-SIZE,3.5,6,AS6,Z,12.4,9.0,10.9,26,254,HIgh
LEXUS,GS 350 F SPORT,MID-SIZE,3.5,6,AS8,Z,12.5,8.6,10.7,26,251,HIgh
LEXUS,GS 450h,MID-SIZE,3.5,6,AV8,Z,8.1,6.9,7.6,37,177,Normal
LEXUS,GS F,COMPACT,5.0,8,AS8,Z,14.9,9.7,12.5,23,293,HIgh
LEXUS,GX 460,SUV - STANDARD,4.6,8,AS6,Z,15.7,11.7,13.9,20,322,HIgh
LEXUS,IS 200t,COMPACT,2.0,4,AS8,Z,10.6,7.2,9.0,31,212,Normal
LEXUS,IS 300 AWD,COMPACT,3.5,6,AS6,Z,12.6,9.2,11.1,25,258,HIgh
LEXUS,IS 350,COMPACT,3.5,6,AS8,Z,12.3,8.5,10.6,27,246,Normal
LEXUS,IS 350 AWD,COMPACT,3.5,6,AS6,Z,12.6,9.2,11.1,25,258,HIgh
LEXUS,LS 460,MID-SIZE,4.6,8,AS8,Z,14.4,9.6,12.3,23,286,HIgh
LEXUS,LS 460 AWD,MID-SIZE,4.6,8,AS8,Z,15.2,10.2,12.9,22,303,HIgh
LEXUS,LS 460 L AWD,MID-SIZE,4.6,8,AS8,Z,15.2,10.2,12.9,22,303,HIgh
LEXUS,LS 600h L,MID-SIZE,5.0,8,AV8,Z,12.7,10.1,11.5,25,268,HIgh
LEXUS,LX 570,SUV - STANDARD,5.7,8,AS8,Z,18.3,12.9,15.9,18,371,HIgh
LEXUS,NX 200t AWD,SUV - SMALL,2.0,4,AS6,Z,10.6,8.4,9.6,29,225,Normal
LEXUS,NX 200t AWD F SPORT,SUV - SMALL,2.0,4,AS6,Z,10.8,8.8,9.9,29,231,Normal
LEXUS,NX 300h AWD,SUV - SMALL,2.5,4,AV6,X,7.1,7.7,7.4,38,172,Normal
LEXUS,RC 200t,SUBCOMPACT,2.0,4,AS8,Z,10.6,7.4,9.0,31,214,Normal
LEXUS,RC 300 AWD,SUBCOMPACT,3.5,6,AS6,Z,12.6,9.2,11.1,25,258,HIgh
LEXUS,RC 350,SUBCOMPACT,3.5,6,AS8,Z,12.3,8.5,10.6,27,246,Normal
LEXUS,RC 350 AWD,SUBCOMPACT,3.5,6,AS6,Z,12.6,9.2,11.1,25,258,HIgh
LEXUS,RC F,SUBCOMPACT,5.0,8,AS8,Z,15.2,9.5,12.6,22,289,HIgh
LEXUS,RX 350 AWD,SUV - SMALL,3.5,6,AS8,X,12.2,8.9,10.7,26,251,HIgh
LEXUS,RX 450h AWD,SUV - STANDARD,3.5,6,AV6,Z,7.7,8.2,8.0,35,186,Normal
LINCOLN,MKC AWD,SUV - SMALL,2.0,4,AS6,X,12.4,9.0,10.9,26,256,HIgh
LINCOLN,MKC AWD,SUV - SMALL,2.3,4,AS6,X,12.8,9.1,11.1,25,261,HIgh
LINCOLN,MKS AWD,FULL-SIZE,3.5,6,AS6,X,14.7,9.8,12.5,23,293,HIgh
LINCOLN,MKS AWD,FULL-SIZE,3.7,6,AS6,X,14.2,9.8,12.2,23,287,HIgh
LINCOLN,MKT AWD,SUV - STANDARD,3.5,6,AS6,X,15.7,11.2,13.7,21,322,HIgh
LINCOLN,MKT LIVERY,SPECIAL PURPOSE VEHICLE,2.0,4,AS6,X,13.1,9.4,11.4,25,268,HIgh
LINCOLN,MKT LIVERY AWD,SPECIAL PURPOSE VEHICLE,3.7,6,A6,X,14.7,10.2,12.7,22,298,HIgh
LINCOLN,MKX AWD,SUV - SMALL,2.7,6,AS6,X,14.1,9.7,12.1,23,283,HIgh
LINCOLN,MKX AWD,SUV - SMALL,3.7,6,AS6,X,14.4,10.3,12.5,23,293,HIgh
LINCOLN,MKZ,MID-SIZE,2.0,4,AS6,X,10.5,7.0,8.9,32,210,Normal
LINCOLN,MKZ,MID-SIZE,3.7,6,AS6,X,12.8,8.7,10.9,26,257,HIgh
LINCOLN,MKZ AWD,MID-SIZE,2.0,4,AS6,X,10.8,7.5,9.3,30,220,Normal
LINCOLN,MKZ AWD,MID-SIZE,3.7,6,AS6,X,13.8,9.7,11.9,24,279,HIgh
LINCOLN,MKZ HYBRID,MID-SIZE,2.0,4,AV,X,5.7,6.0,5.8,49,136,Normal
LINCOLN,NAVIGATOR 4X4,SUV - STANDARD,3.5,6,AS6,X,16.2,11.9,14.3,20,334,HIgh
LINCOLN,NAVIGATOR L 4X4,SUV - STANDARD,3.5,6,AS6,X,16.1,12.4,14.4,20,339,HIgh
MASERATI,GHIBLI,MID-SIZE,3.0,6,AS8,Z,14.1,9.8,12.2,23,286,HIgh
MASERATI,GHIBLI S,MID-SIZE,3.0,6,AS8,Z,14.5,10.0,12.5,23,293,HIgh
MASERATI,GHIBLI SQ4,MID-SIZE,3.0,6,AS8,Z,15.0,10.0,12.6,22,295,HIgh
MASERATI,GRANTURISMO,SUBCOMPACT,4.7,8,AS6,Z,18.2,11.4,15.1,19,357,HIgh
MASERATI,GRANTURISMO CONVERTIBLE,SUBCOMPACT,4.7,8,AS6,Z,18.2,11.6,15.2,19,360,HIgh
MASERATI,QUATTROPORTE GTS,FULL-SIZE,3.8,8,AS8,Z,16.2,11.0,14.0,20,322,HIgh
MASERATI,QUATTROPORTE S,FULL-SIZE,3.0,6,AS8,Z,15.2,10.2,12.9,22,300,HIgh
MASERATI,QUATTROPORTE SQ4,FULL-SIZE,3.0,6,AS8,Z,15.1,10.2,12.9,22,302,HIgh
MAZDA,CX-3,COMPACT,2.0,4,AS6,X,8.2,6.7,7.6,37,179,Normal
MAZDA,CX-3 4WD,COMPACT,2.0,4,AS6,X,8.8,7.3,8.1,35,189,Normal
MAZDA,CX-5,SUV - SMALL,2.0,4,AS6,X,9.0,7.3,8.2,34,192,Normal
MAZDA,CX-5,SUV - SMALL,2.5,4,AS6,X,8.9,7.1,8.1,35,190,Normal
MAZDA,CX-5 (SIL),SUV - SMALL,2.0,4,M6,X,9.0,6.8,8.0,35,188,Normal
MAZDA,CX-5 4WD,SUV - SMALL,2.0,4,AS6,X,9.3,7.6,8.5,33,199,Normal
MAZDA,CX-5 4WD,SUV - SMALL,2.5,4,AS6,X,9.8,7.9,9.0,31,210,Normal
MAZDA,MAZDA3 4-DOOR,COMPACT,2.0,4,AS6,X,7.9,5.7,6.9,41,162,Normal
MAZDA,MAZDA3 4-DOOR (SIL),COMPACT,2.0,4,M6,X,8.0,5.8,7.0,40,165,Normal
MAZDA,MAZDA3 4-DOOR,COMPACT,2.5,4,AS6,X,8.4,6.1,7.4,38,173,Normal
MAZDA,MAZDA3 4-DOOR (i-ELOOP),COMPACT,2.5,4,AS6,X,8.2,5.9,7.2,39,169,Normal
MAZDA,MAZDA3 4-DOOR (SIL),COMPACT,2.5,4,M6,X,9.3,6.4,8.0,35,189,Normal
MAZDA,MAZDA3 5-DOOR,MID-SIZE,2.0,4,AS6,X,8.0,5.9,7.0,40,165,Normal
MAZDA,MAZDA3 5-DOOR (SIL),MID-SIZE,2.0,4,M6,X,8.2,5.9,7.1,40,167,Normal
MAZDA,MAZDA3 5-DOOR,MID-SIZE,2.5,4,AS6,X,8.7,6.5,7.7,37,182,Normal
MAZDA,MAZDA3 5-DOOR (i-ELOOP),MID-SIZE,2.5,4,AS6,X,8.2,6.0,7.2,39,170,Normal
MAZDA,MAZDA3 5-DOOR (SIL),MID-SIZE,2.5,4,M6,X,9.2,6.6,8.1,35,190,Normal
MAZDA,MAZDA5,MINIVAN,2.5,4,AS5,X,10.8,8.3,9.7,29,226,Normal
MAZDA,MAZDA5,MINIVAN,2.5,4,M6,X,11.1,8.3,9.8,29,229,Normal
MAZDA,MAZDA6,MID-SIZE,2.5,4,AS6,X,8.8,6.1,7.6,37,178,Normal
MAZDA,MAZDA6 (i-ELOOP),MID-SIZE,2.5,4,AS6,X,8.5,5.9,7.3,39,171,Normal
MAZDA,MAZDA6 (SIL),MID-SIZE,2.5,4,M6,X,9.4,6.4,8.1,35,188,Normal
MAZDA,MX-5,TWO-SEATER,2.0,4,AS6,Z,8.9,6.5,7.8,36,183,Normal
MAZDA,MX-5 (SIL),TWO-SEATER,2.0,4,M6,Z,8.8,6.9,7.8,36,183,Normal
MERCEDES-BENZ,AMG C 63,COMPACT,4.0,8,AS7,Z,13.4,9.6,11.7,24,268,HIgh
MERCEDES-BENZ,AMG C 63 S,COMPACT,4.0,8,AS7,Z,13.4,9.6,11.7,24,268,HIgh
MERCEDES-BENZ,AMG CLA 45,COMPACT,2.0,4,AS7,Z,10.2,7.7,9.1,31,214,Normal
MERCEDES-BENZ,AMG CLS 63 S 4MATIC,COMPACT,5.5,8,AS7,Z,15.1,10.8,13.1,22,308,HIgh
MERCEDES-BENZ,AMG E 63 S 4MATIC,MID-SIZE,5.5,8,AS7,Z,15.3,10.8,13.3,21,310,HIgh
MERCEDES-BENZ,AMG E 63 S 4MATIC WAGON,STATION WAGON - MID-SIZE,5.5,8,AS7,Z,15.2,11.0,13.3,21,310,HIgh
MERCEDES-BENZ,AMG G 63,SUV - STANDARD,5.5,8,AS7,Z,20.0,16.6,18.5,15,417,HIgh
MERCEDES-BENZ,AMG G 65,SUV - STANDARD,6.0,12,AS7,Z,24.3,17.9,21.4,13,476,HIgh
MERCEDES-BENZ,AMG GL 63 S,SUV - STANDARD,5.5,8,AS7,Z,18.2,14.0,16.3,17,369,HIgh
MERCEDES-BENZ,AMG GLA 45,SUV - SMALL,2.0,4,AS7,Z,10.3,8.1,9.3,30,216,Normal
MERCEDES-BENZ,AMG GLE 63 S 4MATIC,SUV - STANDARD,5.5,8,AS7,Z,17.3,13.5,15.6,18,366,HIgh
MERCEDES-BENZ,AMG GLE 63 S COUPE 4MATIC,SUV - STANDARD,5.5,8,AS7,Z,17.2,12.8,15.2,19,363,HIgh
MERCEDES-BENZ,AMG GT S,TWO-SEATER,4.0,8,AM7,Z,14.5,10.8,12.8,22,303,HIgh
MERCEDES-BENZ,AMG S 63,FULL-SIZE,5.5,8,AS7,Z,15.7,10.1,13.2,21,313,HIgh
MERCEDES-BENZ,AMG S 63 COUPE,COMPACT,5.5,8,AS7,Z,15.3,10.2,13.0,22,313,HIgh
MERCEDES-BENZ,AMG S 65,FULL-SIZE,6.0,12,AS7,Z,18.5,11.8,15.5,18,361,HIgh
MERCEDES-BENZ,AMG S 65 COUPE,COMPACT,6.0,12,AS7,Z,18.0,11.3,15.0,19,355,HIgh
MERCEDES-BENZ,AMG SL 63,TWO-SEATER,5.5,8,AS7,Z,14.7,9.5,12.4,23,298,HIgh
MERCEDES-BENZ,AMG SL 65,TWO-SEATER,6.0,12,AS7,Z,16.7,11.2,14.2,20,335,HIgh
MERCEDES-BENZ,AMG SLK 55,TWO-SEATER,5.5,8,AS7,Z,12.4,8.5,10.6,27,252,HIgh
MERCEDES-BENZ,B 250,MID-SIZE,2.0,4,AS7,Z,9.2,6.6,8.0,35,188,Normal
MERCEDES-BENZ,B 250 4MATIC,MID-SIZE,2.0,4,AS7,Z,10.0,7.5,8.9,32,206,Normal
MERCEDES-BENZ,C 300 4MATIC,COMPACT,2.0,4,AS7,Z,10.1,7.8,9.0,31,212,Normal
MERCEDES-BENZ,C 450 AMG SPORT 4MATIC,COMPACT,3.0,6,AS7,Z,11.1,9.6,10.4,27,231,Normal
MERCEDES-BENZ,CLA 250,COMPACT,2.0,4,AS7,Z,9.4,6.4,8.1,35,188,Normal
MERCEDES-BENZ,CLA 250 4MATIC FFV,COMPACT,2.0,4,AS7,Z,9.8,7.1,8.6,33,198,Normal
MERCEDES-BENZ,CLA 250 4MATIC FFV,COMPACT,2.0,4,AS7,E,13.1,9.8,11.6,24,198,Normal
MERCEDES-BENZ,CLS 400 4MATIC,COMPACT,3.0,6,AS7,Z,12.2,8.8,10.7,26,252,HIgh
MERCEDES-BENZ,CLS 550 4MATIC,COMPACT,4.7,8,AS7,Z,13.7,9.3,11.7,24,277,HIgh
MERCEDES-BENZ,E 250 BLUETEC 4MATIC,MID-SIZE,2.1,4,AS7,D,8.6,6.0,7.4,38,200,Normal
MERCEDES-BENZ,E 300 4MATIC,MID-SIZE,3.5,6,AS7,Z,11.9,8.2,10.2,28,240,Normal
MERCEDES-BENZ,E 400 4MATIC,MID-SIZE,3.0,6,AS7,Z,12.0,8.5,10.4,27,244,Normal
MERCEDES-BENZ,E 400 4MATIC COUPE,SUBCOMPACT,3.0,6,AS7,Z,11.8,8.4,10.2,28,239,Normal
MERCEDES-BENZ,E 400 4MATIC WAGON,STATION WAGON - MID-SIZE,3.0,6,AS7,Z,12.4,8.9,10.8,26,253,HIgh
MERCEDES-BENZ,E 400 CABRIOLET,SUBCOMPACT,3.0,6,AS7,Z,11.5,8.1,10.0,28,233,Normal
MERCEDES-BENZ,E 550 4MATIC,MID-SIZE,4.7,8,AS7,Z,12.9,9.6,11.4,25,270,HIgh
MERCEDES-BENZ,E 550 CABRIOLET,SUBCOMPACT,4.7,8,AS7,Z,13.7,9.2,11.7,24,275,HIgh
MERCEDES-BENZ,E 550 COUPE,SUBCOMPACT,4.7,8,AS7,Z,13.4,8.9,11.4,25,268,HIgh
MERCEDES-BENZ,G 550,SUV - STANDARD,5.5,8,AS7,Z,19.0,16.5,17.9,16,401,HIgh
MERCEDES-BENZ,GL 350 BLUETEC 4MATIC,SUV - STANDARD,3.0,6,AS7,D,13.6,10.0,12.0,24,322,HIgh
MERCEDES-BENZ,GL 450 4MATIC,SUV - STANDARD,3.0,6,AS7,Z,15.2,12.6,14.0,20,298,HIgh
MERCEDES-BENZ,GL 550 4MATIC,SUV - STANDARD,4.7,8,AS7,Z,17.5,13.1,15.5,18,365,HIgh
MERCEDES-BENZ,GLA 250 4MATIC,SUV - SMALL,2.0,4,AS7,Z,9.8,7.4,8.7,32,203,Normal
MERCEDES-BENZ,GLE 350d 4MATIC,SUV - STANDARD,3.0,6,A9,D,10.1,8.0,9.2,31,246,Normal
MERCEDES-BENZ,GLE 350d 4MATIC COUPE,SUV - STANDARD,3.0,6,A9,D,10.4,8.2,9.4,30,253,HIgh
MERCEDES-BENZ,GLE 400 4MATIC,SUV - STANDARD,3.0,6,AS7,Z,13.3,10.4,12.0,24,282,HIgh
MERCEDES-BENZ,GLE 450 AMG SPORT 4MATIC COUPE,SUV - STANDARD,3.0,6,A9,Z,13.6,10.2,12.0,24,281,HIgh
MERCEDES-BENZ,GLE 550 4MATIC,SUV - STANDARD,4.7,8,AS7,Z,16.2,11.8,14.2,20,335,HIgh
MERCEDES-BENZ,MAYBACH S 600,FULL-SIZE,6.0,12,AS7,Z,18.2,11.7,15.3,18,359,HIgh
MERCEDES-BENZ,METRIS CARGO,SPECIAL PURPOSE VEHICLE,2.0,4,AS7,Z,10.8,9.5,10.2,28,233,Normal
MERCEDES-BENZ,METRIS PASSENGER,SPECIAL PURPOSE VEHICLE,2.0,4,AS7,Z,11.5,10.2,10.9,26,248,Normal
MERCEDES-BENZ,S 400 4MATIC SWB,MID-SIZE,3.0,6,AS7,Z,12.6,8.6,10.8,26,253,HIgh
MERCEDES-BENZ,S 550 4MATIC SWB,MID-SIZE,4.7,8,AS7,Z,14.7,9.1,12.2,23,294,HIgh
MERCEDES-BENZ,S 550 4MATIC LWB,FULL-SIZE,4.7,8,AS7,Z,14.8,9.8,12.5,23,287,HIgh
MERCEDES-BENZ,S 550 4MATIC COUPE,COMPACT,4.7,8,AS7,Z,14.4,9.8,12.3,23,289,HIgh
MERCEDES-BENZ,S 600,FULL-SIZE,6.0,12,AS7,Z,17.3,11.0,14.5,19,340,HIgh
MERCEDES-BENZ,SL 550,TWO-SEATER,4.7,8,AS7,Z,14.6,9.6,12.3,23,289,HIgh
MERCEDES-BENZ,SLK 300,TWO-SEATER,2.0,4,A9,Z,9.6,7.3,8.5,33,199,Normal
MERCEDES-BENZ,SLK 350,TWO-SEATER,3.5,6,AS7,Z,11.1,8.1,9.8,29,229,Normal
MINI,COOPER 3 DOOR,SUBCOMPACT,1.5,3,AS6,Z,8.7,6.6,7.7,37,181,Normal
MINI,COOPER 3 DOOR,SUBCOMPACT,1.5,3,M6,Z,8.4,6.0,7.3,39,172,Normal
MINI,COOPER 5 DOOR,SUBCOMPACT,1.5,3,AS6,Z,8.7,6.6,7.7,37,181,Normal
MINI,COOPER 5 DOOR,SUBCOMPACT,1.5,3,M6,Z,8.2,6.0,7.2,39,170,Normal
MINI,COOPER CLUBMAN,MID-SIZE,1.5,3,AS6,Z,9.4,7.0,8.3,34,195,Normal
MINI,COOPER CLUBMAN,MID-SIZE,1.5,3,M6,Z,9.5,6.6,8.2,34,194,Normal
MINI,COOPER CONVERTIBLE,MINICOMPACT,1.5,3,AS6,Z,8.7,6.6,7.7,37,181,Normal
MINI,COOPER CONVERTIBLE,MINICOMPACT,1.5,3,M6,Z,8.2,6.0,7.2,39,170,Normal
MINI,COOPER S 3 DOOR,SUBCOMPACT,2.0,4,AS6,Z,9.2,7.0,8.2,34,193,Normal
MINI,COOPER S 3 DOOR,SUBCOMPACT,2.0,4,M6,Z,10.0,7.0,8.7,32,203,Normal
MINI,COOPER S 5 DOOR,SUBCOMPACT,2.0,4,AS6,Z,9.2,7.0,8.2,34,193,Normal
MINI,COOPER S 5 DOOR,SUBCOMPACT,2.0,4,M6,Z,10.0,7.0,8.7,32,203,Normal
MINI,COOPER S CLUBMAN,MID-SIZE,2.0,4,AS6,Z,9.7,7.0,8.5,33,198,Normal
MINI,COOPER S CLUBMAN,MID-SIZE,2.0,4,M6,Z,10.6,7.4,9.2,31,215,Normal
MINI,COOPER S CONVERTIBLE,MINICOMPACT,2.0,4,AS6,Z,9.7,7.0,8.5,33,198,Normal
MINI,COOPER S CONVERTIBLE,MINICOMPACT,2.0,4,M6,Z,10.0,7.0,8.7,32,203,Normal
MINI,COOPER S COUNTRYMAN ALL4,COMPACT,1.6,4,AS6,Z,10.1,7.7,9.0,31,212,Normal
MINI,COOPER S COUNTRYMAN ALL4,COMPACT,1.6,4,M6,Z,9.4,7.6,8.6,33,201,Normal
MINI,COOPER S PACEMAN ALL4,COMPACT,1.6,4,AS6,Z,10.1,7.7,9.0,31,212,Normal
MINI,COOPER S PACEMAN ALL4,COMPACT,1.6,4,M6,Z,9.4,7.6,8.6,33,201,Normal
MINI,JOHN COOPER WORKS,SUBCOMPACT,2.0,4,AS6,Z,9.4,7.5,8.5,33,199,Normal
MINI,JOHN COOPER WORKS,SUBCOMPACT,2.0,4,M6,Z,10.4,7.7,9.2,31,214,Normal
MINI,JOHN COOPER WORKS COUNTRYMAN ALL4,COMPACT,1.6,4,AS6,Z,10.1,7.7,9.0,31,212,Normal
MINI,JOHN COOPER WORKS COUNTRYMAN ALL4,COMPACT,1.6,4,M6,Z,9.4,7.6,8.6,33,201,Normal
MINI,JOHN COOPER WORKS PACEMAN ALL4,COMPACT,1.6,4,AS6,Z,10.1,7.7,9.0,31,212,Normal
MINI,JOHN COOPER WORKS PACEMAN ALL4,COMPACT,1.6,4,M6,Z,9.4,7.6,8.6,33,201,Normal
MITSUBISHI,LANCER,COMPACT,2.0,4,AV6,X,8.6,6.8,7.8,36,181,Normal
MITSUBISHI,LANCER,COMPACT,2.0,4,M5,X,9.6,7.0,8.4,34,198,Normal
MITSUBISHI,LANCER,COMPACT,2.4,4,AV6,X,9.8,7.6,8.8,32,204,Normal
MITSUBISHI,LANCER,COMPACT,2.4,4,M5,X,10.5,7.7,9.2,31,217,Normal
MITSUBISHI,LANCER 4WD,COMPACT,2.4,4,AV6,X,10.2,7.8,9.1,31,210,Normal
MITSUBISHI,LANCER SPORTBACK,STATION WAGON - SMALL,2.0,4,AV6,X,9.2,7.1,8.3,34,191,Normal
MITSUBISHI,LANCER SPORTBACK,STATION WAGON - SMALL,2.0,4,M5,X,9.9,7.2,8.7,32,203,Normal
MITSUBISHI,MIRAGE,COMPACT,1.2,3,AV,X,6.4,5.3,5.9,48,139,Normal
MITSUBISHI,MIRAGE,COMPACT,1.2,3,M5,X,7.0,5.6,6.3,45,147,Normal
MITSUBISHI,OUTLANDER,SUV - SMALL,2.4,4,AV6,X,9.2,7.5,8.4,34,193,Normal
MITSUBISHI,OUTLANDER 4WD,SUV - SMALL,2.4,4,AV6,X,9.7,8.1,9.0,31,207,Normal
MITSUBISHI,OUTLANDER 4WD,SUV - SMALL,3.0,6,AS6,Z,11.9,8.5,10.4,27,238,Normal
MITSUBISHI,RVR,SUV - SMALL,2.0,4,AV6,X,9.6,7.6,8.7,32,202,Normal
MITSUBISHI,RVR,SUV - SMALL,2.0,4,M5,X,10.3,8.0,9.3,30,214,Normal
MITSUBISHI,RVR 4WD,SUV - SMALL,2.4,4,AV6,X,10.5,8.6,9.6,29,223,Normal
NISSAN,370Z,TWO-SEATER,3.7,6,AS7,Z,12.6,9.2,11.1,25,260,HIgh
NISSAN,370Z,TWO-SEATER,3.7,6,M6,Z,13.3,9.3,11.5,25,269,HIgh
NISSAN,370Z ROADSTER,TWO-SEATER,3.7,6,AS7,Z,13.1,9.6,11.5,25,270,HIgh
NISSAN,370Z ROADSTER,TWO-SEATER,3.7,6,M6,Z,13.6,9.7,11.8,24,278,HIgh
NISSAN,ALTIMA,MID-SIZE,2.5,4,AV,X,8.7,6.0,7.5,38,176,Normal
NISSAN,ALTIMA 3.5,MID-SIZE,3.5,6,AV7,X,10.3,7.4,9.0,31,212,Normal
NISSAN,ALTIMA SR,MID-SIZE,2.5,4,AV7,X,8.9,6.3,7.7,37,181,Normal
NISSAN,FRONTIER,PICKUP TRUCK - SMALL,2.5,4,A5,X,13.6,10.4,12.1,23,285,HIgh
NISSAN,FRONTIER,PICKUP TRUCK - SMALL,2.5,4,M5,X,12.2,10.2,11.3,25,266,HIgh
NISSAN,FRONTIER,PICKUP TRUCK - SMALL,4.0,6,A5,X,14.8,10.3,12.7,22,300,HIgh
NISSAN,FRONTIER 4WD,PICKUP TRUCK - SMALL,4.0,6,A5,X,15.7,11.3,13.7,21,322,HIgh
NISSAN,FRONTIER 4WD,PICKUP TRUCK - SMALL,4.0,6,M6,X,15.0,11.2,13.3,21,313,HIgh
NISSAN,GT-R,SUBCOMPACT,3.8,6,AM6,Z,14.3,10.5,12.6,22,294,HIgh
NISSAN,JUKE,STATION WAGON - SMALL,1.6,4,AV7,Z,8.5,7.2,7.9,36,186,Normal
NISSAN,JUKE,STATION WAGON - SMALL,1.6,4,M6,Z,8.5,6.9,7.8,36,183,Normal
NISSAN,JUKE AWD,STATION WAGON - SMALL,1.6,4,AV7,Z,8.8,7.5,8.2,34,194,Normal
NISSAN,JUKE NISMO RS,STATION WAGON - SMALL,1.6,4,M6,Z,8.9,7.5,8.3,34,194,Normal
NISSAN,JUKE NISMO RS AWD,STATION WAGON - SMALL,1.6,4,AV8,Z,9.4,8.1,8.8,32,208,Normal
NISSAN,MAXIMA,MID-SIZE,3.5,6,AV7,Z,10.9,7.8,9.5,30,223,Normal
NISSAN,MICRA,COMPACT,1.6,4,A4,X,8.8,6.6,7.8,36,184,Normal
NISSAN,MICRA,COMPACT,1.6,4,M5,X,8.6,6.6,7.7,37,182,Normal
NISSAN,MURANO,STATION WAGON - MID-SIZE,3.5,6,AV7,X,11.0,8.2,9.8,29,230,Normal
NISSAN,MURANO AWD,STATION WAGON - MID-SIZE,3.5,6,AV7,X,11.2,8.3,9.9,29,232,Normal
NISSAN,NV200 CARGO VAN,SPECIAL PURPOSE VEHICLE,2.0,4,AV,X,9.7,9.0,9.4,30,220,Normal
NISSAN,PATHFINDER,SUV - SMALL,3.5,6,AV,X,11.9,8.6,10.4,27,245,Normal
NISSAN,PATHFINDER 4WD,SUV - SMALL,3.5,6,AV,X,12.1,8.9,10.7,26,251,HIgh
NISSAN,PATHFINDER 4WD PLATINUM,SUV - SMALL,3.5,6,AV,X,12.7,9.0,11.0,26,258,HIgh
NISSAN,ROGUE,SUV - SMALL,2.5,4,AV,X,9.1,7.1,8.2,34,194,Normal
NISSAN,ROGUE AWD,SUV - SMALL,2.5,4,AV,X,9.5,7.4,8.6,33,201,Normal
NISSAN,SENTRA,MID-SIZE,1.8,4,AV,X,8.0,6.1,7.2,39,167,Normal
NISSAN,SENTRA,MID-SIZE,1.8,4,M6,X,8.9,6.6,7.9,36,184,Normal
NISSAN,VERSA,MID-SIZE,1.6,4,AV,X,7.5,6.0,6.8,42,161,Normal
NISSAN,VERSA,MID-SIZE,1.6,4,M5,X,8.6,6.5,7.6,37,179,Normal
PORSCHE,911 CARRERA,MINICOMPACT,3.4,6,AM7,Z,11.6,8.4,10.1,28,238,Normal
PORSCHE,911 CARRERA,MINICOMPACT,3.4,6,M7,Z,12.3,8.6,10.6,27,249,Normal
PORSCHE,911 CARRERA CABRIOLET,MINICOMPACT,3.4,6,AM7,Z,11.5,8.4,10.1,28,236,Normal
PORSCHE,911 CARRERA CABRIOLET,MINICOMPACT,3.4,6,M7,Z,12.3,8.7,10.7,26,251,HIgh
PORSCHE,911 CARRERA GTS,MINICOMPACT,3.8,6,AM7,Z,12.7,9.0,11.0,26,259,HIgh
PORSCHE,911 CARRERA GTS,MINICOMPACT,3.8,6,M7,Z,12.9,9.0,11.2,25,262,HIgh
PORSCHE,911 CARRERA GTS CABRIOLET,MINICOMPACT,3.8,6,AM7,Z,12.7,9.2,11.1,25,260,HIgh
PORSCHE,911 CARRERA GTS CABRIOLET,MINICOMPACT,3.8,6,M7,Z,13.4,9.3,11.6,24,272,HIgh
PORSCHE,911 CARRERA S,MINICOMPACT,3.8,6,AM7,Z,11.9,8.7,10.5,27,245,Normal
PORSCHE,911 CARRERA S,MINICOMPACT,3.8,6,M7,Z,12.4,8.7,10.7,26,252,HIgh
PORSCHE,911 CARRERA S CABRIOLET,MINICOMPACT,3.8,6,AM7,Z,12.2,8.7,10.6,27,250,Normal
PORSCHE,911 CARRERA S CABRIOLET,MINICOMPACT,3.8,6,M7,Z,12.5,8.9,10.9,26,255,HIgh
PORSCHE,911 CARRERA 4,MINICOMPACT,3.4,6,AM7,Z,11.7,8.5,10.2,28,240,Normal
PORSCHE,911 CARRERA 4,MINICOMPACT,3.4,6,M7,Z,12.3,8.7,10.7,26,251,HIgh
PORSCHE,911 CARRERA 4 CABRIOLET,MINICOMPACT,3.4,6,AM7,Z,11.9,8.8,10.5,27,246,Normal
PORSCHE,911 CARRERA 4 CABRIOLET,MINICOMPACT,3.4,6,M7,Z,12.5,9.0,10.9,26,257,HIgh
PORSCHE,911 CARRERA 4 GTS,MINICOMPACT,3.8,6,AM7,Z,12.7,9.2,11.1,25,260,HIgh
PORSCHE,911 CARRERA 4 GTS,MINICOMPACT,3.8,6,M7,Z,13.0,9.2,11.3,25,265,HIgh
PORSCHE,911 CARRERA 4 GTS CABRIOLET,MINICOMPACT,3.8,6,AM7,Z,13.1,9.4,11.4,25,268,HIgh
PORSCHE,911 CARRERA 4 GTS CABRIOLET,MINICOMPACT,3.8,6,M7,Z,13.4,9.3,11.6,24,272,HIgh
PORSCHE,911 CARRERA 4S,MINICOMPACT,3.8,6,AM7,Z,12.2,8.9,10.7,26,251,HIgh
PORSCHE,911 CARRERA 4S,MINICOMPACT,3.8,6,M7,Z,12.7,8.9,11.0,26,258,HIgh
PORSCHE,911 CARRERA 4S CABRIOLET,MINICOMPACT,3.8,6,AM7,Z,12.5,9.1,11.0,26,257,HIgh
PORSCHE,911 CARRERA 4S CABRIOLET,MINICOMPACT,3.8,6,M7,Z,12.9,9.2,11.2,25,262,HIgh
PORSCHE,911 GT3,TWO-SEATER,3.8,6,AM7,Z,16.0,11.5,14.0,20,329,HIgh
PORSCHE,911 GT3RS,TWO-SEATER,4.0,6,AM7,Z,16.3,11.8,14.3,20,334,HIgh
PORSCHE,911 TARGA 4,MINICOMPACT,3.4,6,AM7,Z,12.3,8.9,10.8,26,253,HIgh
PORSCHE,911 TARGA 4,MINICOMPACT,3.4,6,M7,Z,12.9,9.0,11.1,25,261,HIgh
PORSCHE,911 TARGA 4S,MINICOMPACT,3.8,6,AM7,Z,12.8,9.3,11.2,25,260,HIgh
PORSCHE,911 TARGA 4S,MINICOMPACT,3.8,6,M7,Z,13.1,9.2,11.4,25,267,HIgh
PORSCHE,911 TURBO,MINICOMPACT,3.8,6,AM7,Z,13.7,9.6,11.9,24,278,HIgh
PORSCHE,911 TURBO CABRIOLET,MINICOMPACT,3.8,6,AM7,Z,13.7,9.6,11.9,24,278,HIgh
PORSCHE,911 TURBO S,MINICOMPACT,3.8,6,AM7,Z,13.7,9.6,11.9,24,278,HIgh
PORSCHE,911 TURBO S CABRIOLET,MINICOMPACT,3.8,6,AM7,Z,13.7,9.6,11.9,24,278,HIgh
PORSCHE,BOXSTER,TWO-SEATER,2.7,6,AM7,Z,10.7,7.4,9.2,31,217,Normal
PORSCHE,BOXSTER,TWO-SEATER,2.7,6,M6,Z,11.5,7.9,9.9,29,232,Normal
PORSCHE,BOXSTER GTS,TWO-SEATER,3.4,6,AM7,Z,10.9,7.7,9.5,30,222,Normal
PORSCHE,BOXSTER GTS,TWO-SEATER,3.4,6,M6,Z,12.1,8.9,10.7,26,250,Normal
PORSCHE,BOXSTER S,TWO-SEATER,3.4,6,AM7,Z,11.3,7.9,9.8,29,230,Normal
PORSCHE,BOXSTER S,TWO-SEATER,3.4,6,M6,Z,11.9,8.6,10.4,27,245,Normal
PORSCHE,BOXSTER SPYDER,TWO-SEATER,3.8,6,M6,Z,13.1,9.9,11.6,24,272,HIgh
PORSCHE,CAYENNE,SUV - STANDARD,3.6,6,A8,Z,13.5,9.7,11.8,24,277,HIgh
PORSCHE,CAYENNE DIESEL (modified),SUV - STANDARD,3.0,6,A8,D,11.2,8.4,9.8,29,270,HIgh
PORSCHE,CAYENNE GTS,SUV - STANDARD,3.6,6,A8,Z,14.8,10.4,12.8,22,300,HIgh
PORSCHE,CAYENNE S,SUV - STANDARD,3.6,6,A8,Z,14.3,9.6,12.2,23,286,HIgh
PORSCHE,CAYENNE TURBO,SUV - STANDARD,4.8,8,A8,Z,16.7,11.2,14.2,20,334,HIgh
PORSCHE,CAYENNE TURBO S,SUV - STANDARD,4.8,8,A8,Z,16.9,11.2,14.3,20,336,HIgh
PORSCHE,CAYMAN,TWO-SEATER,2.7,6,AM7,Z,10.7,7.4,9.2,31,217,Normal
PORSCHE,CAYMAN,TWO-SEATER,2.7,6,M6,Z,11.5,7.9,9.9,29,232,Normal
PORSCHE,CAYMAN GT4,TWO-SEATER,3.8,6,M6,Z,13.3,10.1,11.8,24,277,HIgh
PORSCHE,CAYMAN GTS,TWO-SEATER,3.4,6,AM7,Z,10.9,7.7,9.5,30,222,Normal
PORSCHE,CAYMAN GTS,TWO-SEATER,3.4,6,M6,Z,12.1,8.9,10.7,26,250,Normal
PORSCHE,CAYMAN S,TWO-SEATER,3.4,6,AM7,Z,11.3,7.9,9.8,29,230,Normal
PORSCHE,CAYMAN S,TWO-SEATER,3.4,6,M6,Z,11.9,8.6,10.4,27,245,Normal
PORSCHE,MACAN S,SUV - SMALL,3.0,6,A7,Z,13.7,10.3,12.2,23,285,HIgh
PORSCHE,MACAN TURBO,SUV - SMALL,3.6,6,A7,Z,14.2,10.1,12.3,23,287,HIgh
PORSCHE,PANAMERA,FULL-SIZE,3.6,6,AM7,Z,12.9,8.4,10.9,26,255,HIgh
PORSCHE,PANAMERA GTS,FULL-SIZE,4.8,8,AM7,Z,15.1,9.7,12.7,22,298,HIgh
PORSCHE,PANAMERA S,FULL-SIZE,3.0,6,AM7,Z,13.4,8.8,11.4,25,267,HIgh
PORSCHE,PANAMERA 4,FULL-SIZE,3.6,6,AM7,Z,13.1,8.7,11.1,25,262,HIgh
PORSCHE,PANAMERA 4S,FULL-SIZE,3.0,6,AM7,Z,13.4,8.8,11.4,25,267,HIgh
PORSCHE,PANAMERA 4S EXECUTIVE,FULL-SIZE,3.0,6,AM7,Z,13.7,8.9,11.5,25,271,HIgh
PORSCHE,PANAMERA TURBO,FULL-SIZE,4.8,8,AM7,Z,15.3,9.7,12.8,22,300,HIgh
PORSCHE,PANAMERA TURBO EXECUTIVE,FULL-SIZE,4.8,8,AM7,Z,15.4,9.8,12.9,22,303,HIgh
PORSCHE,PANAMERA TURBO S,FULL-SIZE,4.8,8,AM7,Z,15.3,9.7,12.8,22,300,HIgh
PORSCHE,PANAMERA TURBO S EXECUTIVE,FULL-SIZE,4.8,8,AM7,Z,15.4,9.8,12.9,22,303,HIgh
RAM,1500 FFV,PICKUP TRUCK - STANDARD,3.6,6,A8,X,13.9,9.5,11.9,24,279,HIgh
RAM,1500 FFV,PICKUP TRUCK - STANDARD,3.6,6,A8,E,19.4,13.6,16.8,17,279,HIgh
RAM,1500 HFE,PICKUP TRUCK - STANDARD,3.6,6,A8,X,12.9,9.3,11.3,25,264,HIgh
RAM,1500 (MDS),PICKUP TRUCK - STANDARD,5.7,8,A6,X,17.1,12.0,14.8,19,348,HIgh
RAM,1500 (MDS),PICKUP TRUCK - STANDARD,5.7,8,A8,X,15.8,10.9,13.6,21,319,HIgh
RAM,1500 ECODIESEL,PICKUP TRUCK - STANDARD,3.0,6,A8,D,11.6,8.4,10.2,28,272,HIgh
RAM,1500 ECODIESEL HFE,PICKUP TRUCK - STANDARD,3.0,6,A8,D,11.3,8.0,9.8,29,264,HIgh
RAM,1500 4X4 FFV,PICKUP TRUCK - STANDARD,3.6,6,A8,X,14.6,10.1,12.6,22,294,HIgh
RAM,1500 4X4 FFV,PICKUP TRUCK - STANDARD,3.6,6,A8,E,20.5,14.5,17.8,16,296,HIgh
RAM,1500 4X4 (MDS),PICKUP TRUCK - STANDARD,5.7,8,A6,X,17.7,12.7,15.4,18,362,HIgh
RAM,1500 4X4 (MDS),PICKUP TRUCK - STANDARD,5.7,8,A8,X,16.2,11.5,14.1,20,330,HIgh
RAM,1500 4X4 ECODIESEL,PICKUP TRUCK - STANDARD,3.0,6,A8,D,12.1,8.8,10.6,27,283,HIgh
RAM,PROMASTER CITY,SPECIAL PURPOSE VEHICLE,2.4,4,A9,X,11.2,8.1,9.8,29,231,Normal
ROLLS-ROYCE,GHOST,FULL-SIZE,6.6,12,AS8,Z,19.2,12.4,16.1,18,373,HIgh
ROLLS-ROYCE,GHOST EWB,FULL-SIZE,6.6,12,AS8,Z,19.2,12.4,16.1,18,373,HIgh
ROLLS-ROYCE,PHANTOM,FULL-SIZE,6.7,12,AS8,Z,20.9,12.7,17.2,16,403,HIgh
ROLLS-ROYCE,PHANTOM EWB,FULL-SIZE,6.7,12,AS8,Z,20.7,12.9,17.2,16,404,HIgh
ROLLS-ROYCE,PHANTOM COUPE,COMPACT,6.7,12,AS8,Z,20.9,12.7,17.2,16,403,HIgh
ROLLS-ROYCE,PHANTOM DROPHEAD COUPE,COMPACT,6.7,12,AS8,Z,20.7,12.9,17.2,16,404,HIgh
ROLLS-ROYCE,WRAITH,MID-SIZE,6.6,12,AS8,Z,18.8,11.8,15.6,18,367,HIgh
SCION,FR-S,MINICOMPACT,2.0,4,AS6,Z,9.6,7.0,8.4,34,197,Normal
SCION,FR-S,MINICOMPACT,2.0,4,M6,Z,10.9,7.9,9.6,29,224,Normal
SCION,iM,MID-SIZE,1.8,4,AV7,X,8.3,6.3,7.4,38,173,Normal
SCION,iM,MID-SIZE,1.8,4,M6,X,8.6,6.6,7.7,37,180,Normal
SCION,tC,COMPACT,2.5,4,AS6,X,10.2,7.6,9.0,31,211,Normal
SCION,tC,COMPACT,2.5,4,M6,X,10.2,7.7,9.0,31,210,Normal
SMART,FORTWO CABRIOLET,TWO-SEATER,0.9,3,AM6,Z,7.5,6.1,6.9,41,157,Normal
SMART,FORTWO COUPE,TWO-SEATER,0.9,3,AM6,Z,7.5,6.1,6.9,41,157,Normal
SUBARU,BRZ,MINICOMPACT,2.0,4,AS6,Z,9.6,7.0,8.4,34,197,Normal
SUBARU,BRZ,MINICOMPACT,2.0,4,M6,Z,10.9,7.9,9.6,29,224,Normal
SUBARU,FORESTER AWD,SUV - SMALL,2.0,4,AV8,Z,10.2,8.5,9.4,30,222,Normal
SUBARU,FORESTER AWD,SUV - SMALL,2.5,4,AV6,X,9.6,7.5,8.7,32,204,Normal
SUBARU,FORESTER AWD,SUV - SMALL,2.5,4,M6,X,10.6,8.4,9.6,29,227,Normal
SUBARU,IMPREZA AWD,COMPACT,2.0,4,AV6,X,8.5,6.4,7.6,37,177,Normal
SUBARU,IMPREZA AWD,COMPACT,2.0,4,M5,X,9.5,7.0,8.4,34,197,Normal
SUBARU,IMPREZA WAGON AWD,STATION WAGON - SMALL,2.0,4,AV6,X,8.5,6.4,7.6,37,177,Normal
SUBARU,IMPREZA WAGON AWD,STATION WAGON - SMALL,2.0,4,M5,X,9.5,7.0,8.4,34,197,Normal
SUBARU,LEGACY AWD,MID-SIZE,2.5,4,AV6,X,9.0,6.5,7.9,36,185,Normal
SUBARU,LEGACY AWD,MID-SIZE,2.5,4,M6,X,10.7,7.8,9.4,30,220,Normal
SUBARU,LEGACY AWD,MID-SIZE,3.6,6,AV6,X,11.9,8.2,10.2,28,239,Normal
SUBARU,OUTBACK AWD,SUV - SMALL,2.5,4,AV6,X,9.3,7.1,8.3,34,196,Normal
SUBARU,OUTBACK AWD,SUV - SMALL,2.5,4,M6,X,11.0,8.2,9.7,29,228,Normal
SUBARU,OUTBACK AWD,SUV - SMALL,3.6,6,AV6,X,12.0,8.6,10.5,27,246,Normal
SUBARU,WRX,COMPACT,2.0,4,AV8,Z,12.5,9.5,11.2,25,254,HIgh
SUBARU,WRX,COMPACT,2.0,4,M6,Z,11.3,8.4,10.0,28,233,Normal
SUBARU,WRX,COMPACT,2.5,4,M6,Z,13.8,10.2,12.2,23,285,HIgh
SUBARU,XV CROSSTREK AWD,SUV - SMALL,2.0,4,AV6,X,9.1,7.0,8.1,35,191,Normal
SUBARU,XV CROSSTREK AWD,SUV - SMALL,2.0,4,M5,X,10.2,7.7,9.1,31,214,Normal
SUBARU,XV CROSSTREK HYBRID AWD,SUV - SMALL,2.0,4,AV6,X,7.9,6.9,7.5,38,175,Normal
TOYOTA,4RUNNER 4WD,SUV - STANDARD,4.0,6,AS5,X,14.2,11.1,12.8,22,298,HIgh
TOYOTA,4RUNNER 4WD (Part-Time 4WD),SUV - STANDARD,4.0,6,AS5,X,14.2,11.1,12.8,22,298,HIgh
TOYOTA,AVALON,MID-SIZE,3.5,6,AS6,X,11.4,7.6,9.7,29,225,Normal
TOYOTA,CAMRY,MID-SIZE,2.5,4,AS6,X,9.4,6.7,8.2,34,192,Normal
TOYOTA,CAMRY,MID-SIZE,3.5,6,AS6,X,11.0,7.7,9.5,30,222,Normal
TOYOTA,CAMRY HYBRID LE,MID-SIZE,2.5,4,AV,X,5.5,6.0,5.7,50,134,Normal
TOYOTA,CAMRY HYBRID XLE/SE,MID-SIZE,2.5,4,AV,X,5.7,6.0,5.9,48,137,Normal
TOYOTA,COROLLA,MID-SIZE,1.8,4,A4,X,8.6,6.5,7.6,37,179,Normal
TOYOTA,COROLLA,MID-SIZE,1.8,4,AV,X,8.2,6.2,7.3,39,171,Normal
TOYOTA,COROLLA,MID-SIZE,1.8,4,AV7,X,7.9,6.1,7.1,40,166,Normal
TOYOTA,COROLLA,MID-SIZE,1.8,4,M6,X,8.4,6.4,7.5,38,174,Normal
TOYOTA,COROLLA LE ECO (1-mode),MID-SIZE,1.8,4,AV,X,7.7,5.6,6.8,42,160,Normal
TOYOTA,COROLLA LE ECO (2-mode),MID-SIZE,1.8,4,AV,X,7.7,6.0,6.9,41,162,Normal
TOYOTA,HIGHLANDER,SUV - SMALL,3.5,6,AS6,X,12.5,9.3,11.1,25,260,HIgh
TOYOTA,HIGHLANDER AWD,SUV - STANDARD,3.5,6,AS6,X,13.0,9.8,11.6,24,272,HIgh
TOYOTA,HIGHLANDER HYBRID AWD,SUV - STANDARD,3.5,6,AV6,X,8.6,8.4,8.5,33,198,Normal
TOYOTA,HIGHLANDER HYBRID AWD LE,SUV - STANDARD,3.5,6,AV6,X,8.4,8.3,8.4,34,195,Normal
TOYOTA,PRIUS,MID-SIZE,1.8,4,AV,X,4.4,4.6,4.5,63,104,Normal
TOYOTA,PRIUS c,COMPACT,1.5,4,AV,X,4.5,5.1,4.7,60,111,Normal
TOYOTA,PRIUS v,STATION WAGON - MID-SIZE,1.8,4,AV,X,5.4,5.8,5.6,50,131,Normal
TOYOTA,RAV4,SUV - SMALL,2.5,4,AS6,X,10.1,7.7,9.0,31,212,Normal
TOYOTA,RAV4 AWD,SUV - SMALL,2.5,4,AS6,X,10.5,8.2,9.5,30,220,Normal
TOYOTA,RAV4 HYBRID AWD,SUV - SMALL,2.5,4,AV6,X,6.9,7.6,7.2,39,169,Normal
TOYOTA,RAV4 LE/XLE,SUV - SMALL,2.5,4,AS6,X,10.0,7.6,8.9,32,208,Normal
TOYOTA,RAV4 LIMITED/SE AWD,SUV - SMALL,2.5,4,AS6,X,10.6,8.1,9.4,30,220,Normal
TOYOTA,SEQUOIA 4WD,SUV - STANDARD,5.7,8,AS6,X,18.8,14.0,16.6,17,382,HIgh
TOYOTA,SIENNA,MINIVAN,3.5,6,AS6,X,13.0,9.5,11.4,25,267,HIgh
TOYOTA,SIENNA AWD,MINIVAN,3.5,6,AS6,X,14.4,10.2,12.5,23,290,HIgh
TOYOTA,TACOMA,PICKUP TRUCK - SMALL,2.7,4,AS6,X,12.0,10.0,11.1,25,261,HIgh
TOYOTA,TACOMA,PICKUP TRUCK - SMALL,3.5,6,AS6,X,12.6,10.0,11.4,25,267,HIgh
TOYOTA,TACOMA 4WD,PICKUP TRUCK - SMALL,2.7,4,AS6,X,12.7,10.5,11.7,24,274,HIgh
TOYOTA,TACOMA 4WD,PICKUP TRUCK - SMALL,2.7,4,M5,X,12.4,11.4,11.9,24,279,HIgh
TOYOTA,TACOMA 4WD,PICKUP TRUCK - SMALL,3.5,6,AS6,X,13.1,10.5,11.9,24,280,HIgh
TOYOTA,TACOMA 4WD,PICKUP TRUCK - SMALL,3.5,6,M6,X,13.6,11.2,12.5,23,292,HIgh
TOYOTA,TACOMA 4WD D-CAB OFF-ROAD,PICKUP TRUCK - SMALL,3.5,6,M6,X,13.8,11.7,12.9,22,300,HIgh
TOYOTA,TUNDRA,PICKUP TRUCK - STANDARD,4.6,8,AS6,X,15.9,12.3,14.3,20,335,HIgh
TOYOTA,TUNDRA,PICKUP TRUCK - STANDARD,5.7,8,AS6,X,17.3,13.0,15.4,18,360,HIgh
TOYOTA,TUNDRA 4WD,PICKUP TRUCK - STANDARD,4.6,8,AS6,X,16.9,12.9,15.1,19,351,HIgh
TOYOTA,TUNDRA 4WD,PICKUP TRUCK - STANDARD,5.7,8,AS6,X,18.2,14.1,16.3,17,380,HIgh
TOYOTA,VENZA,SUV - SMALL,2.7,4,AS6,X,11.6,9.0,10.4,27,244,Normal
TOYOTA,VENZA,SUV - SMALL,3.5,6,AS6,X,12.5,9.0,10.9,26,256,HIgh
TOYOTA,VENZA 4WD,SUV - SMALL,2.7,4,AS6,X,11.6,9.2,10.5,27,241,Normal
TOYOTA,VENZA 4WD,SUV - SMALL,3.5,6,AS6,X,12.8,9.3,11.3,25,263,HIgh
TOYOTA,YARIS,COMPACT,1.5,4,AS6,X,7.2,5.6,6.4,44,151,Normal
TOYOTA,YARIS (SIL),COMPACT,1.5,4,M6,X,7.6,5.7,6.7,42,157,Normal
TOYOTA,YARIS HATCHBACK,COMPACT,1.5,4,A4,X,7.8,6.6,7.3,39,170,Normal
TOYOTA,YARIS HATCHBACK,COMPACT,1.5,4,M5,X,7.7,6.3,7.1,40,165,Normal
VOLKSWAGEN,BEETLE,COMPACT,1.8,4,AS6,X,9.6,7.0,8.4,34,196,Normal
VOLKSWAGEN,BEETLE,COMPACT,1.8,4,M5,X,9.5,6.9,8.4,34,196,Normal
VOLKSWAGEN,BEETLE CONVERTIBLE,SUBCOMPACT,1.8,4,AS6,X,9.6,7.0,8.4,34,196,Normal
VOLKSWAGEN,BEETLE DUNE,COMPACT,1.8,4,AS6,X,9.7,7.5,8.7,32,203,Normal
VOLKSWAGEN,CC,COMPACT,2.0,4,AM6,Z,10.7,7.7,9.3,30,217,Normal
VOLKSWAGEN,GOLF,COMPACT,1.8,4,AS6,X,9.3,6.5,8.1,35,189,Normal
VOLKSWAGEN,GOLF,COMPACT,1.8,4,M5,X,9.3,6.4,8.0,35,187,Normal
VOLKSWAGEN,GOLF GTI,COMPACT,2.0,4,AM6,X,9.5,7.2,8.5,33,198,Normal
VOLKSWAGEN,GOLF GTI,COMPACT,2.0,4,M6,X,9.4,6.9,8.3,34,193,Normal
VOLKSWAGEN,GOLF R,COMPACT,2.0,4,AM6,Z,10.4,7.9,9.3,30,216,Normal
VOLKSWAGEN,GOLF R,COMPACT,2.0,4,M6,Z,10.9,7.7,9.4,30,220,Normal
VOLKSWAGEN,GOLF SPORTWAGON,STATION WAGON - SMALL,1.8,4,AS6,X,9.4,6.8,8.2,34,193,Normal
VOLKSWAGEN,GOLF SPORTWAGON,STATION WAGON - SMALL,1.8,4,M5,X,9.5,6.6,8.2,34,192,Normal
VOLKSWAGEN,JETTA,COMPACT,1.4,4,AS6,X,8.5,6.0,7.3,39,173,Normal
VOLKSWAGEN,JETTA,COMPACT,1.4,4,M5,X,8.3,5.9,7.2,39,168,Normal
VOLKSWAGEN,JETTA,COMPACT,1.8,4,AS6,X,9.2,6.4,8.0,35,186,Normal
VOLKSWAGEN,JETTA,COMPACT,1.8,4,M5,X,9.4,6.4,8.1,35,189,Normal
VOLKSWAGEN,JETTA,COMPACT,2.0,4,AM6,X,9.8,7.0,8.6,33,201,Normal
VOLKSWAGEN,JETTA,COMPACT,2.0,4,M6,X,10.1,7.2,8.8,32,207,Normal
VOLKSWAGEN,JETTA HYBRID,COMPACT,1.4,4,AM7,Z,5.7,4.9,5.3,53,124,Normal
VOLKSWAGEN,PASSAT,MID-SIZE,1.8,4,AS6,X,9.4,6.3,8.0,35,187,Normal
VOLKSWAGEN,PASSAT,MID-SIZE,1.8,4,M6,X,9.5,6.4,8.1,35,189,Normal
VOLKSWAGEN,PASSAT,MID-SIZE,3.6,6,AM6,X,11.9,8.5,10.4,27,243,Normal
VOLKSWAGEN,TIGUAN,SUV - SMALL,2.0,4,AS6,Z,11.7,9.5,10.7,26,251,HIgh
VOLKSWAGEN,TIGUAN,SUV - SMALL,2.0,4,M6,Z,13.0,9.0,11.2,25,259,HIgh
VOLKSWAGEN,TIGUAN 4MOTION,SUV - SMALL,2.0,4,AS6,Z,11.6,9.3,10.6,27,248,Normal
VOLKSWAGEN,TOUAREG,SUV - STANDARD,3.6,6,AS8,X,14.1,10.4,12.4,23,292,HIgh
VOLKSWAGEN,TOUAREG TDI (modified),SUV - STANDARD,3.0,6,AS8,D,11.2,8.4,9.8,29,270,HIgh
VOLVO,S60 CC T5 AWD,COMPACT,2.5,5,AS6,X,11.8,8.6,10.3,27,239,Normal
VOLVO,S60 INSCRIPTION,COMPACT,2.0,4,AS8,X,9.6,6.7,8.3,34,193,Normal
VOLVO,S60 INSCRIPTION T5 AWD,COMPACT,2.5,5,AS6,X,11.6,8.2,10.1,28,233,Normal
VOLVO,S60 T5,COMPACT,2.0,4,AS8,X,9.6,6.7,8.3,34,193,Normal
VOLVO,S60 T5 AWD,COMPACT,2.5,5,AS6,X,11.6,8.2,10.1,28,233,Normal
VOLVO,S60 T6,COMPACT,2.0,4,AS8,Z,10.6,7.7,9.3,30,218,Normal
VOLVO,S60 T6 AWD,COMPACT,2.0,4,AS8,Z,11.3,8.2,9.9,29,231,Normal
VOLVO,S60 3.0T AWD,COMPACT,3.0,6,AS6,X,13.0,9.0,11.2,25,259,HIgh
VOLVO,S60 POLESTAR,COMPACT,3.0,6,AS6,X,13.0,9.0,11.2,25,259,HIgh
VOLVO,S80 T5,MID-SIZE,2.0,4,AS8,X,9.6,6.7,8.3,34,193,Normal
VOLVO,V60 CC T5 AWD,STATION WAGON - SMALL,2.5,5,AS6,X,11.8,8.6,10.3,27,239,Normal
VOLVO,V60 T5,STATION WAGON - SMALL,2.0,4,AS8,X,9.6,6.7,8.3,34,193,Normal
VOLVO,V60 T5 AWD,STATION WAGON - SMALL,2.5,5,AS6,X,11.6,8.2,10.1,28,233,Normal
VOLVO,V60 T6 AWD,STATION WAGON - SMALL,2.0,4,AS8,Z,11.3,8.2,9.9,29,231,Normal
VOLVO,V60 3.0T AWD,STATION WAGON - SMALL,3.0,6,AS6,X,13.0,9.0,11.2,25,259,HIgh
VOLVO,V60 POLESTAR,STATION WAGON - SMALL,3.0,6,AS6,X,13.0,9.0,11.2,25,259,HIgh
VOLVO,XC60 T5,SUV - SMALL,2.0,4,AS8,X,10.3,7.6,9.1,31,213,Normal
VOLVO,XC60 T5 AWD,SUV - SMALL,2.5,5,AS6,X,12.5,9.2,11.0,26,254,HIgh
VOLVO,XC60 T6,SUV - SMALL,2.0,4,AS8,Z,11.0,8.1,9.7,29,226,Normal
VOLVO,XC60 T6 AWD,SUV - SMALL,2.0,4,AS8,Z,11.8,9.1,10.6,27,247,Normal
VOLVO,XC60 3.0T AWD,SUV - SMALL,3.0,6,AS6,X,13.7,10.1,12.0,24,276,HIgh
VOLVO,XC70 T5,SUV - SMALL,2.0,4,AS8,X,10.3,7.6,9.1,31,213,Normal
VOLVO,XC70 T5 AWD,SUV - SMALL,2.5,5,AS6,X,12.5,9.2,11.0,26,254,HIgh
VOLVO,XC90 T5,SUV - STANDARD,2.0,4,AS8,Z,10.6,9.1,10.0,28,232,Normal
VOLVO,XC90 T5 AWD,SUV - STANDARD,2.0,4,AS8,Z,10.8,9.5,10.2,28,239,Normal
VOLVO,XC90 T6 AWD,SUV - STANDARD,2.0,4,AS8,Z,11.5,9.5,10.6,27,247,Normal
ACURA,ILX,COMPACT,2.4,4,AM8,Z,9.4,6.8,8.2,34,192,Normal
ACURA,MDX SH-AWD,SUV - SMALL,3.5,6,AS9,Z,12.6,9.0,11.0,26,259,HIgh
ACURA,MDX SH-AWD ELITE,SUV - SMALL,3.5,6,AS9,Z,12.2,9.0,10.7,26,251,HIgh
ACURA,MDX HYBRID AWD,SUV - SMALL,3.0,6,AM7,Z,9.1,9.0,9.0,31,210,Normal
ACURA,NSX,TWO-SEATER,3.5,6,AM9,Z,11.1,10.8,11.0,26,261,HIgh
ACURA,RDX AWD,SUV - SMALL,3.5,6,AS6,Z,12.4,8.7,10.7,26,250,Normal
ACURA,RLX HYBRID,MID-SIZE,3.5,6,AM7,Z,8.2,7.8,8.1,35,190,Normal
ACURA,TLX,COMPACT,2.4,4,AM8,Z,9.6,6.6,8.3,34,197,Normal
ACURA,TLX SH-AWD,COMPACT,3.5,6,AS9,Z,11.2,7.5,9.6,29,226,Normal
ALFA ROMEO,4C,TWO-SEATER,1.8,4,AM6,Z,9.7,6.9,8.4,34,197,Normal
ALFA ROMEO,4C SPIDER,TWO-SEATER,1.8,4,AM6,Z,9.7,6.9,8.4,34,197,Normal
ALFA ROMEO,GIULIA,MID-SIZE,2.0,4,A8,Z,10.0,7.2,8.7,32,205,Normal
ALFA ROMEO,GIULIA AWD,MID-SIZE,2.0,4,A8,Z,10.5,7.7,9.2,31,217,Normal
ALFA ROMEO,GIULIA QUADRIFOGLIO,MID-SIZE,2.9,6,A8,Z,13.8,9.6,11.9,24,280,HIgh
ASTON MARTIN,DB11 V12,MINICOMPACT,5.2,12,A8,Z,15.5,11.4,13.7,21,322,HIgh
ASTON MARTIN,RAPIDE S,SUBCOMPACT,6.0,12,A8,Z,16.7,10.9,14.1,20,331,HIgh
ASTON MARTIN,VANQUISH,MINICOMPACT,6.0,12,A8,Z,17.5,11.4,14.7,19,345,HIgh
ASTON MARTIN,V12 VANTAGE S,TWO-SEATER,6.0,12,AM7,Z,19.4,12.8,16.4,17,388,HIgh
ASTON MARTIN,V12 VANTAGE S,TWO-SEATER,6.0,12,M7,Z,23.2,14.4,19.2,15,450,HIgh
AUDI,A3,SUBCOMPACT,2.0,4,AM7,X,9.1,6.8,8.0,35,188,Normal
AUDI,A3 QUATTRO,SUBCOMPACT,2.0,4,AM6,X,9.7,7.5,8.7,32,205,Normal
AUDI,A3 CABRIOLET QUATTRO,SUBCOMPACT,2.0,4,AM6,X,10.8,8.0,9.5,30,223,Normal
AUDI,A4 ULTRA,COMPACT,2.0,4,AM7,Z,8.6,6.4,7.6,37,177,Normal
AUDI,A4 QUATTRO,COMPACT,2.0,4,AM7,Z,9.8,7.7,8.8,32,205,Normal
AUDI,A4 QUATTRO,COMPACT,2.0,4,M6,Z,9.9,7.0,8.6,33,204,Normal
AUDI,A4 ALLROAD QUATTRO,STATION WAGON - SMALL,2.0,4,AM7,Z,10.2,8.3,9.3,30,217,Normal
AUDI,A5 QUATTRO,SUBCOMPACT,2.0,4,AS8,Z,11.0,8.0,9.7,29,226,Normal
AUDI,A5 QUATTRO,SUBCOMPACT,2.0,4,M6,Z,10.4,7.3,9.0,31,210,Normal
AUDI,A5 CABRIOLET QUATTRO,SUBCOMPACT,2.0,4,AS8,Z,11.3,8.2,9.9,29,231,Normal
AUDI,A6 QUATTRO,MID-SIZE,2.0,4,AS8,Z,10.9,7.5,9.4,30,220,Normal
AUDI,A6 QUATTRO,MID-SIZE,3.0,6,AS8,Z,11.5,8.2,10.0,28,238,Normal
AUDI,A7 QUATTRO,MID-SIZE,3.0,6,AS8,Z,11.5,8.2,10.0,28,238,Normal
AUDI,A8,MID-SIZE,3.0,6,AS8,Z,12.6,8.0,10.5,27,246,Normal
AUDI,A8,MID-SIZE,4.0,8,AS8,Z,12.9,8.0,10.7,26,249,Normal
AUDI,A8L,FULL-SIZE,4.0,8,AS8,Z,13.1,8.3,10.9,26,255,HIgh
AUDI,Q3,COMPACT,2.0,4,AS6,Z,11.9,8.4,10.3,27,243,Normal
AUDI,Q3 QUATTRO,COMPACT,2.0,4,AS6,Z,11.9,8.4,10.3,27,241,Normal
AUDI,Q5,SUV - SMALL,2.0,4,AS8,Z,12.0,8.6,10.5,27,246,Normal
AUDI,Q5,SUV - SMALL,3.0,6,AS8,Z,13.2,9.2,11.4,25,267,HIgh
AUDI,Q7,SUV - STANDARD,2.0,4,AS8,Z,11.9,9.6,10.8,26,253,HIgh
AUDI,Q7,SUV - STANDARD,3.0,6,AS8,Z,12.6,9.4,11.1,25,260,HIgh
AUDI,R8,TWO-SEATER,5.2,10,AM7,Z,16.5,11.2,14.1,20,330,HIgh
AUDI,R8 SPYDER,TWO-SEATER,5.2,10,AM7,Z,16.5,11.2,14.1,20,330,HIgh
AUDI,RS 7,MID-SIZE,4.0,8,AS8,Z,16.2,9.3,13.1,22,309,HIgh
AUDI,S3,SUBCOMPACT,2.0,4,AM6,Z,11.0,8.5,9.9,29,232,Normal
AUDI,S5,SUBCOMPACT,3.0,6,AM7,Z,13.0,8.5,11.0,26,259,HIgh
AUDI,S5,SUBCOMPACT,3.0,6,M6,Z,13.8,9.0,11.7,24,273,HIgh
AUDI,S5 CABRIOLET,SUBCOMPACT,3.0,6,AM7,Z,13.3,9.1,11.4,25,266,HIgh
AUDI,S6,MID-SIZE,4.0,8,AM7,Z,13.3,8.8,11.3,25,263,HIgh
AUDI,S7,MID-SIZE,4.0,8,AM7,Z,13.4,8.8,11.4,25,265,HIgh
AUDI,S8,MID-SIZE,4.0,8,AS8,Z,16.2,9.9,13.4,21,312,HIgh
AUDI,SQ5,SUV - SMALL,3.0,6,AS8,Z,14.1,9.9,12.2,23,285,HIgh
AUDI,TT COUPE QUATTRO,SUBCOMPACT,2.0,4,AM6,X,10.1,7.8,9.1,31,209,Normal
AUDI,TT ROADSTER QUATTRO,TWO-SEATER,2.0,4,AM6,X,10.1,7.8,9.1,31,209,Normal
AUDI,TTS COUPE QUATTRO,SUBCOMPACT,2.0,4,AM6,Z,10.3,8.6,9.5,30,222,Normal
BENTLEY,BENTAYGA,SUV - STANDARD,6.0,12,AS8,Z,18.8,12.2,15.9,18,370,HIgh
BENTLEY,CONTINENTAL GT,COMPACT,4.0,8,AS8,Z,16.1,9.4,13.1,22,307,HIgh
BENTLEY,CONTINENTAL GT,COMPACT,6.0,12,AS8,Z,18.9,11.2,15.4,18,360,HIgh
BENTLEY,CONTINENTAL GT CONVERTIBLE,SUBCOMPACT,4.0,8,AS8,Z,17.7,10.3,14.4,20,337,HIgh
BENTLEY,CONTINENTAL GT CONVERTIBLE,SUBCOMPACT,6.0,12,AS8,Z,19.6,11.7,16.0,18,375,HIgh
BENTLEY,FLYING SPUR,MID-SIZE,4.0,8,AS8,Z,17.0,9.9,13.8,20,321,HIgh
BENTLEY,FLYING SPUR,MID-SIZE,6.0,12,AS8,Z,19.6,11.7,16.0,18,375,HIgh
BENTLEY,MULSANNE,MID-SIZE,6.8,8,AS8,Z,21.3,12.8,17.5,16,407,HIgh
BENTLEY,MULSANNE EWB,MID-SIZE,6.8,8,AS8,Z,22.2,13.6,18.3,15,430,HIgh
BMW,230i CABRIOLET,SUBCOMPACT,2.0,4,AS8,Z,10.0,7.2,8.7,32,207,Normal
BMW,230i COUPE,SUBCOMPACT,2.0,4,AS8,Z,9.8,6.8,8.4,34,197,Normal
BMW,230i COUPE,SUBCOMPACT,2.0,4,M6,Z,11.1,7.3,9.4,30,219,Normal
BMW,230i xDRIVE CABRIOLET,SUBCOMPACT,2.0,4,AS8,Z,10.5,7.4,9.1,31,213,Normal
BMW,230i xDRIVE COUPE,SUBCOMPACT,2.0,4,AS8,Z,10.2,7.4,9.0,31,210,Normal
BMW,320i,COMPACT,2.0,4,AS8,Z,10.0,6.5,8.4,34,200,Normal
BMW,320i,COMPACT,2.0,4,M6,Z,10.2,6.7,8.6,33,202,Normal
BMW,320i xDRIVE,COMPACT,2.0,4,AS8,Z,10.3,6.9,8.8,32,206,Normal
BMW,328d xDRIVE,COMPACT,2.0,4,AS8,D,7.9,5.9,7.0,40,189,Normal
BMW,328d xDRIVE TOURING,STATION WAGON - SMALL,2.0,4,AS8,D,7.9,5.9,7.0,40,189,Normal
BMW,330i xDRIVE,COMPACT,2.0,4,AS8,Z,10.5,7.4,9.1,31,213,Normal
BMW,330i xDRIVE GRAN TURISMO,FULL-SIZE,2.0,4,AS8,Z,10.5,7.4,9.1,31,213,Normal
BMW,330i xDRIVE TOURING,STATION WAGON - SMALL,2.0,4,AS8,Z,10.5,7.4,9.1,31,213,Normal
BMW,340i,COMPACT,3.0,6,AS8,Z,11.1,7.8,9.6,29,224,Normal
BMW,340i,COMPACT,3.0,6,M6,Z,12.2,8.2,10.4,27,242,Normal
BMW,340i xDRIVE,COMPACT,3.0,6,AS8,Z,11.4,7.8,9.8,29,228,Normal
BMW,340i xDRIVE,COMPACT,3.0,6,M6,Z,12.2,8.5,10.5,27,246,Normal
BMW,340i xDRIVE GRAN TURISMO,FULL-SIZE,3.0,6,AS8,Z,11.9,8.1,10.2,28,238,Normal
BMW,430i xDRIVE CABRIOLET,SUBCOMPACT,2.0,4,AS8,Z,10.6,7.3,9.1,31,211,Normal
BMW,430i xDRIVE COUPE,COMPACT,2.0,4,AS8,Z,10.5,7.4,9.1,31,213,Normal
BMW,430i xDRIVE GRAN COUPE,COMPACT,2.0,4,AS8,Z,10.5,7.4,9.1,31,213,Normal
BMW,440i COUPE,COMPACT,3.0,6,AS8,Z,11.1,7.8,9.6,29,224,Normal
BMW,440i COUPE,COMPACT,3.0,6,M6,Z,12.2,8.2,10.4,27,242,Normal
BMW,440i xDRIVE CABRIOLET,SUBCOMPACT,3.0,6,AS8,Z,11.9,8.1,10.2,28,238,Normal
BMW,440i xDRIVE COUPE,COMPACT,3.0,6,AS8,Z,11.4,7.8,9.8,29,228,Normal
BMW,440i xDRIVE COUPE,COMPACT,3.0,6,M6,Z,12.2,8.5,10.5,27,246,Normal
BMW,440i xDRIVE GRAN COUPE,COMPACT,3.0,6,AS8,Z,11.4,7.8,9.8,29,228,Normal
BMW,530i xDRIVE,MID-SIZE,2.0,4,AS8,Z,10.5,7.4,9.1,31,213,Normal
BMW,540i xDRIVE,MID-SIZE,3.0,6,AS8,Z,11.4,7.8,9.8,29,228,Normal
BMW,640i xDRIVE CABRIOLET,SUBCOMPACT,3.0,6,AS8,Z,12.4,8.4,10.6,27,249,Normal
BMW,640i xDRIVE GRAN COUPE,COMPACT,3.0,6,AS8,Z,12.4,8.4,10.6,27,249,Normal
BMW,650i xDRIVE CABRIOLET,SUBCOMPACT,4.4,8,AS8,Z,14.7,9.7,12.5,23,292,HIgh
BMW,650i xDRIVE COUPE,COMPACT,4.4,8,AS8,Z,13.8,9.1,11.7,24,273,HIgh
BMW,650i xDRIVE GRAN COUPE,COMPACT,4.4,8,AS8,Z,14.7,9.7,12.5,23,292,HIgh
BMW,740Li xDRIVE,FULL-SIZE,3.0,6,AS8,Z,11.9,8.1,10.2,28,238,Normal
BMW,750i xDRIVE,FULL-SIZE,4.4,8,AS8,Z,13.8,9.1,11.7,24,273,HIgh
BMW,750Li xDRIVE,FULL-SIZE,4.4,8,AS8,Z,14.7,9.7,12.5,23,292,HIgh
BMW,ALPINA B6 xDRIVE GRAN COUPE,COMPACT,4.4,8,AS8,Z,14.7,9.7,12.5,23,292,HIgh
BMW,ALPINA B7 xDRIVE,FULL-SIZE,4.4,8,AS8,Z,14.7,9.7,12.5,23,292,HIgh
BMW,M2,SUBCOMPACT,3.0,6,AM7,Z,11.8,8.9,10.5,27,245,Normal
BMW,M2,SUBCOMPACT,3.0,6,M6,Z,13.1,9.2,11.4,25,267,HIgh
BMW,M240i CABRIOLET,SUBCOMPACT,3.0,6,AS8,Z,11.1,7.8,9.6,29,224,Normal
BMW,M240i CABRIOLET,SUBCOMPACT,3.0,6,M6,Z,12.2,8.2,10.4,27,242,Normal
BMW,M240i COUPE,SUBCOMPACT,3.0,6,AS8,Z,11.1,7.8,9.6,29,224,Normal
BMW,M240i COUPE,SUBCOMPACT,3.0,6,M6,Z,12.5,8.4,10.7,26,250,Normal
BMW,M240i xDRIVE CABRIOLET,SUBCOMPACT,3.0,6,AS8,Z,11.4,7.8,9.8,29,228,Normal
BMW,M240i xDRIVE COUPE,SUBCOMPACT,3.0,6,AS8,Z,11.4,7.8,9.8,29,228,Normal
BMW,M3,COMPACT,3.0,6,AM7,Z,14.0,9.7,12.1,23,284,HIgh
BMW,M3,COMPACT,3.0,6,M6,Z,13.7,9.1,11.7,24,273,HIgh
BMW,M4 CABRIOLET,SUBCOMPACT,3.0,6,AM7,Z,14.1,9.6,12.1,23,283,HIgh
BMW,M4 CABRIOLET,SUBCOMPACT,3.0,6,M6,Z,13.7,9.1,11.7,24,273,HIgh
BMW,M4 COUPE,COMPACT,3.0,6,AM7,Z,14.0,9.7,12.1,23,284,HIgh
BMW,M4 COUPE,COMPACT,3.0,6,M6,Z,13.7,9.1,11.7,24,273,HIgh
BMW,M6,COMPACT,4.4,8,AM7,Z,17.2,11.6,14.7,19,343,HIgh
BMW,M6,COMPACT,4.4,8,M6,Z,16.2,10.9,13.8,20,324,HIgh
BMW,M6 CABRIOLET,SUBCOMPACT,4.4,8,AM7,Z,17.2,11.6,14.7,19,343,HIgh
BMW,M6 CABRIOLET,SUBCOMPACT,4.4,8,M6,Z,16.2,10.9,13.8,20,324,HIgh
BMW,M6 GRAN COUPE,COMPACT,4.4,8,AM7,Z,17.2,11.6,14.7,19,343,HIgh
BMW,M6 GRAN COUPE,COMPACT,4.4,8,M6,Z,16.2,10.9,13.8,20,324,HIgh
BMW,M760i xDRIVE,FULL-SIZE,6.6,12,AS8,Z,17.7,11.9,15.1,19,355,HIgh
BMW,X1 xDRIVE28i,SUV - SMALL,2.0,4,AS8,Z,10.5,7.4,9.1,31,213,Normal
BMW,X3 xDRIVE28d,SUV - SMALL,2.0,4,AS8,D,8.7,7.1,8.0,35,211,Normal
BMW,X3 xDRIVE28i,SUV - SMALL,2.0,4,AS8,Z,11.1,8.5,10.0,28,233,Normal
BMW,X3 xDRIVE35i,SUV - SMALL,3.0,6,AS8,Z,12.7,9.1,11.1,25,260,HIgh
BMW,X4 M40i,SUV - SMALL,3.0,6,AS8,Z,12.7,9.1,11.1,25,260,HIgh
BMW,X4 xDRIVE28i,SUV - SMALL,2.0,4,AS8,Z,11.8,8.6,10.3,27,240,Normal
BMW,X5 M,SUV - STANDARD,4.4,8,AS8,Z,16.6,12.1,14.6,19,341,HIgh
BMW,X5 xDRIVE35d,SUV - STANDARD,3.0,6,AS8,D,10.3,8.0,9.3,30,249,Normal
BMW,X5 xDRIVE35i,SUV - STANDARD,3.0,6,AS8,Z,13.0,9.8,11.5,25,270,HIgh
BMW,X5 xDRIVE50i,SUV - STANDARD,4.4,8,AS8,Z,15.6,11.3,13.7,21,320,HIgh
BMW,X6 M,SUV - STANDARD,4.4,8,AS8,Z,16.6,12.1,14.6,19,341,HIgh
BMW,X6 xDRIVE35i,SUV - STANDARD,3.0,6,AS8,Z,13.0,9.8,11.5,25,270,HIgh
BMW,X6 xDRIVE50i,SUV - STANDARD,4.4,8,AS8,Z,15.6,11.3,13.7,21,320,HIgh
BUICK,ENCLAVE,SUV - STANDARD,3.6,6,A6,X,15.7,10.6,13.4,21,315,HIgh
BUICK,ENCLAVE AWD,SUV - STANDARD,3.6,6,A6,X,16.0,10.9,13.7,21,322,HIgh
BUICK,ENCORE (LUV Engine),SUV - SMALL,1.4,4,AS6,X,9.3,7.2,8.3,34,194,Normal
BUICK,ENCORE (LE2 Engine),SUV - SMALL,1.4,4,AS6,X,8.6,7.1,7.9,36,185,Normal
BUICK,ENCORE AWD (LUV Engine),SUV - SMALL,1.4,4,AS6,X,9.8,7.7,8.8,32,208,Normal
BUICK,ENCORE AWD (LE2 Engine),SUV - SMALL,1.4,4,AS6,X,8.9,7.6,8.3,34,196,Normal
BUICK,ENVISION AWD,SUV - SMALL,2.0,4,A6,Z,11.8,9.1,10.6,27,248,Normal
BUICK,ENVISION AWD,SUV - SMALL,2.5,4,A6,X,11.1,8.4,9.9,29,232,Normal
BUICK,LACROSSE,MID-SIZE,3.6,6,AS8,X,11.2,7.5,9.5,30,224,Normal
BUICK,LACROSSE AWD,MID-SIZE,3.6,6,AS8,X,11.6,8.1,10.0,28,235,Normal
BUICK,REGAL,MID-SIZE,2.0,4,AS6,Z,11.5,8.0,9.9,29,233,Normal
BUICK,REGAL AWD,MID-SIZE,2.0,4,AS6,Z,12.1,8.9,10.7,26,250,Normal
BUICK,VERANO,COMPACT,2.4,4,AS6,X,11.3,7.6,9.7,29,226,Normal
CADILLAC,ATS,COMPACT,2.0,4,AS8,Z,10.6,7.7,9.3,30,217,Normal
CADILLAC,ATS,COMPACT,2.0,4,M6,Z,11.8,8.0,10.1,28,236,Normal
CADILLAC,ATS,COMPACT,2.5,4,AS8,X,10.7,7.4,9.2,31,216,Normal
CADILLAC,ATS,COMPACT,3.6,6,AS8,X,11.6,8.0,10.0,28,234,Normal
CADILLAC,ATS AWD,COMPACT,2.0,4,AS8,Z,10.8,7.9,9.5,30,222,Normal
CADILLAC,ATS AWD,COMPACT,3.6,6,AS8,X,12.2,8.6,10.6,27,248,Normal
CADILLAC,ATS-V,COMPACT,3.6,6,AS8,Z,13.9,9.4,11.9,24,279,HIgh
CADILLAC,ATS-V,COMPACT,3.6,6,M6,Z,14.4,10.4,12.6,22,295,HIgh
CADILLAC,CT6,FULL-SIZE,2.0,4,AS8,Z,11.0,7.8,9.5,30,223,Normal
CADILLAC,CT6 AWD,FULL-SIZE,3.0,6,AS8,Z,13.0,9.1,11.2,25,263,HIgh
CADILLAC,CT6 AWD,FULL-SIZE,3.6,6,AS8,X,12.8,8.8,11.0,26,259,HIgh
CADILLAC,CTS,MID-SIZE,2.0,4,AS8,Z,11.0,7.8,9.5,30,223,Normal
CADILLAC,CTS,MID-SIZE,3.6,6,AS8,X,11.6,8.0,10.0,28,234,Normal
CADILLAC,CTS AWD,MID-SIZE,2.0,4,AS8,Z,11.2,8.2,9.8,29,229,Normal
CADILLAC,CTS AWD,MID-SIZE,3.6,6,AS8,X,12.2,8.6,10.6,27,248,Normal
CADILLAC,CTS Vsport,MID-SIZE,3.6,6,AS8,Z,15.0,9.9,12.7,22,299,HIgh
CADILLAC,CTS-V,MID-SIZE,6.2,8,AS8,Z,16.5,11.1,14.0,20,329,HIgh
CADILLAC,ESCALADE 4WD,SUV - STANDARD,6.2,8,A8,Z,16.1,11.7,14.1,20,331,HIgh
CADILLAC,XT5,SUV - SMALL,3.6,6,AS8,X,12.1,8.6,10.5,27,245,Normal
CADILLAC,XT5 AWD,SUV - SMALL,3.6,6,AS8,X,12.9,8.9,11.1,25,260,HIgh
CADILLAC,XTS,FULL-SIZE,3.6,6,AS6,X,13.2,8.5,11.1,25,260,HIgh
CADILLAC,XTS AWD,FULL-SIZE,3.6,6,AS6,X,13.7,9.0,11.6,24,272,HIgh
CADILLAC,XTS Vsport AWD,FULL-SIZE,3.6,6,AS6,Z,15.0,10.3,12.8,22,299,HIgh
CHEVROLET,CAMARO,SUBCOMPACT,2.0,4,AS8,Z,10.9,7.7,9.5,30,222,Normal
CHEVROLET,CAMARO,SUBCOMPACT,2.0,4,M6,Z,11.9,8.0,10.1,28,236,Normal
CHEVROLET,CAMARO,SUBCOMPACT,3.6,6,AS8,X,12.3,8.6,10.6,27,249,Normal
CHEVROLET,CAMARO,SUBCOMPACT,3.6,6,M6,X,14.4,8.4,11.7,24,274,HIgh
CHEVROLET,CAMARO SS,SUBCOMPACT,6.2,8,AS8,Z,14.2,8.7,11.7,24,273,HIgh
CHEVROLET,CAMARO SS,SUBCOMPACT,6.2,8,M6,Z,14.3,9.4,12.1,23,284,HIgh
CHEVROLET,CAMARO ZL1,SUBCOMPACT,6.2,8,AS10,Z,19.0,11.6,15.6,18,367,HIgh
CHEVROLET,CAMARO ZL1,SUBCOMPACT,6.2,8,M6,Z,17.2,12.0,14.9,19,349,HIgh
CHEVROLET,CITY EXPRESS,SPECIAL PURPOSE VEHICLE,2.0,4,AV,X,9.8,9.0,9.4,30,220,Normal
CHEVROLET,COLORADO,PICKUP TRUCK - SMALL,2.5,4,A6,X,12.0,9.2,10.7,26,252,HIgh
CHEVROLET,COLORADO,PICKUP TRUCK - SMALL,2.5,4,M6,X,12.2,9.2,10.9,26,254,HIgh
CHEVROLET,COLORADO,PICKUP TRUCK - SMALL,2.8,4,A6,D,10.8,7.9,9.5,30,255,HIgh
CHEVROLET,COLORADO,PICKUP TRUCK - SMALL,3.6,6,A8,X,13.4,9.6,11.7,24,274,HIgh
CHEVROLET,COLORADO 4WD,PICKUP TRUCK - SMALL,2.5,4,A6,X,12.7,9.6,11.3,25,263,HIgh
CHEVROLET,COLORADO 4WD,PICKUP TRUCK - SMALL,2.8,4,A6,D,12.1,8.4,10.4,27,280,HIgh
CHEVROLET,COLORADO 4WD,PICKUP TRUCK - SMALL,3.6,6,A8,X,14.0,9.9,12.2,23,286,HIgh
CHEVROLET,COLORADO ZR2 4WD,PICKUP TRUCK - SMALL,2.8,4,A6,D,12.5,10.7,11.7,24,315,HIgh
CHEVROLET,COLORADO ZR2 4WD,PICKUP TRUCK - SMALL,3.6,6,A8,X,15.0,13.0,14.1,20,331,HIgh
CHEVROLET,CORVETTE,TWO-SEATER,6.2,8,AS8,Z,15.2,8.9,12.4,23,290,HIgh
CHEVROLET,CORVETTE,TWO-SEATER,6.2,8,M7,Z,14.2,9.0,11.9,24,278,HIgh
CHEVROLET,CORVETTE Z06,TWO-SEATER,6.2,8,AS8,Z,17.6,10.3,14.3,20,336,HIgh
CHEVROLET,CORVETTE Z06,TWO-SEATER,6.2,8,M7,Z,15.6,10.6,13.4,21,312,HIgh
CHEVROLET,CRUZE,COMPACT,1.4,4,AS6,X,7.9,5.9,7.0,40,165,Normal
CHEVROLET,CRUZE,COMPACT,1.4,4,M6,X,8.3,6.0,7.3,39,170,Normal
CHEVROLET,CRUZE PREMIER,COMPACT,1.4,4,AS6,X,8.1,6.0,7.2,39,169,Normal
CHEVROLET,CRUZE DIESEL,COMPACT,1.6,4,A9,D,7.6,5.0,6.4,44,172,Normal
CHEVROLET,CRUZE DIESEL,COMPACT,1.6,4,M6,D,7.7,4.5,6.3,45,169,Normal
CHEVROLET,CRUZE HATCHBACK,COMPACT,1.4,4,AS6,X,8.1,6.2,7.3,39,172,Normal
CHEVROLET,CRUZE HATCHBACK,COMPACT,1.4,4,M6,X,8.3,6.4,7.4,38,173,Normal
CHEVROLET,CRUZE HATCHBACK PREMIER,COMPACT,1.4,4,AS6,X,8.4,6.4,7.5,38,176,Normal
CHEVROLET,EQUINOX,SUV - SMALL,2.4,4,A6,X,11.0,7.5,9.4,30,221,Normal
CHEVROLET,EQUINOX FFV,SUV - SMALL,2.4,4,A6,X,11.0,7.5,9.4,30,221,Normal
CHEVROLET,EQUINOX FFV,SUV - SMALL,2.4,4,A6,E,15.6,11.0,13.6,21,223,Normal
CHEVROLET,EQUINOX,SUV - SMALL,3.6,6,A6,X,14.1,9.7,12.1,23,285,HIgh
CHEVROLET,EQUINOX AWD,SUV - SMALL,2.4,4,A6,X,11.5,8.3,10.1,28,237,Normal
CHEVROLET,EQUINOX AWD FFV,SUV - SMALL,2.4,4,A6,X,11.5,8.3,10.1,28,237,Normal
CHEVROLET,EQUINOX AWD FFV,SUV - SMALL,2.4,4,A6,E,16.3,11.8,14.2,20,234,Normal
CHEVROLET,EQUINOX AWD,SUV - SMALL,3.6,6,A6,X,15.0,10.4,13.0,22,304,HIgh
CHEVROLET,EXPRESS 2500 PASSENGER,VAN - PASSENGER,6.0,8,A6,X,21.8,14.8,18.6,15,438,HIgh
CHEVROLET,EXPRESS 3500 PASSENGER,VAN - PASSENGER,6.0,8,A6,X,22.3,14.9,19.0,15,445,HIgh
CHEVROLET,IMPALA,FULL-SIZE,2.5,4,AS6,X,10.9,7.9,9.5,30,224,Normal
CHEVROLET,IMPALA FFV,FULL-SIZE,3.6,6,AS6,X,12.5,8.3,10.6,27,249,Normal
CHEVROLET,IMPALA FFV,FULL-SIZE,3.6,6,AS6,E,17.0,11.7,14.6,19,240,Normal
CHEVROLET,MALIBU,MID-SIZE,1.5,4,A6,X,8.8,6.5,7.8,36,182,Normal
CHEVROLET,MALIBU,MID-SIZE,2.0,4,A9,Z,10.7,7.1,9.1,31,212,Normal
CHEVROLET,MALIBU HYBRID,MID-SIZE,1.8,4,AV,X,4.8,5.5,5.1,55,121,Normal
CHEVROLET,SILVERADO,PICKUP TRUCK - STANDARD,5.3,8,A6,X,14.6,10.3,12.7,22,297,HIgh
CHEVROLET,SILVERADO,PICKUP TRUCK - STANDARD,5.3,8,A8,X,15.2,10.7,13.1,22,309,HIgh
CHEVROLET,SILVERADO,PICKUP TRUCK - STANDARD,6.2,8,A8,Z,15.9,11.2,13.8,20,324,HIgh
CHEVROLET,SILVERADO FFV,PICKUP TRUCK - STANDARD,4.3,6,A6,X,13.4,10.0,11.9,24,279,HIgh
CHEVROLET,SILVERADO FFV,PICKUP TRUCK - STANDARD,4.3,6,A6,E,19.3,14.3,17.1,17,284,HIgh
CHEVROLET,SILVERADO FFV,PICKUP TRUCK - STANDARD,5.3,8,A6,X,14.6,10.3,12.7,22,298,HIgh
CHEVROLET,SILVERADO FFV,PICKUP TRUCK - STANDARD,5.3,8,A6,E,19.7,13.9,17.1,17,284,HIgh
CHEVROLET,SILVERADO 4WD,PICKUP TRUCK - STANDARD,5.3,8,A6,X,15.0,10.7,13.1,22,307,HIgh
CHEVROLET,SILVERADO 4WD,PICKUP TRUCK - STANDARD,5.3,8,A8,X,15.9,11.5,13.9,20,327,HIgh
CHEVROLET,SILVERADO 4WD,PICKUP TRUCK - STANDARD,6.2,8,A8,Z,16.0,11.7,14.1,20,330,HIgh
CHEVROLET,SILVERADO 4WD FFV,PICKUP TRUCK - STANDARD,4.3,6,A6,X,14.1,10.6,12.5,23,294,HIgh
CHEVROLET,SILVERADO 4WD FFV,PICKUP TRUCK - STANDARD,4.3,6,A6,E,20.2,15.2,18.0,16,294,HIgh
CHEVROLET,SILVERADO 4WD FFV,PICKUP TRUCK - STANDARD,5.3,8,A6,X,15.0,10.7,13.1,22,307,HIgh
CHEVROLET,SILVERADO 4WD FFV,PICKUP TRUCK - STANDARD,5.3,8,A6,E,20.7,14.4,17.9,16,315,HIgh
CHEVROLET,SILVERADO eASSIST 4WD,PICKUP TRUCK - STANDARD,5.3,8,A8,X,14.4,11.2,13.0,22,303,HIgh
CHEVROLET,SONIC,COMPACT,1.4,4,AS6,X,8.8,6.6,7.8,36,184,Normal
CHEVROLET,SONIC,COMPACT,1.4,4,M6,X,8.4,6.3,7.4,38,174,Normal
CHEVROLET,SONIC,COMPACT,1.8,4,AS6,X,9.7,6.9,8.4,34,197,Normal
CHEVROLET,SONIC,COMPACT,1.8,4,M5,X,9.2,7.1,8.3,34,194,Normal
CHEVROLET,SONIC 5,STATION WAGON - SMALL,1.4,4,AS6,X,8.8,6.6,7.8,36,184,Normal
CHEVROLET,SONIC 5,STATION WAGON - SMALL,1.4,4,M6,X,8.4,6.3,7.4,38,174,Normal
CHEVROLET,SONIC 5,STATION WAGON - SMALL,1.8,4,AS6,X,9.7,6.9,8.4,34,197,Normal
CHEVROLET,SONIC 5,STATION WAGON - SMALL,1.8,4,M5,X,9.2,7.1,8.3,34,194,Normal
CHEVROLET,SPARK,SUBCOMPACT,1.4,4,AV,X,7.8,6.2,7.1,40,167,Normal
CHEVROLET,SPARK,SUBCOMPACT,1.4,4,M5,X,8.0,6.2,7.2,39,168,Normal
CHEVROLET,SUBURBAN,SUV - STANDARD,5.3,8,A6,X,15.1,10.4,13.0,22,305,HIgh
CHEVROLET,SUBURBAN FFV,SUV - STANDARD,5.3,8,A6,X,15.1,10.4,13.0,22,305,HIgh
CHEVROLET,SUBURBAN FFV,SUV - STANDARD,5.3,8,A6,E,20.0,13.5,17.1,17,284,HIgh
CHEVROLET,SUBURBAN 4WD,SUV - STANDARD,5.3,8,A6,X,15.4,10.8,13.3,21,312,HIgh
CHEVROLET,SUBURBAN 4WD FFV,SUV - STANDARD,5.3,8,A6,X,15.4,10.8,13.3,21,312,HIgh
CHEVROLET,SUBURBAN 4WD FFV,SUV - STANDARD,5.3,8,A6,E,22.1,15.4,19.1,15,317,HIgh
CHEVROLET,TAHOE,SUV - STANDARD,5.3,8,A6,X,15.1,10.4,13.0,22,305,HIgh
CHEVROLET,TAHOE FFV,SUV - STANDARD,5.3,8,A6,X,15.1,10.4,13.0,22,305,HIgh
CHEVROLET,TAHOE FFV,SUV - STANDARD,5.3,8,A6,E,20.0,13.5,17.1,17,284,HIgh
CHEVROLET,TAHOE 4WD,SUV - STANDARD,5.3,8,A6,X,15.2,10.8,13.2,21,310,HIgh
CHEVROLET,TAHOE 4WD FFV,SUV - STANDARD,5.3,8,A6,X,15.2,10.8,13.2,21,310,HIgh
CHEVROLET,TAHOE 4WD FFV,SUV - STANDARD,5.3,8,A6,E,20.8,14.5,18.0,16,299,HIgh
CHEVROLET,TRAVERSE,SUV - STANDARD,3.6,6,A6,X,15.7,10.6,13.4,21,315,HIgh
CHEVROLET,TRAVERSE AWD,SUV - STANDARD,3.6,6,A6,X,16.0,10.9,13.7,21,322,HIgh
CHEVROLET,TRAX,SUV - SMALL,1.4,4,AS6,X,9.3,7.2,8.3,34,194,Normal
CHEVROLET,TRAX,SUV - SMALL,1.4,4,M6,X,9.2,7.1,8.2,34,194,Normal
CHEVROLET,TRAX AWD,SUV - SMALL,1.4,4,AS6,X,9.8,7.7,8.8,32,208,Normal
CHRYSLER,200 FFV,MID-SIZE,2.4,4,A9,X,10.2,6.6,8.6,33,201,Normal
CHRYSLER,200 FFV,MID-SIZE,2.4,4,A9,E,13.9,8.9,11.7,24,192,Normal
CHRYSLER,200 FFV,MID-SIZE,3.6,6,A9,X,12.4,7.6,10.2,28,241,Normal
CHRYSLER,200 FFV,MID-SIZE,3.6,6,A9,E,16.8,10.4,13.9,20,230,Normal
CHRYSLER,200 AWD FFV,MID-SIZE,3.6,6,A9,X,12.8,8.3,10.8,26,252,HIgh
CHRYSLER,200 AWD FFV,MID-SIZE,3.6,6,A9,E,17.1,11.1,14.4,20,237,Normal
CHRYSLER,300,FULL-SIZE,3.6,6,A8,X,12.4,7.8,10.3,27,242,Normal
CHRYSLER,300 (MDS),FULL-SIZE,5.7,8,A8,X,14.7,9.4,12.3,23,289,HIgh
CHRYSLER,300 AWD,FULL-SIZE,3.6,6,A8,X,12.8,8.7,11.0,26,258,HIgh
CHRYSLER,300 AWD FFV,FULL-SIZE,3.6,6,A8,X,12.8,8.7,11.0,26,258,HIgh
CHRYSLER,300 AWD FFV,FULL-SIZE,3.6,6,A8,E,17.6,12.0,15.0,19,248,Normal
CHRYSLER,PACIFICA,MINIVAN,3.6,6,A9,X,12.9,8.4,10.9,26,257,HIgh
CHRYSLER,PACIFICA (Stop-Start),MINIVAN,3.6,6,A9,X,12.4,8.4,10.6,27,249,Normal
DODGE,CHALLENGER,MID-SIZE,3.6,6,A8,X,12.4,7.8,10.3,27,242,Normal
DODGE,CHALLENGER,MID-SIZE,5.7,8,M6,Z,15.6,10.1,13.1,22,307,HIgh
DODGE,CHALLENGER,MID-SIZE,6.4,8,M6,Z,16.7,10.4,13.9,20,325,HIgh
DODGE,CHALLENGER (MDS),MID-SIZE,5.7,8,A8,X,14.7,9.4,12.3,23,289,HIgh
DODGE,CHALLENGER (MDS),MID-SIZE,6.4,8,A8,Z,15.6,9.6,12.9,22,302,HIgh
DODGE,CHALLENGER GT,MID-SIZE,3.6,6,A8,X,12.8,8.7,11.0,26,258,HIgh
DODGE,CHALLENGER SRT,MID-SIZE,6.4,8,M6,Z,16.7,10.4,13.9,20,325,HIgh
DODGE,CHALLENGER SRT (MDS),MID-SIZE,6.4,8,A8,Z,15.6,9.6,12.9,22,302,HIgh
DODGE,CHALLENGER SRT HELLCAT,MID-SIZE,6.2,8,A8,Z,17.6,10.7,14.5,19,339,HIgh
DODGE,CHALLENGER SRT HELLCAT,MID-SIZE,6.2,8,M6,Z,18.1,11.4,15.1,19,352,HIgh
DODGE,CHARGER,FULL-SIZE,3.6,6,A5,X,13.7,9.0,11.6,24,271,HIgh
DODGE,CHARGER,FULL-SIZE,3.6,6,A8,X,12.4,7.8,10.3,27,242,Normal
DODGE,CHARGER (MDS),FULL-SIZE,5.7,8,A5,X,15.6,9.7,12.9,22,302,HIgh
DODGE,CHARGER (MDS),FULL-SIZE,5.7,8,A8,X,14.7,9.4,12.3,23,289,HIgh
DODGE,CHARGER (MDS),FULL-SIZE,6.4,8,A8,Z,15.6,9.6,12.9,22,302,HIgh
DODGE,CHARGER AWD,FULL-SIZE,3.6,6,A8,X,12.8,8.7,11.0,26,258,HIgh
DODGE,CHARGER AWD FFV,FULL-SIZE,3.6,6,A8,X,12.8,8.7,11.0,26,258,HIgh
DODGE,CHARGER AWD FFV,FULL-SIZE,3.6,6,A8,E,17.6,12.0,15.0,19,248,Normal
DODGE,CHARGER AWD,FULL-SIZE,5.7,8,A5,X,16.0,10.1,13.3,21,312,HIgh
DODGE,CHARGER SRT (MDS),FULL-SIZE,6.4,8,A8,Z,15.6,9.6,12.9,22,302,HIgh
DODGE,CHARGER SRT HELLCAT,FULL-SIZE,6.2,8,A8,Z,17.6,10.7,14.5,19,339,HIgh
DODGE,DURANGO AWD,SUV - STANDARD,3.6,6,A8,X,12.7,9.6,11.3,25,265,HIgh
DODGE,DURANGO AWD,SUV - STANDARD,5.7,8,A8,X,16.6,10.7,14.0,20,328,HIgh
DODGE,GRAND CARAVAN FFV,MINIVAN,3.6,6,A6,X,13.7,9.4,11.8,24,276,HIgh
DODGE,GRAND CARAVAN FFV,MINIVAN,3.6,6,A6,E,19.4,13.3,16.7,17,274,HIgh
DODGE,JOURNEY,SUV - SMALL,2.4,4,A4,X,12.7,9.2,11.1,25,261,HIgh
DODGE,JOURNEY FFV,SUV - SMALL,3.6,6,A6,X,14.2,9.5,12.1,23,284,HIgh
DODGE,JOURNEY FFV,SUV - SMALL,3.6,6,A6,E,19.1,13.2,16.4,17,274,HIgh
DODGE,JOURNEY AWD,SUV - SMALL,3.6,6,A6,X,14.5,10.0,12.4,23,292,HIgh
DODGE,VIPER,TWO-SEATER,8.4,10,M6,Z,19.9,12.6,16.6,17,387,HIgh
FIAT,124 SPIDER,TWO-SEATER,1.4,4,A6,X,9.3,6.5,8.0,35,187,Normal
FIAT,124 SPIDER,TWO-SEATER,1.4,4,M6,X,9.0,6.7,7.9,36,185,Normal
FIAT,500 CABRIO,MINICOMPACT,1.4,4,A6,X,8.7,7.1,8.0,35,186,Normal
FIAT,500 CABRIO,MINICOMPACT,1.4,4,M5,X,8.0,6.5,7.3,39,171,Normal
FIAT,500 HATCHBACK,MINICOMPACT,1.4,4,A6,X,8.7,7.1,8.0,35,186,Normal
FIAT,500 HATCHBACK,MINICOMPACT,1.4,4,M5,X,7.7,6.1,7.0,40,163,Normal
FIAT,500 ABARTH CABRIO,MINICOMPACT,1.4,4,A6,X,9.7,7.4,8.7,32,202,Normal
FIAT,500 ABARTH CABRIO,MINICOMPACT,1.4,4,M5,X,8.5,7.1,7.9,36,186,Normal
FIAT,500 ABARTH HATCHBACK,MINICOMPACT,1.4,4,A6,X,9.7,7.4,8.7,32,202,Normal
FIAT,500 ABARTH HATCHBACK,MINICOMPACT,1.4,4,M5,X,8.5,7.1,7.9,36,186,Normal
FIAT,500L,STATION WAGON - SMALL,1.4,4,A6,X,10.7,7.9,9.4,30,221,Normal
FIAT,500X,SUV - SMALL,1.4,4,M6,X,9.5,7.1,8.4,34,197,Normal
FIAT,500X,SUV - SMALL,2.4,4,A9,X,10.7,7.7,9.3,30,219,Normal
FIAT,500X AWD,SUV - SMALL,2.4,4,A9,X,11.0,8.0,9.7,29,226,Normal
FORD,C-MAX HYBRID,FULL-SIZE,2.0,4,AV,X,5.7,6.2,5.9,48,138,Normal
FORD,EDGE,SUV - SMALL,2.0,4,AS6,X,11.5,8.0,9.9,29,233,Normal
FORD,EDGE (Start/Stop),SUV - SMALL,2.0,4,AS6,X,11.3,8.0,9.8,29,230,Normal
FORD,EDGE,SUV - SMALL,3.5,6,AS6,X,13.5,9.1,11.5,25,270,HIgh
FORD,EDGE AWD,SUV - SMALL,2.0,4,AS6,X,11.9,8.6,10.4,27,244,Normal
FORD,EDGE AWD,SUV - SMALL,2.7,6,AS6,X,13.8,9.8,12.0,24,281,HIgh
FORD,EDGE AWD,SUV - SMALL,3.5,6,AS6,X,13.9,10.0,12.1,23,284,HIgh
FORD,ESCAPE,SUV - SMALL,1.5,4,AS6,X,10.2,7.8,9.1,31,214,Normal
FORD,ESCAPE,SUV - SMALL,2.0,4,AS6,X,10.6,8.0,9.5,30,222,Normal
FORD,ESCAPE FFV,SUV - SMALL,2.5,4,AS6,X,11.1,8.1,9.7,29,229,Normal
FORD,ESCAPE FFV,SUV - SMALL,2.5,4,AS6,E,15.2,10.8,13.3,21,219,Normal
FORD,ESCAPE AWD,SUV - SMALL,1.5,4,AS6,X,10.7,8.3,9.6,29,226,Normal
FORD,ESCAPE AWD,SUV - SMALL,2.0,4,AS6,X,11.5,8.7,10.2,28,239,Normal
FORD,EXPEDITION 4X4,SUV - STANDARD,3.5,6,AS6,X,15.9,12.0,14.2,20,333,HIgh
FORD,EXPEDITION EL 4X4,SUV - STANDARD,3.5,6,AS6,X,16.1,12.2,14.3,20,337,HIgh
FORD,EXPLORER,SUV - STANDARD,2.3,4,AS6,X,12.6,8.6,10.8,26,254,HIgh
FORD,EXPLORER FFV,SUV - STANDARD,3.5,6,AS6,X,13.9,9.7,12.0,24,281,HIgh
FORD,EXPLORER FFV,SUV - STANDARD,3.5,6,AS6,E,18.7,12.9,16.1,18,264,HIgh
FORD,EXPLORER AWD,SUV - STANDARD,2.3,4,AS6,X,13.1,9.2,11.3,25,266,HIgh
FORD,EXPLORER AWD,SUV - STANDARD,3.5,6,AS6,X,14.8,10.7,13.0,22,305,HIgh
FORD,EXPLORER FFV AWD,SUV - STANDARD,3.5,6,AS6,X,14.4,10.5,12.6,22,296,HIgh
FORD,EXPLORER FFV AWD,SUV - STANDARD,3.5,6,AS6,E,19.6,14.2,17.2,16,284,HIgh
FORD,F-150,PICKUP TRUCK - STANDARD,2.7,6,AS6,X,12.2,9.3,10.9,26,256,HIgh
FORD,F-150 (LT Tire Pkg),PICKUP TRUCK - STANDARD,2.7,6,AS6,X,12.4,9.8,11.2,25,263,HIgh
FORD,F-150 (Payload Pkg),PICKUP TRUCK - STANDARD,2.7,6,AS6,X,13.1,9.8,11.6,24,272,HIgh
FORD,F-150,PICKUP TRUCK - STANDARD,3.5,6,AS10,X,12.7,9.5,11.3,25,264,HIgh
FORD,F-150 (LT Tire Pkg),PICKUP TRUCK - STANDARD,3.5,6,AS10,X,13.0,10.2,11.7,24,274,HIgh
FORD,F-150 (Payload Pkg),PICKUP TRUCK - STANDARD,3.5,6,AS10,X,13.8,10.7,12.4,23,290,HIgh
FORD,F-150 FFV,PICKUP TRUCK - STANDARD,3.5,6,A6,X,13.2,9.7,11.6,24,272,HIgh
FORD,F-150 FFV,PICKUP TRUCK - STANDARD,3.5,6,A6,E,17.9,13.2,15.8,18,258,HIgh
FORD,F-150 FFV,PICKUP TRUCK - STANDARD,5.0,8,AS6,X,15.4,10.6,13.2,21,310,HIgh
FORD,F-150 FFV,PICKUP TRUCK - STANDARD,5.0,8,AS6,E,20.5,14.3,17.7,16,291,HIgh
FORD,F-150 FFV (Payload Pkg),PICKUP TRUCK - STANDARD,5.0,8,AS6,X,16.8,11.8,14.5,19,340,HIgh
FORD,F-150 FFV (Payload Pkg),PICKUP TRUCK - STANDARD,5.0,8,AS6,E,20.5,14.3,17.7,16,291,HIgh
FORD,F-150 4X4,PICKUP TRUCK - STANDARD,2.7,6,AS6,X,13.1,10.2,11.8,24,276,HIgh
FORD,F-150 4X4 (LT Tire Pkg),PICKUP TRUCK - STANDARD,2.7,6,AS6,X,13.5,11.2,12.5,23,293,HIgh
FORD,F-150 4X4 (Payload Pkg),PICKUP TRUCK - STANDARD,2.7,6,AS6,X,13.3,10.7,12.3,23,288,HIgh
FORD,F-150 4X4,PICKUP TRUCK - STANDARD,3.5,6,AS10,X,13.6,10.3,12.1,23,284,HIgh
FORD,F-150 4X4 (LT Tire Pkg),PICKUP TRUCK - STANDARD,3.5,6,AS10,X,13.6,10.7,12.3,23,288,HIgh
FORD,F-150 4X4 (Payload Pkg),PICKUP TRUCK - STANDARD,3.5,6,AS10,X,14.0,11.0,12.7,22,298,HIgh
FORD,F-150 FFV 4X4,PICKUP TRUCK - STANDARD,3.5,6,A6,X,14.0,10.6,12.5,23,293,HIgh
FORD,F-150 FFV 4X4,PICKUP TRUCK - STANDARD,3.5,6,A6,E,19.0,14.3,16.9,17,281,HIgh
FORD,F-150 FFV 4X4,PICKUP TRUCK - STANDARD,5.0,8,AS6,X,15.9,11.3,13.8,20,323,HIgh
FORD,F-150 FFV 4X4,PICKUP TRUCK - STANDARD,5.0,8,AS6,E,21.5,15.1,18.6,15,305,HIgh
FORD,F-150 FFV 4X4 (LT Tire Pkg),PICKUP TRUCK - STANDARD,5.0,8,AS6,X,16.0,11.8,14.1,20,330,HIgh
FORD,F-150 FFV 4X4 (LT Tire Pkg),PICKUP TRUCK - STANDARD,5.0,8,AS6,E,21.5,15.1,18.6,15,306,HIgh
FORD,F-150 FFV 4X4 (Payload Pkg),PICKUP TRUCK - STANDARD,5.0,8,AS6,X,16.8,12.4,14.8,19,347,HIgh
FORD,F-150 FFV 4X4 (Payload Pkg),PICKUP TRUCK - STANDARD,5.0,8,AS6,E,22.2,16.5,19.6,14,326,HIgh
FORD,F-150 RAPTOR 4X4,PICKUP TRUCK - STANDARD,3.5,6,AS10,X,15.6,13.2,14.5,19,339,HIgh
FORD,FIESTA,SUBCOMPACT,1.6,4,AS6,X,8.6,6.4,7.6,37,178,Normal
FORD,FIESTA,SUBCOMPACT,1.6,4,M5,X,8.6,6.7,7.8,36,182,Normal
FORD,FIESTA SFE,SUBCOMPACT,1.0,3,M5,X,7.6,5.7,6.8,42,158,Normal
FORD,FIESTA ST,COMPACT,1.6,4,M6,X,9.0,7.1,8.2,34,192,Normal
FORD,FLEX,SUV - STANDARD,3.5,6,AS6,X,14.7,10.2,12.7,22,298,HIgh
FORD,FLEX AWD,SUV - STANDARD,3.5,6,AS6,X,14.7,10.7,12.9,22,303,HIgh
FORD,FLEX AWD GTDI,SUV - STANDARD,3.5,6,AS6,X,15.7,11.2,13.7,21,321,HIgh
FORD,FOCUS (Start/Stop),COMPACT,1.0,3,AS6,X,8.5,6.2,7.5,38,176,Normal
FORD,FOCUS (Start/Stop),COMPACT,1.0,3,M6,X,7.9,5.9,7.0,40,164,Normal
FORD,FOCUS FFV,COMPACT,2.0,4,AM6,X,9.1,6.4,7.9,36,185,Normal
FORD,FOCUS FFV,COMPACT,2.0,4,AM6,E,12.2,8.8,10.6,27,177,Normal
FORD,FOCUS FFV,COMPACT,2.0,4,AS6,X,9.2,6.6,8.0,35,189,Normal
FORD,FOCUS FFV,COMPACT,2.0,4,AS6,E,12.4,9.1,10.9,26,182,Normal
FORD,FOCUS FFV,COMPACT,2.0,4,M5,X,9.5,7.0,8.3,34,195,Normal
FORD,FOCUS FFV,COMPACT,2.0,4,M5,E,12.9,9.5,11.4,25,188,Normal
FORD,FOCUS RS AWD,MID-SIZE,2.3,4,M6,Z,12.2,9.4,10.9,26,256,HIgh
FORD,FOCUS ST,MID-SIZE,2.0,4,M6,X,10.5,7.8,9.3,30,219,Normal
FORD,FUSION,MID-SIZE,1.5,4,AS6,X,10.0,7.0,8.7,32,204,Normal
FORD,FUSION,MID-SIZE,2.0,4,AS6,X,11.2,7.6,9.6,29,225,Normal
FORD,FUSION,MID-SIZE,2.5,4,A6,X,11.3,7.5,9.6,29,224,Normal
FORD,FUSION AWD,MID-SIZE,2.0,4,AS6,X,11.8,8.1,10.1,28,238,Normal
FORD,FUSION AWD,MID-SIZE,2.7,6,AS6,X,13.5,9.0,11.5,25,270,HIgh
FORD,FUSION HYBRID,MID-SIZE,2.0,4,AV,X,5.5,5.7,5.6,50,131,Normal
FORD,GT,TWO-SEATER,3.5,6,AM7,Z,20.6,13.2,17.3,16,406,HIgh
FORD,MUSTANG,SUBCOMPACT,2.3,4,AS6,X,11.0,7.9,9.6,29,226,Normal
FORD,MUSTANG (Performance Pkg),SUBCOMPACT,2.3,4,AS6,X,11.8,8.3,10.2,28,239,Normal
FORD,MUSTANG,SUBCOMPACT,2.3,4,M6,X,11.2,7.8,9.8,29,230,Normal
FORD,MUSTANG (Performance Pkg),SUBCOMPACT,2.3,4,M6,X,11.2,8.4,9.8,29,230,Normal
FORD,MUSTANG,SUBCOMPACT,3.7,6,AS6,X,12.8,8.9,11.1,25,259,HIgh
FORD,MUSTANG,SUBCOMPACT,3.7,6,M6,X,13.8,8.8,11.5,25,271,HIgh
FORD,MUSTANG,SUBCOMPACT,5.0,8,AS6,X,15.6,9.6,12.9,22,303,HIgh
FORD,MUSTANG,SUBCOMPACT,5.0,8,M6,X,15.8,9.8,13.1,22,307,HIgh
FORD,MUSTANG (Performance Pkg),SUBCOMPACT,5.0,8,M6,X,16.7,10.2,13.8,20,324,HIgh
FORD,MUSTANG CONVERTIBLE,SUBCOMPACT,2.3,4,AS6,X,11.8,8.3,10.2,28,239,Normal
FORD,MUSTANG CONVERTIBLE,SUBCOMPACT,2.3,4,M6,X,11.2,8.7,10.1,28,237,Normal
FORD,MUSTANG CONVERTIBLE,SUBCOMPACT,5.0,8,AS6,X,15.5,10.3,13.2,21,309,HIgh
FORD,MUSTANG CONVERTIBLE,SUBCOMPACT,5.0,8,M6,X,16.7,10.2,13.8,20,324,HIgh
FORD,SHELBY GT350 MUSTANG,SUBCOMPACT,5.2,8,M6,Z,17.2,11.3,14.6,19,341,HIgh
FORD,T-150 WAGON,VAN - PASSENGER,3.5,6,AS6,X,16.2,12.8,14.6,19,344,HIgh
FORD,T-150 WAGON FFV,VAN - PASSENGER,3.7,6,AS6,X,16.7,13.0,15.1,19,354,HIgh
FORD,T-150 WAGON FFV,VAN - PASSENGER,3.7,6,AS6,E,23.0,18.5,20.9,14,343,HIgh
FORD,TAURUS,FULL-SIZE,2.0,4,AS6,X,11.8,8.1,10.1,28,238,Normal
FORD,TAURUS FFV,FULL-SIZE,3.5,6,AS6,X,13.1,8.7,11.1,25,260,HIgh
FORD,TAURUS FFV,FULL-SIZE,3.5,6,AS6,E,17.6,11.7,15.0,19,249,Normal
FORD,TAURUS AWD,FULL-SIZE,3.5,6,AS6,X,14.7,9.8,12.5,23,293,HIgh
FORD,TAURUS FFV AWD,FULL-SIZE,3.5,6,AS6,X,13.6,9.9,12.4,23,291,HIgh
FORD,TAURUS FFV AWD,FULL-SIZE,3.5,6,AS6,E,18.7,13.4,16.3,17,271,HIgh
FORD,TRANSIT CONNECT VAN FFV,SPECIAL PURPOSE VEHICLE,2.5,4,AS6,X,11.9,8.7,10.4,27,244,Normal
FORD,TRANSIT CONNECT VAN FFV,SPECIAL PURPOSE VEHICLE,2.5,4,AS6,E,16.1,11.9,14.2,20,234,Normal
FORD,TRANSIT CONNECT WAGON LWB FFV,SPECIAL PURPOSE VEHICLE,2.5,4,AS6,X,12.4,8.8,10.8,26,253,HIgh
FORD,TRANSIT CONNECT WAGON LWB FFV,SPECIAL PURPOSE VEHICLE,2.5,4,AS6,E,16.8,12.1,14.7,19,242,Normal
GENESIS,G80 AWD,FULL-SIZE,3.8,6,AS8,X,14.3,9.5,12.1,23,286,HIgh
GENESIS,G80 AWD,FULL-SIZE,5.0,8,AS8,Z,17.2,10.5,14.2,20,332,HIgh
GENESIS,G90 AWD,FULL-SIZE,3.3,6,AS8,Z,13.7,9.7,11.9,24,279,HIgh
GENESIS,G90 AWD,FULL-SIZE,5.0,8,AS8,Z,15.2,10.2,13.0,22,306,HIgh
GMC,ACADIA,SUV - STANDARD,2.5,4,A6,X,11.0,9.2,10.2,28,239,Normal
GMC,ACADIA,SUV - STANDARD,3.6,6,A6,X,13.0,9.3,11.3,25,265,HIgh
GMC,ACADIA AWD,SUV - STANDARD,2.5,4,A6,X,11.2,9.4,10.4,27,243,Normal
GMC,ACADIA AWD,SUV - STANDARD,3.6,6,A6,X,13.3,9.5,11.6,24,271,HIgh
GMC,CANYON,PICKUP TRUCK - SMALL,2.5,4,A6,X,12.0,9.2,10.7,26,252,HIgh
GMC,CANYON,PICKUP TRUCK - SMALL,2.5,4,M6,X,12.2,9.2,10.9,26,254,HIgh
GMC,CANYON,PICKUP TRUCK - SMALL,2.8,4,A6,D,10.8,7.9,9.5,30,255,HIgh
GMC,CANYON,PICKUP TRUCK - SMALL,3.6,6,A8,X,13.4,9.6,11.7,24,274,HIgh
GMC,CANYON 4WD,PICKUP TRUCK - SMALL,2.5,4,A6,X,12.7,9.6,11.3,25,263,HIgh
GMC,CANYON 4WD,PICKUP TRUCK - SMALL,2.8,4,A6,D,12.1,8.4,10.4,27,280,HIgh
GMC,CANYON 4WD,PICKUP TRUCK - SMALL,3.6,6,A8,X,14.0,9.9,12.2,23,286,HIgh
GMC,SAVANA 2500 PASSENGER,VAN - PASSENGER,6.0,8,A6,X,21.8,14.8,18.6,15,438,HIgh
GMC,SAVANA 3500 PASSENGER,VAN - PASSENGER,6.0,8,A6,X,22.3,14.9,19.0,15,445,HIgh
GMC,SIERRA,PICKUP TRUCK - STANDARD,5.3,8,A6,X,14.6,10.3,12.7,22,297,HIgh
GMC,SIERRA,PICKUP TRUCK - STANDARD,5.3,8,A8,X,15.2,10.7,13.1,22,309,HIgh
GMC,SIERRA,PICKUP TRUCK - STANDARD,6.2,8,A8,Z,15.9,11.2,13.8,20,323,HIgh
GMC,SIERRA FFV,PICKUP TRUCK - STANDARD,4.3,6,A6,X,13.4,10.0,11.9,24,279,HIgh
GMC,SIERRA FFV,PICKUP TRUCK - STANDARD,4.3,6,A6,E,19.3,14.3,17.1,17,284,HIgh
GMC,SIERRA FFV,PICKUP TRUCK - STANDARD,5.3,8,A6,X,14.6,10.3,12.7,22,298,HIgh
GMC,SIERRA FFV,PICKUP TRUCK - STANDARD,5.3,8,A6,E,19.7,13.9,17.1,17,284,HIgh
GMC,SIERRA 4WD,PICKUP TRUCK - STANDARD,5.3,8,A6,X,15.0,10.7,13.1,22,307,HIgh
GMC,SIERRA 4WD,PICKUP TRUCK - STANDARD,5.3,8,A8,X,15.9,11.5,13.9,20,327,HIgh
GMC,SIERRA 4WD,PICKUP TRUCK - STANDARD,6.2,8,A8,Z,16.0,11.7,14.1,20,330,HIgh
GMC,SIERRA 4WD FFV,PICKUP TRUCK - STANDARD,4.3,6,A6,X,14.1,10.6,12.5,23,294,HIgh
GMC,SIERRA 4WD FFV,PICKUP TRUCK - STANDARD,4.3,6,A6,E,20.3,15.2,18.0,16,294,HIgh
GMC,SIERRA 4WD FFV,PICKUP TRUCK - STANDARD,5.3,8,A6,X,15.0,10.7,13.1,22,307,HIgh
GMC,SIERRA 4WD FFV,PICKUP TRUCK - STANDARD,5.3,8,A6,E,20.7,14.4,17.9,16,317,HIgh
GMC,SIERRA eASSIST 4WD,PICKUP TRUCK - STANDARD,5.3,8,A8,X,14.4,11.2,13.0,22,303,HIgh
GMC,TERRAIN,SUV - SMALL,2.4,4,A6,X,11.0,7.5,9.4,30,221,Normal
GMC,TERRAIN FFV,SUV - SMALL,2.4,4,A6,X,11.0,7.5,9.4,30,221,Normal
GMC,TERRAIN FFV,SUV - SMALL,2.4,4,A6,E,15.6,11.0,13.6,21,223,Normal
GMC,TERRAIN,SUV - SMALL,3.6,6,A6,X,14.1,9.7,12.1,23,285,HIgh
GMC,TERRAIN AWD,SUV - SMALL,2.4,4,A6,X,11.5,8.3,10.1,28,237,Normal
GMC,TERRAIN AWD,SUV - SMALL,3.6,6,A6,X,15.0,10.4,13.0,22,304,HIgh
GMC,YUKON,SUV - STANDARD,5.3,8,A6,X,15.1,10.4,13.0,22,305,HIgh
GMC,YUKON FFV,SUV - STANDARD,5.3,8,A6,X,15.1,10.4,13.0,22,305,HIgh
GMC,YUKON FFV,SUV - STANDARD,5.3,8,A6,E,20.0,13.5,17.1,17,284,HIgh
GMC,YUKON 4WD,SUV - STANDARD,5.3,8,A6,X,15.2,10.8,13.2,21,310,HIgh
GMC,YUKON 4WD FFV,SUV - STANDARD,5.3,8,A6,X,15.2,10.8,13.2,21,310,HIgh
GMC,YUKON 4WD FFV,SUV - STANDARD,5.3,8,A6,E,20.8,14.5,18.0,16,299,HIgh
GMC,YUKON DENALI 4WD,SUV - STANDARD,6.2,8,A8,Z,16.0,11.7,14.1,20,330,HIgh
GMC,YUKON XL,SUV - STANDARD,5.3,8,A6,X,15.1,10.4,13.0,22,305,HIgh
GMC,YUKON XL FFV,SUV - STANDARD,5.3,8,A6,X,15.1,10.4,13.0,22,305,HIgh
GMC,YUKON XL FFV,SUV - STANDARD,5.3,8,A6,E,20.0,13.5,17.1,17,284,HIgh
GMC,YUKON XL 4WD,SUV - STANDARD,5.3,8,A6,X,15.4,10.8,13.3,21,312,HIgh
GMC,YUKON XL 4WD FFV,SUV - STANDARD,5.3,8,A6,X,15.4,10.8,13.3,21,312,HIgh
GMC,YUKON XL 4WD FFV,SUV - STANDARD,5.3,8,A6,E,22.1,15.4,19.1,15,317,HIgh
GMC,YUKON XL DENALI 4WD,SUV - STANDARD,6.2,8,A8,Z,16.3,11.7,14.2,20,333,HIgh
HONDA,ACCORD,MID-SIZE,2.4,4,AV7,X,9.2,6.9,8.2,34,190,Normal
HONDA,ACCORD,MID-SIZE,2.4,4,M6,X,10.4,7.4,9.0,31,210,Normal
HONDA,ACCORD COUPE,MID-SIZE,3.5,6,AS6,X,11.4,7.4,9.6,29,225,Normal
HONDA,ACCORD COUPE,MID-SIZE,3.5,6,M6,X,12.9,8.4,10.9,26,254,HIgh
HONDA,ACCORD SEDAN,MID-SIZE,2.4,4,AV,X,8.7,6.6,7.8,36,180,Normal
HONDA,ACCORD SEDAN,MID-SIZE,3.5,6,A6,X,11.4,7.2,9.5,30,223,Normal
HONDA,ACCORD HYBRID,MID-SIZE,2.0,4,AV,X,4.9,5.1,5.0,56,114,Normal
HONDA,CIVIC COUPE,COMPACT,1.5,4,AV7,X,7.5,5.9,6.8,42,158,Normal
HONDA,CIVIC COUPE,COMPACT,1.5,4,M6,X,7.7,5.7,6.8,42,159,Normal
HONDA,CIVIC COUPE,COMPACT,2.0,4,AV,X,7.8,6.0,7.0,40,163,Normal
HONDA,CIVIC COUPE,COMPACT,2.0,4,M6,X,8.5,6.1,7.4,38,173,Normal
HONDA,CIVIC SEDAN,MID-SIZE,1.5,4,AV,X,7.4,5.6,6.6,43,153,Normal
HONDA,CIVIC SEDAN,MID-SIZE,2.0,4,AV,X,7.8,6.0,7.0,40,163,Normal
HONDA,CIVIC SEDAN,MID-SIZE,2.0,4,M6,X,8.5,6.0,7.4,38,172,Normal
HONDA,CIVIC HATCHBACK,FULL-SIZE,1.5,4,AV,X,7.7,6.0,6.9,41,162,Normal
HONDA,CIVIC HATCHBACK,FULL-SIZE,1.5,4,AV7,X,7.9,6.6,7.3,39,170,Normal
HONDA,CIVIC HATCHBACK,FULL-SIZE,1.5,4,AV7,Z,7.9,6.6,7.3,39,170,Normal
HONDA,CIVIC HATCHBACK,FULL-SIZE,1.5,4,M6,X,8.0,6.2,7.2,39,167,Normal
HONDA,CIVIC HATCHBACK,FULL-SIZE,1.5,4,M6,Z,8.0,6.2,7.2,39,167,Normal
HONDA,CR-V,SUV - SMALL,1.5,4,AV,X,8.4,7.0,7.8,36,181,Normal
HONDA,CR-V AWD,SUV - SMALL,1.5,4,AV,X,8.7,7.2,8.0,35,188,Normal
HONDA,FIT,STATION WAGON - SMALL,1.5,4,AV,X,7.0,5.9,6.5,43,154,Normal
HONDA,FIT,STATION WAGON - SMALL,1.5,4,AV7,X,7.6,6.4,7.0,40,164,Normal
HONDA,FIT,STATION WAGON - SMALL,1.5,4,M6,X,8.1,6.6,7.4,38,174,Normal
HONDA,HR-V,STATION WAGON - SMALL,1.8,4,AV,X,8.3,6.9,7.7,37,180,Normal
HONDA,HR-V,STATION WAGON - SMALL,1.8,4,AV7,X,8.3,6.9,7.7,37,180,Normal
HONDA,HR-V,STATION WAGON - SMALL,1.8,4,M6,X,9.4,7.1,8.4,34,195,Normal
HONDA,HR-V AWD,STATION WAGON - SMALL,1.8,4,AV,X,8.9,7.5,8.2,34,194,Normal
HONDA,HR-V AWD,STATION WAGON - SMALL,1.8,4,AV7,X,8.9,7.5,8.2,34,194,Normal
HONDA,ODYSSEY,MINIVAN,3.5,6,A6,X,12.3,8.6,10.7,26,251,HIgh
HONDA,PILOT,SUV - SMALL,3.5,6,A6,X,12.4,8.8,10.8,26,254,HIgh
HONDA,PILOT AWD,SUV - SMALL,3.5,6,A6,X,13.0,9.3,11.3,25,266,HIgh
HONDA,PILOT AWD,SUV - SMALL,3.5,6,AS9,X,12.4,9.3,11.0,26,256,HIgh
HONDA,RIDGELINE AWD,PICKUP TRUCK - STANDARD,3.5,6,A6,X,12.8,9.5,11.3,25,264,HIgh
HYUNDAI,ACCENT,COMPACT,1.6,4,AS6,X,8.9,6.6,7.9,36,182,Normal
HYUNDAI,ACCENT,COMPACT,1.6,4,M6,X,8.8,6.5,7.8,36,184,Normal
HYUNDAI,ELANTRA,MID-SIZE,2.0,4,AS6,X,8.3,6.4,7.4,38,174,Normal
HYUNDAI,ELANTRA,MID-SIZE,2.0,4,M6,X,9.1,6.6,8.0,35,187,Normal
HYUNDAI,ELANTRA GT,MID-SIZE,2.0,4,AS6,X,9.8,7.3,8.7,32,206,Normal
HYUNDAI,ELANTRA GT,MID-SIZE,2.0,4,M6,X,9.8,7.2,8.7,32,204,Normal
HYUNDAI,IONIQ,FULL-SIZE,1.6,4,AM6,X,4.3,4.4,4.4,64,103,Normal
HYUNDAI,IONIQ BLUE,FULL-SIZE,1.6,4,AM6,X,4.2,4.0,4.1,69,96,Normal
HYUNDAI,SANTA FE,SUV - SMALL,3.3,6,AS6,X,12.9,9.4,11.3,25,265,HIgh
HYUNDAI,SANTA FE AWD,SUV - SMALL,3.3,6,AS6,X,13.0,9.7,11.5,25,269,HIgh
HYUNDAI,SANTA FE SPORT,SUV - SMALL,2.4,4,AS6,X,11.1,8.6,10.0,28,235,Normal
HYUNDAI,SANTA FE SPORT AWD,SUV - SMALL,2.0,4,AS6,X,12.5,9.6,11.2,25,264,HIgh
HYUNDAI,SANTA FE SPORT AWD,SUV - SMALL,2.4,4,AS6,X,12.0,9.1,10.7,26,253,HIgh
HYUNDAI,SANTA FE ULTIMATE AWD,SUV - SMALL,3.3,6,AS6,X,13.9,10.8,12.5,23,295,HIgh
HYUNDAI,SONATA,FULL-SIZE,2.0,4,AS6,X,10.5,7.6,9.2,31,216,Normal
HYUNDAI,SONATA,FULL-SIZE,2.4,4,AS6,X,9.4,6.7,8.2,34,194,Normal
HYUNDAI,SONATA SPORT/LIMITED,FULL-SIZE,2.4,4,AS6,X,10.0,7.2,8.7,32,207,Normal
HYUNDAI,SONATA HYBRID,MID-SIZE,2.0,4,AS6,X,6.3,5.7,6.0,47,143,Normal
HYUNDAI,SONATA HYBRID SE,MID-SIZE,2.0,4,AS6,X,6.0,5.3,5.7,50,137,Normal
HYUNDAI,TUCSON,SUV - SMALL,1.6,4,AM7,X,9.9,8.5,9.3,30,221,Normal
HYUNDAI,TUCSON,SUV - SMALL,2.0,4,AS6,X,10.1,7.8,9.0,31,213,Normal
HYUNDAI,TUCSON AWD,SUV - SMALL,2.0,4,AS6,X,11.0,9.1,10.2,28,241,Normal
HYUNDAI,VELOSTER,COMPACT,1.6,4,AM6,X,8.3,6.7,7.6,37,180,Normal
HYUNDAI,VELOSTER,COMPACT,1.6,4,M6,X,8.9,6.9,8.0,35,188,Normal
HYUNDAI,VELOSTER TURBO,COMPACT,1.6,4,AS6,X,8.9,7.3,8.2,34,193,Normal
HYUNDAI,VELOSTER TURBO,COMPACT,1.6,4,M6,X,9.4,7.2,8.4,34,200,Normal
INFINITI,Q50 AWD,MID-SIZE,2.0,4,AS7,Z,10.7,8.4,9.6,29,226,Normal
INFINITI,Q50 AWD,MID-SIZE,3.0,6,AS7,Z,12.6,8.8,10.9,26,256,HIgh
INFINITI,Q50S RED SPORT AWD,MID-SIZE,3.0,6,AS7,Z,12.3,9.2,10.9,26,257,HIgh
INFINITI,Q50 HYBRID AWD,COMPACT,3.5,6,AS7,Z,9.1,7.7,8.5,33,200,Normal
INFINITI,Q60 AWD,SUBCOMPACT,2.0,4,AS7,Z,11.2,8.5,10.0,28,233,Normal
INFINITI,Q60 AWD,SUBCOMPACT,3.0,6,AS7,Z,12.4,8.8,10.8,26,253,HIgh
INFINITI,Q60S RED SPORT AWD,SUBCOMPACT,3.0,6,AS7,Z,12.5,9.2,11.0,26,259,HIgh
INFINITI,Q70 AWD,MID-SIZE,3.7,6,AS7,Z,13.2,9.8,11.7,24,274,HIgh
INFINITI,Q70 AWD,MID-SIZE,5.6,8,AS7,Z,14.9,10.2,12.8,22,300,HIgh
INFINITI,Q70 HYBRID,MID-SIZE,3.5,6,AS7,Z,8.4,7.1,7.8,36,184,Normal
INFINITI,QX30,COMPACT,2.0,4,AM7,Z,9.7,7.1,8.5,33,200,Normal
INFINITI,QX30 AWD,COMPACT,2.0,4,AM7,Z,10.6,8.0,9.4,30,221,Normal
INFINITI,QX50 AWD,STATION WAGON - SMALL,3.7,6,AS7,Z,13.7,9.8,11.9,24,280,HIgh
INFINITI,QX60,SUV - SMALL,3.5,6,AV7,Z,11.9,8.8,10.5,27,246,Normal
INFINITI,QX60 AWD,SUV - SMALL,3.5,6,AV7,Z,12.5,9.1,10.9,26,257,HIgh
INFINITI,QX60 HYBRID AWD,SUV - STANDARD,2.5,4,AV7,X,9.5,8.6,9.1,31,214,Normal
INFINITI,QX70 AWD,SUV - SMALL,3.7,6,AS7,Z,14.5,10.8,12.8,22,301,HIgh
INFINITI,QX80 4WD,SUV - STANDARD,5.6,8,AS7,Z,17.4,12.2,15.1,19,355,HIgh
JAGUAR,F-PACE 35t,SUV - SMALL,3.0,6,AS8,Z,13.3,10.0,11.8,24,277,HIgh
JAGUAR,F-TYPE CONVERTIBLE,TWO-SEATER,3.0,6,AS8,Z,11.9,8.5,10.4,27,242,Normal
JAGUAR,F-TYPE CONVERTIBLE,TWO-SEATER,3.0,6,M6,Z,14.9,9.8,12.6,22,296,HIgh
JAGUAR,F-TYPE COUPE,TWO-SEATER,3.0,6,AS8,Z,11.9,8.5,10.4,27,242,Normal
JAGUAR,F-TYPE COUPE,TWO-SEATER,3.0,6,M6,Z,14.9,9.8,12.6,22,296,HIgh
JAGUAR,F-TYPE R CONVERTIBLE AWD,TWO-SEATER,5.0,8,AS8,Z,15.6,10.4,13.3,21,311,HIgh
JAGUAR,F-TYPE R COUPE AWD,TWO-SEATER,5.0,8,AS6,Z,15.6,10.4,13.3,21,311,HIgh
JAGUAR,F-TYPE S CONVERTIBLE,TWO-SEATER,3.0,6,AS8,Z,12.4,8.8,10.8,26,253,HIgh
JAGUAR,F-TYPE S CONVERTIBLE,TWO-SEATER,3.0,6,M6,Z,15.3,10.0,12.9,22,302,HIgh
JAGUAR,F-TYPE S CONVERTIBLE AWD,TWO-SEATER,3.0,6,AS8,Z,13.0,9.2,11.3,25,265,HIgh
JAGUAR,F-TYPE S COUPE,TWO-SEATER,3.0,6,AS8,Z,12.4,8.8,10.8,26,253,HIgh
JAGUAR,F-TYPE S COUPE,TWO-SEATER,3.0,6,M6,Z,15.3,10.0,12.9,22,302,HIgh
JAGUAR,F-TYPE S COUPE AWD,TWO-SEATER,3.0,6,AS8,Z,13.0,9.2,11.3,25,265,HIgh
JAGUAR,XE 20d AWD,COMPACT,2.0,4,AS8,D,7.8,5.8,6.9,41,186,Normal
JAGUAR,XE 35t AWD,COMPACT,3.0,6,AS8,Z,11.8,8.2,10.2,28,238,Normal
JAGUAR,XF 20d AWD,MID-SIZE,2.0,4,AS8,D,7.8,5.8,6.9,41,186,Normal
JAGUAR,XF 35t AWD,MID-SIZE,3.0,6,AS8,Z,12.0,8.4,10.4,27,243,Normal
JAGUAR,XJ R-SPORT 3.0 AWD,FULL-SIZE,3.0,6,AS8,Z,14.0,9.0,11.8,24,276,HIgh
JAGUAR,XJL PORTFOLIO 3.0 AWD,FULL-SIZE,3.0,6,AS8,Z,14.0,9.4,11.9,24,280,HIgh
JAGUAR,XJR,FULL-SIZE,5.0,8,AS8,Z,15.8,10.3,13.3,21,313,HIgh
JAGUAR,XJR  LWB,FULL-SIZE,5.0,8,AS8,Z,15.8,10.3,13.3,21,313,HIgh
JEEP,CHEROKEE,SUV - SMALL,2.4,4,A9,X,11.0,7.8,9.6,29,225,Normal
JEEP,CHEROKEE,SUV - SMALL,3.2,6,A9,X,11.4,8.3,10.0,28,234,Normal
JEEP,CHEROKEE 4X4 ACTIVE DRIVE I,SUV - SMALL,2.4,4,A9,X,11.3,8.4,10.0,28,235,Normal
JEEP,CHEROKEE 4X4 ACTIVE DRIVE I,SUV - SMALL,3.2,6,A9,X,11.6,8.6,10.3,27,241,Normal
JEEP,CHEROKEE 4X4 ACTIVE DRIVE II,SUV - SMALL,2.4,4,A9,X,11.4,8.7,10.2,28,240,Normal
JEEP,CHEROKEE 4X4 ACTIVE DRIVE II,SUV - SMALL,3.2,6,A9,X,12.8,9.0,11.1,25,259,HIgh
JEEP,CHEROKEE 4X4 ACTIVE DRIVE LOCK,SUV - SMALL,2.4,4,A9,X,12.1,9.4,10.9,26,256,HIgh
JEEP,CHEROKEE 4X4 ACTIVE DRIVE LOCK,SUV - SMALL,3.2,6,A9,X,12.9,9.9,11.6,24,269,HIgh
JEEP,COMPASS,SUV - SMALL,2.0,4,AV,X,10.8,9.0,10.0,28,235,Normal
JEEP,COMPASS,SUV - SMALL,2.0,4,M5,X,10.3,7.9,9.3,30,216,Normal
JEEP,COMPASS,SUV - SMALL,2.4,4,A6,X,11.3,8.7,10.1,28,238,Normal
JEEP,COMPASS,SUV - SMALL,2.4,4,M5,X,10.2,8.3,9.3,30,219,Normal
JEEP,COMPASS 4X4,SUV - SMALL,2.4,4,A6,X,11.7,9.2,10.6,27,249,Normal
JEEP,COMPASS 4X4,SUV - SMALL,2.4,4,AV,X,11.7,10.3,11.1,25,259,HIgh
JEEP,COMPASS 4X4,SUV - SMALL,2.4,4,M5,X,10.6,8.7,9.8,29,230,Normal
JEEP,GRAND CHEROKEE 4X4,SUV - STANDARD,3.6,6,A8,X,12.7,9.6,11.3,25,265,HIgh
JEEP,GRAND CHEROKEE 4X4,SUV - STANDARD,5.7,8,A8,X,16.6,10.7,14.0,20,328,HIgh
JEEP,GRAND CHEROKEE SRT8,SUV - STANDARD,6.4,8,A8,Z,18.3,12.6,15.7,18,368,HIgh
JEEP,NEW COMPASS,SUV - SMALL,2.4,4,A6,X,10.6,7.6,9.3,30,218,Normal
JEEP,NEW COMPASS,SUV - SMALL,2.4,4,M6,X,10.4,7.3,9.0,31,211,Normal
JEEP,NEW COMPASS 4X4,SUV - SMALL,2.4,4,A9,X,10.8,7.8,9.5,30,222,Normal
JEEP,NEW COMPASS 4X4,SUV - SMALL,2.4,4,M6,X,10.8,7.6,9.4,30,221,Normal
JEEP,PATRIOT,SUV - SMALL,2.0,4,AV,X,10.8,9.0,10.0,28,235,Normal
JEEP,PATRIOT,SUV - SMALL,2.0,4,M5,X,10.3,7.9,9.3,30,216,Normal
JEEP,PATRIOT,SUV - SMALL,2.4,4,A6,X,11.3,8.7,10.1,28,238,Normal
JEEP,PATRIOT,SUV - SMALL,2.4,4,M5,X,10.2,8.3,9.3,30,219,Normal
JEEP,PATRIOT 4X4,SUV - SMALL,2.4,4,A6,X,11.7,9.2,10.6,27,249,Normal
JEEP,PATRIOT 4X4,SUV - SMALL,2.4,4,AV,X,11.7,10.3,11.1,25,259,HIgh
JEEP,PATRIOT 4X4,SUV - SMALL,2.4,4,M5,X,10.6,8.7,9.8,29,230,Normal
JEEP,RENEGADE,SUV - SMALL,1.4,4,M6,X,9.9,7.7,8.9,32,209,Normal
JEEP,RENEGADE FFV,SUV - SMALL,2.4,4,A9,X,10.8,7.8,9.5,30,222,Normal
JEEP,RENEGADE FFV,SUV - SMALL,2.4,4,A9,E,14.4,10.2,12.5,23,206,Normal
JEEP,RENEGADE 4X4,SUV - SMALL,1.4,4,M6,X,9.9,7.7,8.9,32,211,Normal
JEEP,RENEGADE 4X4,SUV - SMALL,2.4,4,A9,X,11.2,8.2,9.8,29,230,Normal
JEEP,WRANGLER 4X4,SUV - SMALL,3.6,6,A5,X,14.1,11.1,12.8,22,299,HIgh
JEEP,WRANGLER 4X4,SUV - SMALL,3.6,6,M6,X,14.2,11.0,12.8,22,298,HIgh
JEEP,WRANGLER UNLIMITED 4X4,SUV - SMALL,3.6,6,A5,X,14.7,11.7,13.4,21,313,HIgh
JEEP,WRANGLER UNLIMITED 4X4,SUV - SMALL,3.6,6,M6,X,15.0,11.4,13.3,21,312,HIgh
KIA,CADENZA,FULL-SIZE,3.3,6,AS8,X,11.5,8.5,10.2,28,237,Normal
KIA,FORTE (MPI),MID-SIZE,2.0,4,AS6,X,7.9,6.3,7.2,39,170,Normal
KIA,FORTE (GDI),MID-SIZE,2.0,4,AS6,X,9.4,7.0,8.3,34,198,Normal
KIA,FORTE,MID-SIZE,2.0,4,M6,X,9.4,6.8,8.3,34,195,Normal
KIA,FORTE 5,FULL-SIZE,1.6,4,AM7,X,9.4,7.9,8.7,32,207,Normal
KIA,FORTE 5,FULL-SIZE,2.0,4,AS6,X,9.7,7.0,8.3,34,197,Normal
KIA,FORTE 5,FULL-SIZE,2.0,4,M6,X,9.8,7.3,8.7,32,204,Normal
KIA,FORTE KOUP,COMPACT,1.6,4,AM7,X,9.6,7.4,8.6,33,204,Normal
KIA,FORTE KOUP,COMPACT,1.6,4,M6,X,10.1,8.0,9.2,31,216,Normal
KIA,FORTE KOUP,COMPACT,2.0,4,AS6,X,9.6,7.3,8.6,33,203,Normal
KIA,FORTE KOUP,COMPACT,2.0,4,M6,X,9.9,7.6,8.8,32,209,Normal
KIA,K900,FULL-SIZE,3.8,6,AS8,X,13.8,9.3,11.8,24,279,HIgh
KIA,K900,FULL-SIZE,5.0,8,AS8,Z,15.6,10.6,13.3,21,317,HIgh
KIA,NIRO,STATION WAGON - SMALL,1.6,4,AM6,X,4.6,5.1,4.8,59,114,Normal
KIA,NIRO FE,STATION WAGON - SMALL,1.6,4,AM6,X,4.5,4.8,4.7,60,110,Normal
KIA,NIRO TOURING,STATION WAGON - SMALL,1.6,4,AM6,X,5.1,5.8,5.4,52,129,Normal
KIA,OPTIMA,FULL-SIZE,2.4,4,AS6,X,9.6,6.8,8.4,34,198,Normal
KIA,OPTIMA FE,FULL-SIZE,2.4,4,AS6,X,9.3,6.6,8.0,35,190,Normal
KIA,OPTIMA TURBO,FULL-SIZE,2.0,4,AS6,X,10.9,7.6,9.4,30,224,Normal
KIA,OPTIMA HYBRID,MID-SIZE,2.0,4,AS6,X,6.0,5.1,5.6,50,132,Normal
KIA,RIO,COMPACT,1.6,4,AS6,X,8.8,6.5,7.8,36,181,Normal
KIA,RIO,COMPACT,1.6,4,M6,X,8.8,6.6,7.8,36,181,Normal
KIA,RONDO,STATION WAGON - MID-SIZE,2.0,4,AS6,X,9.9,7.6,8.9,32,210,Normal
KIA,SEDONA,MINIVAN,3.3,6,AS6,X,13.2,9.7,11.6,24,275,HIgh
KIA,SEDONA SX,MINIVAN,3.3,6,AS6,X,12.9,9.5,11.4,25,269,HIgh
KIA,SEDONA SXL,MINIVAN,3.3,6,AS6,X,14.1,10.5,12.5,23,296,HIgh
KIA,SORENTO,SUV - SMALL,2.4,4,AS6,X,11.2,8.3,9.9,29,234,Normal
KIA,SORENTO AWD,SUV - SMALL,2.0,4,AS6,X,12.3,9.4,11.0,26,259,HIgh
KIA,SORENTO AWD,SUV - SMALL,2.4,4,AS6,X,11.5,9.3,10.5,27,246,Normal
KIA,SORENTO AWD,SUV - SMALL,3.3,6,AS6,X,14.0,10.1,12.2,23,289,HIgh
KIA,SORENTO AWD FE,SUV - SMALL,3.3,6,AS6,X,13.2,9.3,11.4,25,270,HIgh
KIA,SOUL,STATION WAGON - SMALL,1.6,4,AS6,X,9.4,7.8,8.7,32,205,Normal
KIA,SOUL,STATION WAGON - SMALL,1.6,4,M6,X,9.7,7.8,8.8,32,208,Normal
KIA,SOUL,STATION WAGON - SMALL,2.0,4,AS6,X,9.5,7.8,8.7,32,206,Normal
KIA,SOUL TURBO,STATION WAGON - SMALL,1.6,4,AM7,X,9.1,7.7,8.5,33,199,Normal
KIA,SPORTAGE,SUV - SMALL,2.4,4,AS6,X,10.4,8.0,9.3,30,220,Normal
KIA,SPORTAGE AWD,SUV - SMALL,2.0,4,AS6,X,11.9,10.2,11.1,25,263,HIgh
KIA,SPORTAGE AWD,SUV - SMALL,2.4,4,AS6,X,11.3,9.5,10.5,27,247,Normal
LAMBORGHINI,AVENTADOR COUPE,TWO-SEATER,6.5,12,AM7,Z,22.2,12.7,17.9,16,428,HIgh
LAMBORGHINI,AVENTADOR COUPE LP 740,TWO-SEATER,6.5,12,AM7,Z,23.9,14.5,19.7,14,461,HIgh
LAMBORGHINI,AVENTADOR ROADSTER,TWO-SEATER,6.5,12,AM7,Z,23.0,13.5,18.7,15,438,HIgh
LAMBORGHINI,AVENTADOR ROADSTER LP 740,TWO-SEATER,6.5,12,AM7,Z,23.9,14.5,19.7,14,461,HIgh
LAMBORGHINI,HURACAN,TWO-SEATER,5.2,10,AM7,Z,16.4,11.4,14.2,20,331,HIgh
LAMBORGHINI,HURACAN SPYDER,TWO-SEATER,5.2,10,AM7,Z,16.9,11.8,14.6,19,340,HIgh
LAND ROVER,DISCOVERY SPORT,SUV - SMALL,2.0,4,AS9,Z,12.0,9.2,10.7,26,252,HIgh
LAND ROVER,RANGE ROVER EVOQUE,SUV - SMALL,2.0,4,AS9,Z,11.3,8.0,9.8,29,231,Normal
LAND ROVER,RANGE ROVER EVOQUE CONVERTIBLE,SUV - SMALL,2.0,4,AS9,Z,12.0,8.5,10.4,27,243,Normal
LEXUS,CT 200h,COMPACT,1.8,4,AV,X,5.5,5.9,5.7,50,132,Normal
LEXUS,ES 300h,MID-SIZE,2.5,4,AV6,X,5.8,6.1,5.9,48,139,Normal
LEXUS,ES 350,MID-SIZE,3.5,6,AS6,X,11.4,7.7,9.7,29,226,Normal
LEXUS,GS 350 AWD,MID-SIZE,3.5,6,AS6,Z,12.4,9.2,11.0,26,257,HIgh
LEXUS,GS 450h,MID-SIZE,3.5,6,AV8,Z,8.0,6.9,7.5,38,176,Normal
LEXUS,GS F,COMPACT,5.0,8,AS8,Z,14.9,9.7,12.5,23,293,HIgh
LEXUS,GX 460,SUV - STANDARD,4.6,8,AS6,Z,16.0,12.9,14.6,19,341,HIgh
LEXUS,IS 200t,COMPACT,2.0,4,AS8,Z,10.6,7.3,9.1,31,214,Normal
LEXUS,IS 300 AWD,COMPACT,3.5,6,AS6,Z,12.6,9.2,11.0,26,258,HIgh
LEXUS,IS 350 AWD,COMPACT,3.5,6,AS6,Z,12.6,9.2,11.0,26,258,HIgh
LEXUS,LS 460 AWD,MID-SIZE,4.6,8,AS8,Z,15.1,10.3,12.9,22,303,HIgh
LEXUS,LS 460 L AWD,MID-SIZE,4.6,8,AS8,Z,15.1,10.3,12.9,22,303,HIgh
LEXUS,LX 570,SUV - STANDARD,5.7,8,AS8,Z,18.2,13.0,15.8,18,372,HIgh
LEXUS,NX 200t AWD,SUV - SMALL,2.0,4,AS6,Z,10.7,8.5,9.7,29,226,Normal
LEXUS,NX 200t AWD F SPORT,SUV - SMALL,2.0,4,AS6,Z,10.8,8.9,9.9,29,232,Normal
LEXUS,NX 300h AWD,SUV - SMALL,2.5,4,AV6,X,7.2,7.9,7.5,38,176,Normal
LEXUS,RC 300 AWD,SUBCOMPACT,3.5,6,AS6,Z,12.6,9.2,11.0,26,258,HIgh
LEXUS,RC 350 AWD,SUBCOMPACT,3.5,6,AS6,Z,12.6,9.2,11.0,26,258,HIgh
LEXUS,RC F,SUBCOMPACT,5.0,8,AS8,Z,15.2,9.5,12.6,22,289,HIgh
LEXUS,RX 350 AWD,SUV - SMALL,3.5,6,AS8,X,12.2,9.0,10.8,26,252,HIgh
LEXUS,RX 450h AWD,SUV - STANDARD,3.5,6,AV6,Z,7.5,8.4,7.9,36,185,Normal
LINCOLN,CONTINENTAL AWD,FULL-SIZE,2.7,6,AS6,X,14.0,9.5,12.0,24,281,HIgh
LINCOLN,CONTINENTAL AWD,FULL-SIZE,3.0,6,AS6,X,14.4,9.7,12.3,23,288,HIgh
LINCOLN,CONTINENTAL AWD,FULL-SIZE,3.7,6,AS6,X,14.3,9.7,12.2,23,287,HIgh
LINCOLN,MKC AWD,SUV - SMALL,2.0,4,AS6,X,12.3,9.3,10.9,26,256,HIgh
LINCOLN,MKC AWD (Start/Stop),SUV - SMALL,2.0,4,AS6,X,12.1,9.3,10.8,26,254,HIgh
LINCOLN,MKC AWD,SUV - SMALL,2.3,4,AS6,X,13.1,9.4,11.4,25,268,HIgh
LINCOLN,MKT AWD,SUV - STANDARD,3.5,6,AS6,X,15.7,11.2,13.7,21,321,HIgh
LINCOLN,MKT LIVERY AWD,SPECIAL PURPOSE VEHICLE,3.7,6,A6,X,14.7,10.2,12.7,22,298,HIgh
LINCOLN,MKX AWD,SUV - SMALL,2.7,6,AS6,X,14.1,9.8,12.1,23,284,HIgh
LINCOLN,MKX AWD,SUV - SMALL,3.7,6,AS6,X,14.4,10.3,12.5,23,293,HIgh
LINCOLN,MKZ,MID-SIZE,2.0,4,AS6,X,11.2,7.6,9.8,29,230,Normal
LINCOLN,MKZ,MID-SIZE,3.0,6,AS6,X,13.4,8.7,11.2,25,264,HIgh
LINCOLN,MKZ AWD,MID-SIZE,2.0,4,AS6,X,11.8,8.4,10.2,28,239,Normal
LINCOLN,MKZ AWD,MID-SIZE,3.0,6,AS6,X,14.0,9.2,11.8,24,278,HIgh
LINCOLN,MKZ HYBRID,MID-SIZE,2.0,4,AV,X,5.7,6.2,5.9,48,139,Normal
LINCOLN,NAVIGATOR 4X4,SUV - STANDARD,3.5,6,AS6,X,15.9,12.0,14.2,20,333,HIgh
LINCOLN,NAVIGATOR L 4X4,SUV - STANDARD,3.5,6,AS6,X,16.1,12.4,14.5,19,339,HIgh
MASERATI,GHIBLI,MID-SIZE,3.0,6,AS8,Z,14.1,9.8,12.4,23,286,HIgh
MASERATI,GHIBLI S,MID-SIZE,3.0,6,AS8,Z,14.7,10.0,12.4,23,293,HIgh
MASERATI,GHIBLI SQ4,MID-SIZE,3.0,6,AS8,Z,14.7,9.9,12.6,22,295,HIgh
MASERATI,GRANTURISMO,SUBCOMPACT,4.7,8,AS6,Z,18.2,11.4,15.1,19,355,HIgh
MASERATI,GRANTURISMO CONVERTIBLE,SUBCOMPACT,4.7,8,AS6,Z,18.2,11.6,15.2,19,358,HIgh
MASERATI,LEVANTE,SUV - STANDARD,3.0,6,AS8,Z,16.8,11.9,14.7,19,340,HIgh
MASERATI,LEVANTE S,SUV - STANDARD,3.0,6,AS8,Z,16.8,12.4,14.7,19,346,HIgh
MASERATI,QUATTROPORTE GTS,FULL-SIZE,3.8,8,AS8,Z,16.1,10.8,13.8,20,321,HIgh
MASERATI,QUATTROPORTE S,FULL-SIZE,3.0,6,AS8,Z,14.9,10.3,13.1,22,300,HIgh
MASERATI,QUATTROPORTE SQ4,FULL-SIZE,3.0,6,AS8,Z,15.0,10.3,13.1,22,301,HIgh
MAZDA,CX-3,COMPACT,2.0,4,AS6,X,8.2,6.9,7.6,37,179,Normal
MAZDA,CX-3 4WD,COMPACT,2.0,4,AS6,X,8.8,7.5,8.2,34,192,Normal
MAZDA,CX-5,SUV - SMALL,2.0,4,M6,X,9.4,7.4,8.5,33,199,Normal
MAZDA,CX-5,SUV - SMALL,2.5,4,AS6,X,9.8,7.7,8.6,33,204,Normal
MAZDA,CX-5 4WD,SUV - SMALL,2.5,4,AS6,X,10.2,8.3,9.2,31,221,Normal
MAZDA,CX-9,SUV - SMALL,2.5,4,AS6,X,10.6,8.4,9.6,29,225,Normal
MAZDA,CX-9 4WD,SUV - SMALL,2.5,4,AS6,X,11.5,8.9,10.4,27,242,Normal
MAZDA,MAZDA3 4-DOOR,COMPACT,2.0,4,AS6,X,8.4,6.4,7.5,38,176,Normal
MAZDA,MAZDA3 4-DOOR,COMPACT,2.0,4,M6,X,8.5,6.2,7.5,38,175,Normal
MAZDA,MAZDA3 4-DOOR (SIL),COMPACT,2.0,4,M6,X,8.5,6.2,7.5,38,175,Normal
MAZDA,MAZDA3 4-DOOR,COMPACT,2.5,4,AS6,X,8.8,6.6,7.8,36,182,Normal
MAZDA,MAZDA3 4-DOOR (i-ELOOP),COMPACT,2.5,4,AS6,X,8.5,6.4,7.6,37,176,Normal
MAZDA,MAZDA3 4-DOOR (SIL),COMPACT,2.5,4,M6,X,9.3,6.9,8.2,34,194,Normal
MAZDA,MAZDA3 5-DOOR,MID-SIZE,2.0,4,AS6,X,8.4,6.4,7.5,38,174,Normal
MAZDA,MAZDA3 5-DOOR (SIL),MID-SIZE,2.0,4,M6,X,8.6,6.4,7.6,37,178,Normal
MAZDA,MAZDA3 5-DOOR,MID-SIZE,2.5,4,AS6,X,9.0,6.7,7.8,36,183,Normal
MAZDA,MAZDA3 5-DOOR (i-ELOOP),MID-SIZE,2.5,4,AS6,X,8.7,6.6,7.8,36,181,Normal
MAZDA,MAZDA3 5-DOOR (SIL),MID-SIZE,2.5,4,M6,X,9.6,7.0,8.4,34,198,Normal
MAZDA,MAZDA5,MINIVAN,2.5,4,AS5,X,10.8,8.2,9.6,29,226,Normal
MAZDA,MAZDA5,MINIVAN,2.5,4,M6,X,11.1,8.3,9.8,29,230,Normal
MAZDA,MAZDA6,MID-SIZE,2.5,4,AS6,X,9.1,6.7,8.0,35,187,Normal
MAZDA,MAZDA6 (i-ELOOP),MID-SIZE,2.5,4,AS6,X,8.9,6.7,7.9,36,186,Normal
MAZDA,MAZDA6 (SIL),MID-SIZE,2.5,4,M6,X,9.8,6.9,8.4,34,196,Normal
MAZDA,MX-5,TWO-SEATER,2.0,4,AS6,Z,9.0,6.7,8.0,35,187,Normal
MAZDA,MX-5 (SIL),TWO-SEATER,2.0,4,M6,Z,8.9,7.1,8.1,35,190,Normal
MERCEDES-BENZ,AMG C 63,COMPACT,4.0,8,AS7,Z,13.4,9.6,11.7,24,273,HIgh
MERCEDES-BENZ,AMG C 63 CABRIOLET,SUBCOMPACT,4.0,8,AS7,Z,14.0,10.1,12.2,23,291,HIgh
MERCEDES-BENZ,AMG C 63 COUPE,SUBCOMPACT,4.0,8,AS7,Z,13.8,10.1,12.1,23,285,HIgh
MERCEDES-BENZ,AMG C 63 S,COMPACT,4.0,8,AS7,Z,13.4,9.6,11.7,24,273,HIgh
MERCEDES-BENZ,AMG C 63 S CABRIOLET,SUBCOMPACT,4.0,8,AS7,Z,14.0,10.1,12.2,23,291,HIgh
MERCEDES-BENZ,AMG C 63 S COUPE,SUBCOMPACT,4.0,8,AS7,Z,13.8,10.1,12.1,23,285,HIgh
MERCEDES-BENZ,AMG CLA 45,COMPACT,2.0,4,AS7,Z,10.7,7.6,9.3,30,221,Normal
MERCEDES-BENZ,AMG CLS 63 S 4MATIC,COMPACT,5.5,8,AS7,Z,15.1,10.8,13.1,22,308,HIgh
MERCEDES-BENZ,AMG G 63,SUV - STANDARD,5.5,8,AS7,Z,20.0,16.6,18.5,15,413,HIgh
MERCEDES-BENZ,AMG G 65,SUV - STANDARD,6.0,12,AS7,Z,22.2,18.0,20.3,14,467,HIgh
MERCEDES-BENZ,AMG GLA 45 4MATIC,SUV - SMALL,2.0,4,AS7,Z,11.3,8.5,10.0,28,233,Normal
MERCEDES-BENZ,AMG GLC 43 4MATIC COUPE,SUV - SMALL,3.0,6,A9,Z,17.4,11.1,14.6,19,353,HIgh
MERCEDES-BENZ,AMG GLE 43 4MATIC,SUV - STANDARD,3.0,6,A9,Z,13.6,10.1,12.0,24,281,HIgh
MERCEDES-BENZ,AMG GLE 43 4MATIC COUPE,SUV - STANDARD,3.0,6,A9,Z,13.6,10.2,12.0,24,281,HIgh
MERCEDES-BENZ,AMG GLE 63 S 4MATIC,SUV - STANDARD,5.5,8,AS7,Z,17.3,13.5,15.6,18,363,HIgh
MERCEDES-BENZ,AMG GLE 63 S 4MATIC COUPE,SUV - STANDARD,5.5,8,AS7,Z,17.2,12.8,15.2,19,363,HIgh
MERCEDES-BENZ,AMG GLS 63,SUV - STANDARD,5.5,8,AS7,Z,18.2,14.0,16.3,17,369,HIgh
MERCEDES-BENZ,AMG GT COUPE,TWO-SEATER,4.0,8,AS7,Z,14.5,10.8,12.8,22,303,HIgh
MERCEDES-BENZ,AMG GT S COUPE,TWO-SEATER,4.0,8,AS7,Z,14.5,10.8,12.8,22,303,HIgh
MERCEDES-BENZ,AMG S 63 4MATIC,FULL-SIZE,5.5,8,AS7,Z,15.7,10.1,13.2,21,313,HIgh
MERCEDES-BENZ,AMG S 63 CABRIOLET,COMPACT,5.5,8,AS7,Z,16.4,10.6,13.8,20,322,HIgh
MERCEDES-BENZ,AMG S 63 COUPE,COMPACT,5.5,8,AS7,Z,15.3,10.2,13.0,22,305,HIgh
MERCEDES-BENZ,AMG S 65,FULL-SIZE,6.0,12,AS7,Z,17.6,10.9,14.6,19,349,HIgh
MERCEDES-BENZ,AMG S 65 CABRIOLET,COMPACT,6.0,12,AS7,Z,17.1,11.0,14.3,20,348,HIgh
MERCEDES-BENZ,AMG S 65 COUPE,COMPACT,6.0,12,AS7,Z,18.7,11.6,15.5,18,365,HIgh
MERCEDES-BENZ,AMG SL 63,TWO-SEATER,5.5,8,AS7,Z,14.7,9.5,12.4,23,298,HIgh
MERCEDES-BENZ,AMG SL 65,TWO-SEATER,6.0,12,AS7,Z,17.6,10.8,14.5,19,340,HIgh
MERCEDES-BENZ,AMG SLC 43,TWO-SEATER,3.0,6,A9,Z,11.6,8.2,10.1,28,234,Normal
MERCEDES-BENZ,B 250,MID-SIZE,2.0,4,AS7,Z,9.7,6.6,8.3,34,179,Normal
MERCEDES-BENZ,C 300 4MATIC,COMPACT,2.0,4,AS7,Z,10.1,7.8,9.0,31,212,Normal
MERCEDES-BENZ,C 300 4MATIC CABRIOLET,SUBCOMPACT,2.0,4,A9,Z,10.8,8.0,9.5,30,222,Normal
MERCEDES-BENZ,C 300 4MATIC COUPE,SUBCOMPACT,2.0,4,AS7,Z,10.4,8.0,9.3,30,218,Normal
MERCEDES-BENZ,CLA 250,COMPACT,2.0,4,AS7,Z,9.6,6.4,8.1,35,190,Normal
MERCEDES-BENZ,CLS 550 4MATIC,COMPACT,4.7,8,A9,Z,13.6,9.4,11.7,24,275,HIgh
MERCEDES-BENZ,E 300 4MATIC,MID-SIZE,2.0,4,A9,Z,10.8,8.1,9.5,30,246,Normal
MERCEDES-BENZ,E 400 4MATIC,MID-SIZE,3.0,6,A9,Z,11.8,8.6,10.4,27,245,Normal
MERCEDES-BENZ,E 400 4MATIC WAGON,STATION WAGON - MID-SIZE,3.0,6,A9,Z,12.4,9.3,11.0,26,259,HIgh
MERCEDES-BENZ,E 400 CABRIOLET,SUBCOMPACT,3.0,6,AS7,Z,11.5,8.1,10.0,28,233,Normal
MERCEDES-BENZ,E 400 COUPE,SUBCOMPACT,3.0,6,AS7,Z,11.8,8.4,10.2,28,239,Normal
MERCEDES-BENZ,E 550 CABRIOLET,SUBCOMPACT,4.7,8,AS7,Z,13.7,9.2,11.7,24,275,HIgh
MERCEDES-BENZ,E 550 COUPE,SUBCOMPACT,4.7,8,AS7,Z,13.4,8.9,11.4,25,268,HIgh
MERCEDES-BENZ,G 550,SUV - STANDARD,4.0,8,AS7,Z,19.0,16.6,17.9,16,401,HIgh
MERCEDES-BENZ,GLA 250 4MATIC,SUV - SMALL,2.0,4,AS7,Z,10.3,7.6,9.1,31,212,Normal
MERCEDES-BENZ,GLA 250 4MATIC,SUV - SMALL,2.0,4,AS7,E,13.6,10.0,12.0,24,128,Normal
MERCEDES-BENZ,GLC 300 4MATIC,SUV - SMALL,2.0,4,A9,Z,11.1,8.5,10.0,28,233,Normal
MERCEDES-BENZ,GLE 400 4MATIC,SUV - STANDARD,3.0,6,A9,Z,13.1,10.1,11.7,24,276,HIgh
MERCEDES-BENZ,GLE 550 4MATIC,SUV - STANDARD,4.7,8,A9,Z,15.3,11.3,13.5,21,318,HIgh
MERCEDES-BENZ,GLS 450 4MATIC,SUV - STANDARD,3.0,6,A9,Z,14.4,11.4,13.0,22,306,HIgh
MERCEDES-BENZ,GLS 550 4MATIC,SUV - STANDARD,4.7,8,A9,Z,16.7,12.9,15.0,19,347,HIgh
MERCEDES-BENZ,MAYBACH S 600,FULL-SIZE,6.0,12,AS7,Z,18.2,11.0,15.0,19,359,HIgh
MERCEDES-BENZ,METRIS CARGO,SPECIAL PURPOSE VEHICLE,2.0,4,AS7,Z,11.1,9.1,10.2,28,240,Normal
MERCEDES-BENZ,METRIS PASSENGER,SPECIAL PURPOSE VEHICLE,2.0,4,AS7,Z,11.5,9.3,10.5,27,248,Normal
MERCEDES-BENZ,S 400 4MATIC SWB,MID-SIZE,3.0,6,AS7,Z,12.6,8.6,10.8,26,253,HIgh
MERCEDES-BENZ,S 550 4MATIC SWB,MID-SIZE,4.7,8,A9,Z,14.3,9.2,12.0,24,280,HIgh
MERCEDES-BENZ,S 550 4MATIC LWB,FULL-SIZE,4.7,8,A9,Z,14.3,9.2,12.0,24,280,HIgh
MERCEDES-BENZ,S 550 4MATIC CABRIOLET,COMPACT,4.7,8,A9,Z,13.9,9.3,11.8,24,276,HIgh
MERCEDES-BENZ,S 550 4MATIC COUPE,COMPACT,4.7,8,A9,Z,14.1,9.3,11.9,24,278,HIgh
MERCEDES-BENZ,S 600,FULL-SIZE,6.0,12,AS7,Z,17.5,10.8,14.5,19,350,HIgh
MERCEDES-BENZ,SL 450,TWO-SEATER,3.0,6,A9,Z,11.5,8.4,10.1,28,237,Normal
MERCEDES-BENZ,SL 550,TWO-SEATER,4.7,8,A9,Z,13.6,9.5,11.7,24,275,HIgh
MERCEDES-BENZ,SLC 300,TWO-SEATER,2.0,4,A9,Z,9.5,7.2,8.5,33,200,Normal
MINI,COOPER 3 DOOR,SUBCOMPACT,1.5,3,AS6,Z,8.8,6.8,7.9,36,184,Normal
MINI,COOPER 3 DOOR,SUBCOMPACT,1.5,3,M6,Z,8.5,6.2,7.5,38,175,Normal
MINI,COOPER 5 DOOR,SUBCOMPACT,1.5,3,AS6,Z,8.8,6.8,7.9,36,184,Normal
MINI,COOPER 5 DOOR,SUBCOMPACT,1.5,3,M6,Z,8.5,6.3,7.5,38,175,Normal
MINI,COOPER CLUBMAN,MID-SIZE,1.5,3,AS6,Z,9.5,7.2,8.4,34,197,Normal
MINI,COOPER CLUBMAN,MID-SIZE,1.5,3,M6,Z,9.6,7.0,8.4,34,197,Normal
MINI,COOPER CLUBMAN ALL4,MID-SIZE,1.5,3,AS8,Z,10.2,7.8,9.1,31,213,Normal
MINI,COOPER CLUBMAN ALL4,MID-SIZE,1.5,3,M6,Z,10.6,7.4,9.1,31,214,Normal
MINI,COOPER CONVERTIBLE,MINICOMPACT,1.5,3,AS6,Z,8.8,6.8,7.9,36,184,Normal
MINI,COOPER CONVERTIBLE,MINICOMPACT,1.5,3,M6,Z,8.5,6.3,7.5,38,175,Normal
MINI,COOPER COUNTRYMAN,MID-SIZE,1.5,3,AS6,Z,9.5,7.2,8.4,34,197,Normal
MINI,COOPER COUNTRYMAN,MID-SIZE,1.5,3,M6,Z,9.6,7.0,8.4,34,197,Normal
MINI,COOPER COUNTRYMAN ALL4,MID-SIZE,1.5,3,AS8,Z,10.3,7.9,9.2,31,215,Normal
MINI,COOPER COUNTRYMAN ALL4,MID-SIZE,1.5,3,M6,Z,10.6,7.4,9.1,31,214,Normal
MINI,COOPER S 3 DOOR,SUBCOMPACT,2.0,4,AS6,Z,9.3,7.2,8.3,34,196,Normal
MINI,COOPER S 3 DOOR,SUBCOMPACT,2.0,4,M6,Z,10.2,7.3,8.9,32,210,Normal
MINI,COOPER S 5 DOOR,SUBCOMPACT,2.0,4,AS6,Z,9.3,7.2,8.3,34,196,Normal
MINI,COOPER S 5 DOOR,SUBCOMPACT,2.0,4,M6,Z,10.2,7.3,8.9,32,210,Normal
MINI,COOPER S CLUBMAN,MID-SIZE,2.0,4,AS8,Z,10.0,7.2,8.7,32,205,Normal
MINI,COOPER S CLUBMAN,MID-SIZE,2.0,4,M6,Z,10.8,7.7,9.4,30,220,Normal
MINI,COOPER S CLUBMAN ALL4,MID-SIZE,2.0,4,AS8,Z,10.2,7.4,9.0,31,210,Normal
MINI,COOPER S CLUBMAN ALL4,MID-SIZE,2.0,4,M6,Z,11.4,7.8,9.7,29,227,Normal
MINI,COOPER S CONVERTIBLE,MINICOMPACT,2.0,4,AS6,Z,9.4,7.2,8.4,34,196,Normal
MINI,COOPER S CONVERTIBLE,MINICOMPACT,2.0,4,M6,Z,10.2,7.3,8.9,32,210,Normal
MINI,COOPER S COUNTRYMAN  ALL4,MID-SIZE,2.0,4,AS8,Z,10.5,7.4,9.1,31,213,Normal
MINI,COOPER S COUNTRYMAN  ALL4,MID-SIZE,2.0,4,M6,Z,11.3,7.7,9.7,29,227,Normal
MINI,JOHN COOPER WORKS 3 DOOR,SUBCOMPACT,2.0,4,AS6,Z,9.3,7.2,8.3,34,196,Normal
MINI,JOHN COOPER WORKS 3 DOOR,SUBCOMPACT,2.0,4,M6,Z,10.2,7.3,8.9,32,210,Normal
MINI,JOHN COOPER WORKS CLUBMAN ALL4,MID-SIZE,2.0,4,AS8,Z,10.2,7.4,9.0,31,210,Normal
MINI,JOHN COOPER WORKS CLUBMAN ALL4,MID-SIZE,2.0,4,M6,Z,11.4,7.8,9.7,29,227,Normal
MINI,JOHN COOPER WORKS CONVERTIBLE,MINICOMPACT,2.0,4,AS6,Z,9.4,7.2,8.4,34,196,Normal
MINI,JOHN COOPER WORKS CONVERTIBLE,MINICOMPACT,2.0,4,M6,Z,10.8,7.7,9.4,30,220,Normal
MITSUBISHI,LANCER,COMPACT,2.0,4,AV6,X,8.7,6.9,7.9,36,183,Normal
MITSUBISHI,LANCER,COMPACT,2.0,4,M5,X,9.7,7.1,8.5,33,200,Normal
MITSUBISHI,LANCER,COMPACT,2.4,4,AV6,X,9.9,7.7,8.9,32,206,Normal
MITSUBISHI,LANCER,COMPACT,2.4,4,M5,X,10.5,7.8,9.3,30,218,Normal
MITSUBISHI,LANCER 4WD,COMPACT,2.4,4,AV6,X,10.2,7.9,9.2,31,212,Normal
MITSUBISHI,LANCER SPORTBACK,STATION WAGON - SMALL,2.0,4,AV6,X,9.3,7.2,8.4,34,194,Normal
MITSUBISHI,LANCER SPORTBACK,STATION WAGON - SMALL,2.0,4,M5,X,9.9,7.3,8.7,32,205,Normal
MITSUBISHI,MIRAGE,COMPACT,1.2,3,AV,X,6.4,5.5,6.0,47,141,Normal
MITSUBISHI,MIRAGE,COMPACT,1.2,3,M5,X,7.1,5.8,6.5,43,150,Normal
MITSUBISHI,MIRAGE G4,COMPACT,1.2,3,AV,X,6.9,5.7,6.4,44,149,Normal
MITSUBISHI,MIRAGE G4,COMPACT,1.2,3,M5,X,7.2,5.9,6.6,43,155,Normal
MITSUBISHI,OUTLANDER,SUV - SMALL,2.4,4,AV6,X,9.2,7.5,8.4,34,197,Normal
MITSUBISHI,OUTLANDER 4WD,SUV - SMALL,2.4,4,AV6,X,9.8,8.1,9.0,31,211,Normal
MITSUBISHI,OUTLANDER 4WD,SUV - SMALL,3.0,6,AS6,Z,11.9,8.5,10.4,27,242,Normal
MITSUBISHI,RVR,SUV - SMALL,2.0,4,AV6,X,9.7,7.8,8.8,32,204,Normal
MITSUBISHI,RVR,SUV - SMALL,2.0,4,M5,X,10.3,8.2,9.3,30,216,Normal
MITSUBISHI,RVR 4WD,SUV - SMALL,2.0,4,AV6,X,10.1,8.2,9.2,31,213,Normal
NISSAN,370Z,TWO-SEATER,3.7,6,AS7,Z,12.6,9.3,11.1,25,261,HIgh
NISSAN,370Z,TWO-SEATER,3.7,6,M6,Z,13.3,9.3,11.5,25,269,HIgh
NISSAN,370Z ROADSTER,TWO-SEATER,3.7,6,AS7,Z,13.0,9.7,11.5,25,270,HIgh
NISSAN,370Z ROADSTER,TWO-SEATER,3.7,6,M6,Z,13.6,9.7,11.8,24,278,HIgh
NISSAN,ALTIMA,MID-SIZE,2.5,4,AV,X,8.8,6.0,7.5,38,176,Normal
NISSAN,ALTIMA,MID-SIZE,3.5,6,AV7,X,10.6,7.3,9.1,31,214,Normal
NISSAN,ALTIMA SR,MID-SIZE,2.5,4,AV7,X,8.8,6.5,7.8,36,183,Normal
NISSAN,ARMADA 4WD,SUV - STANDARD,5.6,8,AS7,X,17.5,12.9,15.4,18,362,HIgh
NISSAN,FRONTIER,PICKUP TRUCK - SMALL,2.5,4,A5,X,13.5,10.5,12.2,23,286,HIgh
NISSAN,FRONTIER,PICKUP TRUCK - SMALL,2.5,4,M5,X,12.2,10.4,11.4,25,268,HIgh
NISSAN,FRONTIER,PICKUP TRUCK - SMALL,4.0,6,A5,X,14.8,10.6,12.9,22,304,HIgh
NISSAN,FRONTIER 4WD,PICKUP TRUCK - SMALL,4.0,6,A5,X,15.8,11.5,13.8,20,326,HIgh
NISSAN,FRONTIER 4WD,PICKUP TRUCK - SMALL,4.0,6,M6,X,15.1,11.5,13.5,21,317,HIgh
NISSAN,GT-R,SUBCOMPACT,3.8,6,AM6,Z,14.5,10.7,12.8,22,300,HIgh
NISSAN,JUKE,STATION WAGON - SMALL,1.6,4,AV7,Z,8.5,7.5,8.0,35,189,Normal
NISSAN,JUKE,STATION WAGON - SMALL,1.6,4,M6,Z,8.6,7.2,8.0,35,188,Normal
NISSAN,JUKE AWD,STATION WAGON - SMALL,1.6,4,AV7,Z,9.0,7.8,8.4,34,199,Normal
NISSAN,JUKE NISMO RS,STATION WAGON - SMALL,1.6,4,M6,Z,9.0,7.6,8.4,34,197,Normal
NISSAN,JUKE NISMO RS AWD,STATION WAGON - SMALL,1.6,4,AV8,Z,9.5,8.3,8.9,32,209,Normal
NISSAN,MAXIMA,MID-SIZE,3.5,6,AV7,Z,11.1,7.8,9.6,29,225,Normal
NISSAN,MICRA,COMPACT,1.6,4,A4,X,8.9,6.8,7.9,36,186,Normal
NISSAN,MICRA,COMPACT,1.6,4,M5,X,8.7,6.8,7.9,36,185,Normal
NISSAN,MURANO,STATION WAGON - MID-SIZE,3.5,6,AV7,X,11.0,8.3,9.8,29,230,Normal
NISSAN,MURANO AWD,STATION WAGON - MID-SIZE,3.5,6,AV7,X,11.2,8.4,9.9,29,232,Normal
NISSAN,NV200 CARGO VAN,SPECIAL PURPOSE VEHICLE,2.0,4,AV,X,9.8,9.0,9.4,30,220,Normal
NISSAN,PATHFINDER,SUV - SMALL,3.5,6,AV,X,11.6,8.5,10.2,28,240,Normal
NISSAN,PATHFINDER 4WD,SUV - SMALL,3.5,6,AV,X,12.1,8.9,10.7,26,250,Normal
NISSAN,PATHFINDER 4WD PLATINUM,SUV - SMALL,3.5,6,AV,X,12.4,9.2,11.0,26,258,HIgh
NISSAN,QASHQAI,STATION WAGON - SMALL,2.0,4,AV,X,8.8,7.3,8.1,35,191,Normal
NISSAN,QASHQAI,STATION WAGON - SMALL,2.0,4,M6,X,10.0,8.1,9.2,31,216,Normal
NISSAN,QASHQAI AWD,STATION WAGON - SMALL,2.0,4,AV,X,9.1,7.5,8.4,34,197,Normal
NISSAN,ROGUE,SUV - SMALL,2.5,4,AV,X,9.2,7.0,8.2,34,192,Normal
NISSAN,ROGUE AWD,SUV - SMALL,2.5,4,AV,X,9.6,7.4,8.6,33,203,Normal
NISSAN,SENTRA (Turbo),MID-SIZE,1.6,4,AV7,Z,8.9,7.3,8.2,34,193,Normal
NISSAN,SENTRA (Turbo),MID-SIZE,1.6,4,M6,Z,9.1,7.3,8.3,34,195,Normal
NISSAN,SENTRA,MID-SIZE,1.8,4,AV,X,8.1,6.3,7.3,39,171,Normal
NISSAN,SENTRA,MID-SIZE,1.8,4,M6,X,9.0,6.8,8.0,35,187,Normal
NISSAN,SENTRA NISMO,MID-SIZE,1.6,4,AV7,Z,9.4,7.8,8.7,32,205,Normal
NISSAN,SENTRA NISMO,MID-SIZE,1.6,4,M6,Z,9.5,7.6,8.7,32,204,Normal
NISSAN,TITAN,PICKUP TRUCK - STANDARD,5.6,8,AS7,X,15.0,11.2,13.3,21,312,HIgh
NISSAN,TITAN 4WD,PICKUP TRUCK - STANDARD,5.6,8,AS7,X,15.2,11.1,13.4,21,315,HIgh
NISSAN,TITAN 4WD PRO-4X,PICKUP TRUCK - STANDARD,5.6,8,AS7,X,16.0,12.0,14.2,20,333,HIgh
NISSAN,VERSA,MID-SIZE,1.6,4,AV,X,7.6,6.2,7.0,40,164,Normal
NISSAN,VERSA,MID-SIZE,1.6,4,M5,X,8.6,6.6,7.7,37,180,Normal
PORSCHE,911 CARRERA,MINICOMPACT,3.0,6,AM7,Z,10.6,8.0,9.4,30,221,Normal
PORSCHE,911 CARRERA,MINICOMPACT,3.0,6,M7,Z,11.8,8.1,10.1,28,237,Normal
PORSCHE,911 CARRERA CABRIOLET,MINICOMPACT,3.0,6,AM7,Z,10.8,8.3,9.7,29,227,Normal
PORSCHE,911 CARRERA CABRIOLET,MINICOMPACT,3.0,6,M7,Z,12.0,8.2,10.3,27,241,Normal
PORSCHE,911 CARRERA S,MINICOMPACT,3.0,6,AM7,Z,10.8,8.3,9.7,29,226,Normal
PORSCHE,911 CARRERA S,MINICOMPACT,3.0,6,M7,Z,12.1,8.3,10.4,27,242,Normal
PORSCHE,911 CARRERA S CABRIOLET,MINICOMPACT,3.0,6,AM7,Z,10.8,8.4,9.7,29,228,Normal
PORSCHE,911 CARRERA S CABRIOLET,MINICOMPACT,3.0,6,M7,Z,12.1,8.3,10.4,27,243,Normal
PORSCHE,911 CARRERA 4,MINICOMPACT,3.0,6,AM7,Z,10.7,8.3,9.6,29,225,Normal
PORSCHE,911 CARRERA 4,MINICOMPACT,3.0,6,M7,Z,12.1,8.3,10.4,27,242,Normal
PORSCHE,911 CARRERA 4 CABRIOLET,MINICOMPACT,3.0,6,AM7,Z,11.0,8.4,9.8,29,230,Normal
PORSCHE,911 CARRERA 4 CABRIOLET,MINICOMPACT,3.0,6,M7,Z,12.2,8.5,10.5,27,246,Normal
PORSCHE,911 CARRERA 4S,MINICOMPACT,3.0,6,AM7,Z,11.0,8.5,9.9,29,232,Normal
PORSCHE,911 CARRERA 4S,MINICOMPACT,3.0,6,M7,Z,12.1,8.4,10.4,27,243,Normal
PORSCHE,911 CARRERA 4S CABRIOLET,MINICOMPACT,3.0,6,AM7,Z,10.9,8.5,9.9,29,231,Normal
PORSCHE,911 CARRERA 4S CABRIOLET,MINICOMPACT,3.0,6,M7,Z,12.2,8.5,10.5,27,246,Normal
PORSCHE,911 TARGA 4,MINICOMPACT,3.0,6,AM7,Z,10.9,8.4,9.8,29,228,Normal
PORSCHE,911 TARGA 4,MINICOMPACT,3.0,6,M7,Z,12.2,8.5,10.5,27,246,Normal
PORSCHE,911 TARGA 4S,MINICOMPACT,3.0,6,AM7,Z,11.1,8.6,10.0,28,233,Normal
PORSCHE,911 TARGA 4S,MINICOMPACT,3.0,6,M7,Z,12.2,8.5,10.5,27,246,Normal
PORSCHE,911 TURBO,MINICOMPACT,3.8,6,AM7,Z,12.6,9.9,11.4,25,266,HIgh
PORSCHE,911 TURBO CABRIOLET,MINICOMPACT,3.8,6,AM7,Z,12.6,9.9,11.4,25,267,HIgh
PORSCHE,911 TURBO S,MINICOMPACT,3.8,6,AM7,Z,12.6,9.9,11.4,25,266,HIgh
PORSCHE,911 TURBO S CABRIOLET,MINICOMPACT,3.8,6,AM7,Z,12.6,9.9,11.4,25,267,HIgh
PORSCHE,BOXSTER,TWO-SEATER,2.0,4,AM7,Z,10.5,8.0,9.4,30,219,Normal
PORSCHE,BOXSTER,TWO-SEATER,2.0,4,M6,Z,11.0,8.3,9.8,29,229,Normal
PORSCHE,BOXSTER S,TWO-SEATER,2.5,4,AM7,Z,11.0,8.4,9.9,29,230,Normal
PORSCHE,BOXSTER S,TWO-SEATER,2.5,4,M6,Z,12.1,9.0,10.7,26,249,Normal
PORSCHE,CAYENNE,SUV - STANDARD,3.6,6,A8,Z,12.9,9.7,11.5,25,268,HIgh
PORSCHE,CAYENNE PLATINUM,SUV - STANDARD,3.6,6,A8,Z,13.6,10.2,12.1,23,281,HIgh
PORSCHE,CAYENNE S,SUV - STANDARD,3.6,6,A8,Z,13.9,9.6,12.0,24,281,HIgh
PORSCHE,CAYENNE GTS,SUV - STANDARD,3.6,6,A8,Z,14.5,10.4,12.6,22,296,HIgh
PORSCHE,CAYENNE TURBO,SUV - STANDARD,4.8,8,A8,Z,16.7,11.2,14.2,20,334,HIgh
PORSCHE,CAYENNE TURBO S,SUV - STANDARD,4.8,8,A8,Z,16.7,11.2,14.2,20,334,HIgh
PORSCHE,CAYMAN,TWO-SEATER,2.0,4,AM7,Z,10.5,8.0,9.4,30,219,Normal
PORSCHE,CAYMAN,TWO-SEATER,2.0,4,M6,Z,11.0,8.3,9.8,29,229,Normal
PORSCHE,CAYMAN S,TWO-SEATER,2.5,4,AM7,Z,11.0,8.4,9.9,29,230,Normal
PORSCHE,CAYMAN S,TWO-SEATER,2.5,4,M6,Z,12.1,9.0,10.7,26,249,Normal
PORSCHE,MACAN,SUV - SMALL,2.0,4,A7,Z,11.6,9.3,10.6,27,248,Normal
PORSCHE,MACAN S,SUV - SMALL,3.0,6,A7,Z,13.7,10.3,12.2,23,285,HIgh
PORSCHE,MACAN GTS,SUV - SMALL,3.0,6,A7,Z,13.8,10.3,12.3,23,287,HIgh
PORSCHE,MACAN TURBO,SUV - SMALL,3.6,6,A7,Z,14.2,10.1,12.3,23,287,HIgh
RAM,1500 FFV,PICKUP TRUCK - STANDARD,3.6,6,A8,X,13.9,9.6,11.9,24,280,HIgh
RAM,1500 FFV,PICKUP TRUCK - STANDARD,3.6,6,A8,E,19.7,13.8,17.0,17,283,HIgh
RAM,1500,PICKUP TRUCK - STANDARD,5.7,8,A6,X,17.0,12.0,14.8,19,346,HIgh
RAM,1500,PICKUP TRUCK - STANDARD,5.7,8,A8,X,15.7,11.0,13.6,21,319,HIgh
RAM,1500 ECODIESEL,PICKUP TRUCK - STANDARD,3.0,6,A8,D,11.8,8.6,10.4,27,278,HIgh
RAM,1500 4X4 FFV,PICKUP TRUCK - STANDARD,3.6,6,A8,X,14.5,10.2,12.6,22,294,HIgh
RAM,1500 4X4 FFV,PICKUP TRUCK - STANDARD,3.6,6,A8,E,20.7,14.7,18.0,16,300,HIgh
RAM,1500 4X4,PICKUP TRUCK - STANDARD,5.7,8,A6,X,17.5,12.7,15.4,18,361,HIgh
RAM,1500 4X4,PICKUP TRUCK - STANDARD,5.7,8,A8,X,16.1,11.5,14.0,20,328,HIgh
RAM,1500 4X4 ECODIESEL,PICKUP TRUCK - STANDARD,3.0,6,A8,D,12.3,8.8,10.8,26,289,HIgh
RAM,PROMASTER CITY,SPECIAL PURPOSE VEHICLE,2.4,4,A9,X,11.2,8.3,9.9,29,232,Normal
ROLLS-ROYCE,DAWN,COMPACT,6.6,12,AS8,Z,20.0,12.6,16.7,17,390,HIgh
ROLLS-ROYCE,GHOST,FULL-SIZE,6.6,12,AS8,Z,20.0,12.6,16.7,17,390,HIgh
ROLLS-ROYCE,GHOST EWB,FULL-SIZE,6.6,12,AS8,Z,20.0,12.6,16.7,17,390,HIgh
ROLLS-ROYCE,PHANTOM,FULL-SIZE,6.7,12,AS8,Z,20.7,12.7,17.1,17,400,HIgh
ROLLS-ROYCE,PHANTOM EWB,FULL-SIZE,6.7,12,AS8,Z,20.7,12.7,17.1,17,400,HIgh
ROLLS-ROYCE,PHANTOM COUPE,COMPACT,6.7,12,AS8,Z,20.7,12.7,17.1,17,400,HIgh
ROLLS-ROYCE,PHANTOM DROPHEAD COUPE,COMPACT,6.7,12,AS8,Z,20.6,12.8,17.1,17,401,HIgh
ROLLS-ROYCE,WRAITH,MID-SIZE,6.6,12,AS8,Z,19.0,12.5,16.1,18,375,HIgh
SMART,FORTWO CABRIOLET,TWO-SEATER,0.9,3,AM6,Z,7.0,6.3,6.7,42,152,Normal
SUBARU,BRZ,MINICOMPACT,2.0,4,AS6,Z,9.7,7.2,8.6,33,200,Normal
SUBARU,BRZ,MINICOMPACT,2.0,4,M6,Z,11.1,8.0,9.7,29,228,Normal
SUBARU,CROSSTREK AWD,SUV - SMALL,2.0,4,AV6,X,9.1,7.2,8.2,34,193,Normal
SUBARU,CROSSTREK AWD,SUV - SMALL,2.0,4,M5,X,10.3,7.8,9.2,31,216,Normal
SUBARU,FORESTER AWD,SUV - SMALL,2.0,4,AV8,Z,10.2,8.6,9.5,30,223,Normal
SUBARU,FORESTER AWD,SUV - SMALL,2.5,4,AV6,X,9.2,7.4,8.4,34,196,Normal
SUBARU,FORESTER AWD,SUV - SMALL,2.5,4,M6,X,10.9,8.3,9.7,29,228,Normal
SUBARU,IMPREZA 4-DOOR AWD,MID-SIZE,2.0,4,AV7,X,8.3,6.4,7.5,38,174,Normal
SUBARU,IMPREZA 4-DOOR AWD,MID-SIZE,2.0,4,M5,X,10.0,7.5,8.9,32,208,Normal
SUBARU,IMPREZA 5-DOOR AWD,STATION WAGON - SMALL,2.0,4,AV7,X,8.4,6.5,7.5,38,176,Normal
SUBARU,IMPREZA 5-DOOR AWD,STATION WAGON - SMALL,2.0,4,M5,X,10.1,7.7,9.0,31,211,Normal
SUBARU,LEGACY AWD,MID-SIZE,2.5,4,AV6,X,9.3,7.0,8.3,34,194,Normal
SUBARU,LEGACY AWD,MID-SIZE,2.5,4,M6,X,10.7,7.9,9.5,30,222,Normal
SUBARU,LEGACY AWD,MID-SIZE,3.6,6,AV6,X,11.9,8.3,10.3,27,241,Normal
SUBARU,OUTBACK AWD,SUV - SMALL,2.5,4,AV6,X,9.4,7.3,8.4,34,198,Normal
SUBARU,OUTBACK AWD,SUV - SMALL,2.5,4,M6,X,11.0,8.3,9.8,29,229,Normal
SUBARU,OUTBACK AWD,SUV - SMALL,3.6,6,AV6,X,12.0,8.7,10.5,27,247,Normal
SUBARU,WRX AWD,COMPACT,2.0,4,AV8,Z,12.5,9.6,11.2,25,255,HIgh
SUBARU,WRX AWD,COMPACT,2.0,4,M6,Z,11.3,8.5,10.0,28,235,Normal
SUBARU,WRX AWD,COMPACT,2.5,4,M6,Z,13.8,10.2,12.2,23,285,HIgh
TOYOTA,4RUNNER 4WD,SUV - STANDARD,4.0,6,AS5,X,14.3,12.0,13.3,21,310,HIgh
TOYOTA,4RUNNER 4WD (Part-Time 4WD),SUV - STANDARD,4.0,6,AS5,X,14.3,12.0,13.3,21,310,HIgh
TOYOTA,86,MINICOMPACT,2.0,4,AS6,Z,9.9,7.3,8.7,32,204,Normal
TOYOTA,86,MINICOMPACT,2.0,4,M6,Z,11.3,8.3,9.9,29,232,Normal
TOYOTA,AVALON,MID-SIZE,3.5,6,AS6,X,11.4,7.7,9.7,29,226,Normal
TOYOTA,CAMRY,MID-SIZE,2.5,4,AS6,X,9.8,7.1,8.6,33,199,Normal
TOYOTA,CAMRY,MID-SIZE,3.5,6,AS6,X,11.0,7.8,9.6,29,224,Normal
TOYOTA,CAMRY HYBRID LE,MID-SIZE,2.5,4,AV,X,5.6,6.2,5.9,48,137,Normal
TOYOTA,CAMRY HYBRID XLE/SE,MID-SIZE,2.5,4,AV,X,5.8,6.3,6.0,47,141,Normal
TOYOTA,COROLLA,MID-SIZE,1.8,4,AV,X,8.3,6.5,7.5,38,174,Normal
TOYOTA,COROLLA,MID-SIZE,1.8,4,AV7,X,8.3,6.7,7.5,38,178,Normal
TOYOTA,COROLLA,MID-SIZE,1.8,4,M6,X,8.4,6.5,7.5,38,176,Normal
TOYOTA,COROLLA LE ECO (1-mode),MID-SIZE,1.8,4,AV,X,7.8,5.9,6.9,41,163,Normal
TOYOTA,COROLLA LE ECO (2-mode),MID-SIZE,1.8,4,AV,X,8.0,6.3,7.2,39,168,Normal
TOYOTA,COROLLA iM,MID-SIZE,1.8,4,AV7,X,8.3,6.5,7.5,38,176,Normal
TOYOTA,COROLLA iM,MID-SIZE,1.8,4,M6,X,8.8,6.8,7.9,36,185,Normal
TOYOTA,HIGHLANDER,SUV - SMALL,3.5,6,AS8,X,11.8,8.7,10.3,27,243,Normal
TOYOTA,HIGHLANDER AWD,SUV - STANDARD,3.5,6,AS8,X,12.1,9.0,10.6,27,251,HIgh
TOYOTA,HIGHLANDER AWD (Start/Stop System),SUV - STANDARD,3.5,6,AS8,X,12.0,8.9,10.6,27,247,Normal
TOYOTA,HIGHLANDER AWD LE,SUV - STANDARD,3.5,6,AS8,X,11.7,8.8,10.4,27,242,Normal
TOYOTA,HIGHLANDER HYBRID AWD,SUV - STANDARD,3.5,6,AV6,X,8.1,8.5,8.3,34,193,Normal
TOYOTA,PRIUS,MID-SIZE,1.8,4,AV,X,4.4,4.6,4.5,63,105,Normal
TOYOTA,PRIUS c,COMPACT,1.5,4,AV,X,4.9,5.5,5.1,55,120,Normal
TOYOTA,PRIUS v,STATION WAGON - MID-SIZE,1.8,4,AV,X,5.5,6.0,5.8,49,135,Normal
TOYOTA,RAV4,SUV - SMALL,2.5,4,AS6,X,10.3,8.0,9.2,31,217,Normal
TOYOTA,RAV4 LE/XLE,SUV - SMALL,2.5,4,AS6,X,10.0,7.8,9.0,31,210,Normal
TOYOTA,RAV4 AWD,SUV - SMALL,2.5,4,AS6,X,10.5,8.3,9.5,30,222,Normal
TOYOTA,RAV4 LIMITED/SE AWD,SUV - SMALL,2.5,4,AS6,X,10.7,8.4,9.7,29,226,Normal
TOYOTA,RAV4 HYBRID AWD,SUV - SMALL,2.5,4,AV6,X,6.9,7.8,7.3,39,170,Normal
TOYOTA,SEQUOIA 4WD,SUV - STANDARD,5.7,8,AS6,X,18.7,13.8,16.5,17,380,HIgh
TOYOTA,SIENNA,MINIVAN,3.5,6,AS8,X,12.5,8.9,10.9,26,255,HIgh
TOYOTA,SIENNA AWD,MINIVAN,3.5,6,AS8,X,13.4,9.6,11.7,24,274,HIgh
TOYOTA,TACOMA,PICKUP TRUCK - SMALL,2.7,4,AS6,X,12.1,10.1,11.2,25,263,HIgh
TOYOTA,TACOMA,PICKUP TRUCK - SMALL,3.5,6,AS6,X,12.6,10.0,11.4,25,268,HIgh
TOYOTA,TACOMA 4WD,PICKUP TRUCK - SMALL,2.7,4,AS6,X,12.7,10.6,11.7,24,274,HIgh
TOYOTA,TACOMA 4WD,PICKUP TRUCK - SMALL,2.7,4,M5,X,12.4,11.4,11.9,24,279,HIgh
TOYOTA,TACOMA 4WD,PICKUP TRUCK - SMALL,3.5,6,AS6,X,13.2,10.7,12.0,24,283,HIgh
TOYOTA,TACOMA 4WD,PICKUP TRUCK - SMALL,3.5,6,M6,X,13.8,11.6,12.8,22,301,HIgh
TOYOTA,TACOMA 4WD D-CAB OFF-ROAD,PICKUP TRUCK - SMALL,3.5,6,M6,X,13.8,11.7,12.9,22,300,HIgh
TOYOTA,TUNDRA,PICKUP TRUCK - STANDARD,4.6,8,AS6,X,15.8,12.3,14.2,20,334,HIgh
TOYOTA,TUNDRA,PICKUP TRUCK - STANDARD,5.7,8,AS6,X,17.2,12.9,15.3,18,358,HIgh
TOYOTA,TUNDRA 4WD,PICKUP TRUCK - STANDARD,4.6,8,AS6,X,16.8,12.6,14.9,19,349,HIgh
TOYOTA,TUNDRA 4WD,PICKUP TRUCK - STANDARD,5.7,8,AS6,X,18.1,13.9,16.2,17,378,HIgh
TOYOTA,YARIS,COMPACT,1.5,4,AS6,X,7.3,5.8,6.6,43,155,Normal
TOYOTA,YARIS (SIL),COMPACT,1.5,4,M6,X,7.8,6.0,6.8,42,164,Normal
TOYOTA,YARIS HATCHBACK,COMPACT,1.5,4,A4,X,7.9,6.8,7.4,38,173,Normal
TOYOTA,YARIS HATCHBACK,COMPACT,1.5,4,M5,X,7.8,6.5,7.2,39,168,Normal
VOLKSWAGEN,BEETLE,COMPACT,1.8,4,AS6,X,9.7,7.2,8.5,33,199,Normal
VOLKSWAGEN,BEETLE,COMPACT,1.8,4,M5,X,9.5,7.1,8.4,34,198,Normal
VOLKSWAGEN,BEETLE DUNE,COMPACT,1.8,4,AS6,X,9.6,7.5,8.6,33,201,Normal
VOLKSWAGEN,BEETLE CONVERTIBLE,SUBCOMPACT,1.8,4,AS6,X,9.7,7.2,8.5,33,199,Normal
VOLKSWAGEN,CC 4MOTION,COMPACT,3.6,6,AS6,X,13.9,9.3,11.8,24,277,HIgh
VOLKSWAGEN,GOLF,COMPACT,1.8,4,AS6,X,9.4,6.7,8.2,34,192,Normal
VOLKSWAGEN,GOLF,COMPACT,1.8,4,M5,X,9.3,6.6,8.1,35,190,Normal
VOLKSWAGEN,GOLF GTI,COMPACT,2.0,4,AM6,X,9.6,7.2,8.5,33,199,Normal
VOLKSWAGEN,GOLF GTI,COMPACT,2.0,4,M6,X,9.7,7.0,8.5,33,198,Normal
VOLKSWAGEN,GOLF R,COMPACT,2.0,4,AM6,Z,10.4,7.9,9.3,30,216,Normal
VOLKSWAGEN,GOLF R,COMPACT,2.0,4,M6,Z,10.9,7.7,9.4,30,220,Normal
VOLKSWAGEN,GOLF ALLTRACK,STATION WAGON - SMALL,1.8,4,AM6,X,10.6,8.0,9.4,30,220,Normal
VOLKSWAGEN,GOLF SPORTWAGEN,STATION WAGON - SMALL,1.8,4,AS6,X,9.3,6.9,8.2,34,192,Normal
VOLKSWAGEN,GOLF SPORTWAGEN,STATION WAGON - SMALL,1.8,4,M5,X,9.6,6.8,8.3,34,194,Normal
VOLKSWAGEN,GOLF SPORTWAGEN 4MOTION,STATION WAGON - SMALL,1.8,4,AM6,X,10.6,8.0,9.4,30,220,Normal
VOLKSWAGEN,JETTA,COMPACT,1.4,4,AS6,X,8.5,6.2,7.4,38,175,Normal
VOLKSWAGEN,JETTA,COMPACT,1.4,4,M5,X,8.3,5.9,7.2,39,168,Normal
VOLKSWAGEN,JETTA,COMPACT,1.8,4,AM6,X,9.4,6.8,8.2,34,193,Normal
VOLKSWAGEN,JETTA,COMPACT,2.0,4,AS6,X,9.8,7.4,8.7,32,205,Normal
VOLKSWAGEN,JETTA,COMPACT,2.0,4,M6,X,10.2,7.2,8.9,32,208,Normal
VOLKSWAGEN,PASSAT,MID-SIZE,1.8,4,AS6,X,10.1,7.0,8.7,32,204,Normal
VOLKSWAGEN,PASSAT,MID-SIZE,3.6,6,AM6,X,11.9,8.5,10.4,27,242,Normal
VOLKSWAGEN,TIGUAN,SUV - SMALL,2.0,4,AS6,Z,11.7,9.6,10.7,26,256,HIgh
VOLKSWAGEN,TIGUAN 4MOTION,SUV - SMALL,2.0,4,AS6,Z,12.0,10.0,11.1,25,263,HIgh
VOLKSWAGEN,TOUAREG,SUV - STANDARD,3.6,6,AS8,X,13.8,10.4,12.2,23,287,HIgh
VOLVO,S60 T5,COMPACT,2.0,4,AS8,X,9.6,7.0,8.4,34,198,Normal
VOLVO,S60 T5 AWD,COMPACT,2.0,4,AS8,X,10.7,7.8,9.4,30,219,Normal
VOLVO,S60 INSCRIPTION T5,COMPACT,2.0,4,AS8,X,9.6,7.0,8.4,34,198,Normal
VOLVO,S60 INSCRIPTION T5 AWD,COMPACT,2.0,4,AS8,X,10.7,7.8,9.4,30,219,Normal
VOLVO,S60 T6 AWD,COMPACT,2.0,4,AS8,Z,10.9,7.7,9.5,30,221,Normal
VOLVO,S60 POLESTAR,COMPACT,2.0,4,AS8,Z,11.8,8.5,10.3,27,241,Normal
VOLVO,S60 CC T5 AWD,COMPACT,2.0,4,AS8,X,10.8,7.8,9.4,30,220,Normal
VOLVO,S90 T5,MID-SIZE,2.0,4,AS8,Z,10.1,7.0,8.7,32,204,Normal
VOLVO,S90 T6 AWD,MID-SIZE,2.0,4,AS8,Z,10.8,7.6,9.4,30,219,Normal
VOLVO,V60 T5,STATION WAGON - SMALL,2.0,4,AS8,X,9.6,7.0,8.4,34,198,Normal
VOLVO,V60 T5 AWD,STATION WAGON - SMALL,2.0,4,AS8,X,10.7,7.8,9.4,30,219,Normal
VOLVO,V60 T6 AWD,STATION WAGON - SMALL,2.0,4,AS8,Z,10.9,7.7,9.5,30,221,Normal
VOLVO,V60 POLESTAR,STATION WAGON - SMALL,2.0,4,AS8,Z,11.8,8.5,10.3,27,241,Normal
VOLVO,V60 CC T5 AWD,STATION WAGON - SMALL,2.0,4,AS8,X,10.8,7.8,9.4,30,220,Normal
VOLVO,V90 T5,STATION WAGON - MID-SIZE,2.0,4,AS8,Z,10.1,7.0,8.7,32,204,Normal
VOLVO,V90 T6 AWD,STATION WAGON - MID-SIZE,2.0,4,AS8,Z,10.8,7.6,9.4,30,219,Normal
VOLVO,V90 CC T6 AWD,STATION WAGON - MID-SIZE,2.0,4,AS8,Z,10.7,7.9,9.4,30,221,Normal
VOLVO,XC60 T5,SUV - SMALL,2.0,4,AS8,X,10.4,7.8,9.2,31,216,Normal
VOLVO,XC60 T5 AWD,SUV - SMALL,2.0,4,AS8,X,11.3,8.4,10.0,28,233,Normal
VOLVO,XC60 T6 AWD,SUV - SMALL,2.0,4,AS8,Z,11.7,8.7,10.4,27,244,Normal
VOLVO,XC90 T5,SUV - STANDARD,2.0,4,AS8,Z,10.6,9.1,10.0,28,232,Normal
VOLVO,XC90 T5 AWD,SUV - STANDARD,2.0,4,AS8,Z,10.8,9.5,10.2,28,239,Normal
VOLVO,XC90 T6 AWD,SUV - STANDARD,2.0,4,AS8,Z,11.5,9.6,10.6,27,249,Normal
ACURA,ILX,COMPACT,2.4,4,AM8,Z,9.4,6.8,8.2,34,192,Normal
ACURA,MDX SH-AWD,SUV - SMALL,3.5,6,AS9,Z,12.6,9.0,11.0,26,259,HIgh
ACURA,MDX SH-AWD ELITE,SUV - SMALL,3.5,6,AS9,Z,12.2,9.0,10.7,26,251,HIgh
ACURA,MDX HYBRID AWD,SUV - SMALL,3.0,6,AM7,Z,9.1,9.0,9.0,31,210,Normal
ACURA,NSX,TWO-SEATER,3.5,6,AM9,Z,11.1,10.8,11.0,26,261,HIgh
ACURA,RDX AWD,SUV - SMALL,3.5,6,AS6,Z,12.4,8.7,10.7,26,250,Normal
ACURA,RLX HYBRID,MID-SIZE,3.5,6,AM7,Z,8.4,8.2,8.4,34,196,Normal
ACURA,TLX,COMPACT,2.4,4,AM8,Z,10.0,7.1,8.7,32,205,Normal
ACURA,TLX A-SPEC,COMPACT,2.4,4,AM8,Z,10.2,7.4,8.9,32,209,Normal
ACURA,TLX SH-AWD,COMPACT,3.5,6,AS9,Z,11.4,7.7,9.8,29,228,Normal
ACURA,TLX SH-AWD A-SPEC,COMPACT,3.5,6,AS9,Z,12.0,8.2,10.3,27,240,Normal
ALFA ROMEO,4C COUPE,TWO-SEATER,1.8,4,AM6,Z,9.7,6.9,8.4,34,197,Normal
ALFA ROMEO,4C SPIDER,TWO-SEATER,1.8,4,AM6,Z,9.7,6.9,8.4,34,197,Normal
ALFA ROMEO,GIULIA,MID-SIZE,2.0,4,A8,Z,10.0,7.2,8.7,32,205,Normal
ALFA ROMEO,GIULIA AWD,MID-SIZE,2.0,4,A8,Z,10.5,7.7,9.2,31,217,Normal
ALFA ROMEO,GIULIA QUADRIFOGLIO,MID-SIZE,2.9,6,A8,Z,13.8,9.6,11.9,24,280,HIgh
ALFA ROMEO,STELVIO AWD,SUV - SMALL,2.0,4,A8,Z,10.8,8.3,9.6,29,226,Normal
ALFA ROMEO,STELVIO QUADRIFOGLIO,SUV - SMALL,2.9,6,A8,Z,14.1,10.4,12.4,23,292,HIgh
ASTON MARTIN,DB11 V8,MINICOMPACT,4.0,8,A8,Z,13.0,9.8,11.5,25,271,HIgh
ASTON MARTIN,DB11 V12,MINICOMPACT,5.2,12,A8,Z,15.5,11.4,13.7,21,322,HIgh
ASTON MARTIN,RAPIDE S,SUBCOMPACT,6.0,12,A8,Z,16.7,10.9,14.1,20,332,HIgh
ASTON MARTIN,VANQUISH,MINICOMPACT,6.0,12,A8,Z,17.5,11.4,14.7,19,346,HIgh
AUDI,A3,SUBCOMPACT,2.0,4,AM7,X,9.1,6.8,8.0,35,188,Normal
AUDI,A3 QUATTRO,SUBCOMPACT,2.0,4,AM6,X,9.7,7.5,8.7,32,205,Normal
AUDI,A3 CABRIOLET QUATTRO,SUBCOMPACT,2.0,4,AM6,X,10.8,8.0,9.5,30,223,Normal
AUDI,A4,COMPACT,2.0,4,AM7,Z,8.6,6.4,7.6,37,177,Normal
AUDI,A4 QUATTRO,COMPACT,2.0,4,AM7,Z,10.0,7.0,8.7,32,203,Normal
AUDI,A4 QUATTRO,COMPACT,2.0,4,M6,Z,9.9,7.1,8.7,32,204,Normal
AUDI,A4 ALLROAD QUATTRO,STATION WAGON - SMALL,2.0,4,AM7,Z,10.5,7.9,9.3,30,217,Normal
AUDI,A5 QUATTRO,SUBCOMPACT,2.0,4,AM7,Z,10.0,7.0,8.7,32,203,Normal
AUDI,A5 QUATTRO,SUBCOMPACT,2.0,4,M6,Z,9.9,7.1,8.7,32,204,Normal
AUDI,A5 CABRIOLET QUATTRO,SUBCOMPACT,2.0,4,AM7,Z,10.0,7.0,8.7,32,203,Normal
AUDI,A5 SPORTBACK QUATTRO,MID-SIZE,2.0,4,AM7,Z,10.0,7.0,8.7,32,203,Normal
AUDI,A6 QUATTRO,MID-SIZE,2.0,4,AS8,Z,10.6,7.5,9.2,31,216,Normal
AUDI,A6 QUATTRO,MID-SIZE,3.0,6,AS8,Z,11.5,8.2,10.0,28,235,Normal
AUDI,A7 QUATTRO,MID-SIZE,3.0,6,AS8,Z,11.5,8.2,10.0,28,235,Normal
AUDI,A8,FULL-SIZE,3.0,6,AS8,Z,12.6,8.0,10.5,27,247,Normal
AUDI,A8,FULL-SIZE,4.0,8,AS8,Z,15.1,9.1,12.4,23,290,HIgh
AUDI,A8L,FULL-SIZE,4.0,8,AS8,Z,15.1,9.1,12.4,23,290,HIgh
AUDI,Q3,COMPACT,2.0,4,AS6,Z,11.6,8.3,10.1,28,236,Normal
AUDI,Q3 QUATTRO,COMPACT,2.0,4,AS6,Z,11.9,8.4,10.3,27,240,Normal
AUDI,Q5,SUV - SMALL,2.0,4,AS7,Z,10.4,8.6,9.6,29,226,Normal
AUDI,Q7,SUV - STANDARD,2.0,4,AS8,Z,12.2,9.5,11.0,26,258,HIgh
AUDI,Q7,SUV - STANDARD,3.0,6,AS8,Z,12.6,9.4,11.1,25,260,HIgh
AUDI,R8,TWO-SEATER,5.2,10,AM7,Z,16.0,9.5,13.1,22,304,HIgh
AUDI,R8 QUATTRO,TWO-SEATER,5.2,10,AM7,Z,17.1,11.3,14.5,19,338,HIgh
AUDI,R8 SPYDER,TWO-SEATER,5.2,10,AM7,Z,17.1,11.3,14.5,19,338,HIgh
AUDI,RS 3,SUBCOMPACT,2.5,5,AM7,Z,12.4,8.3,10.5,27,248,Normal
AUDI,RS 5,SUBCOMPACT,2.9,6,AM8,Z,12.9,8.9,11.1,25,260,HIgh
AUDI,RS 7,MID-SIZE,4.0,8,AS8,Z,17.0,9.6,13.7,21,318,HIgh
AUDI,S3,SUBCOMPACT,2.0,4,AM7,Z,10.6,8.3,9.6,29,223,Normal
AUDI,S4,COMPACT,3.0,6,AM8,Z,11.5,8.0,9.9,29,232,Normal
AUDI,S5,SUBCOMPACT,3.0,6,AM8,Z,11.5,8.0,9.9,29,232,Normal
AUDI,S5 CABRIOLET,SUBCOMPACT,3.0,6,AM8,Z,11.9,8.1,10.2,28,239,Normal
AUDI,S5 SPORTBACK,MID-SIZE,3.0,6,AM8,Z,11.5,8.0,9.9,29,232,Normal
AUDI,S6,MID-SIZE,4.0,8,AM7,Z,15.0,10.0,12.8,22,298,HIgh
AUDI,S7,MID-SIZE,4.0,8,AM7,Z,15.0,10.0,12.8,22,298,HIgh
AUDI,S8,MID-SIZE,4.0,8,AS8,Z,16.2,9.9,13.4,21,313,HIgh
AUDI,SQ5,SUV - SMALL,3.0,6,AM8,Z,12.7,10.0,11.5,25,270,HIgh
AUDI,TT COUPE QUATTRO,SUBCOMPACT,2.0,4,AM6,X,10.1,7.8,9.1,31,209,Normal
AUDI,TT ROADSTER QUATTRO,TWO-SEATER,2.0,4,AM6,X,10.1,7.8,9.1,31,209,Normal
AUDI,TT RS,SUBCOMPACT,2.5,5,AM7,Z,12.3,8.2,10.5,27,245,Normal
AUDI,TTS COUPE,SUBCOMPACT,2.0,4,AM6,Z,10.3,8.6,9.5,30,222,Normal
BENTLEY,BENTAYGA,SUV - STANDARD,6.0,12,AS8,Z,18.8,12.2,15.9,18,370,HIgh
BENTLEY,CONTINENTAL GT CONVERTIBLE,COMPACT,6.0,12,AS8,Z,20.4,12.0,16.6,17,389,HIgh
BENTLEY,CONTINENTAL SUPERSPORTS,COMPACT,6.0,12,AS8,Z,20.4,12.0,16.6,17,389,HIgh
BENTLEY,FLYING SPUR,MID-SIZE,4.0,8,AS8,Z,18.8,10.7,15.1,19,353,HIgh
BENTLEY,FLYING SPUR,MID-SIZE,6.0,12,AS8,Z,20.4,12.0,16.6,17,389,HIgh
BENTLEY,MULSANNE,MID-SIZE,6.8,8,AS8,Z,20.9,13.0,17.3,16,405,HIgh
BMW,230i COUPE,SUBCOMPACT,2.0,4,AS8,Z,9.8,6.8,8.4,34,197,Normal
BMW,230i COUPE,SUBCOMPACT,2.0,4,M6,Z,11.1,7.3,9.4,30,219,Normal
BMW,230i xDRIVE CABRIOLET,SUBCOMPACT,2.0,4,AS8,Z,10.2,7.2,8.9,32,208,Normal
BMW,230i xDRIVE COUPE,SUBCOMPACT,2.0,4,AS8,Z,9.9,7.1,8.6,33,202,Normal
BMW,328d xDRIVE,COMPACT,2.0,4,AS8,D,7.8,5.9,7.0,40,184,Normal
BMW,328d xDRIVE TOURING,STATION WAGON - SMALL,2.0,4,AS8,D,7.8,5.9,7.0,40,184,Normal
BMW,330i xDRIVE,COMPACT,2.0,4,AS8,Z,10.2,7.2,8.9,32,208,Normal
BMW,330i xDRIVE GRAN TURISMO,FULL-SIZE,2.0,4,AS8,Z,10.2,7.2,8.9,32,208,Normal
BMW,330i xDRIVE TOURING,STATION WAGON - SMALL,2.0,4,AS8,Z,10.2,7.2,8.9,32,208,Normal
BMW,340i,COMPACT,3.0,6,AS8,Z,9.2,6.2,7.8,36,183,Normal
BMW,340i,COMPACT,3.0,6,M6,Z,12.1,8.1,10.3,27,240,Normal
BMW,340i xDRIVE,COMPACT,3.0,6,AS8,Z,11.1,7.5,9.5,30,223,Normal
BMW,340i xDRIVE,COMPACT,3.0,6,M6,Z,12.2,8.4,10.5,27,245,Normal
BMW,340i xDRIVE GRAN TURISMO,FULL-SIZE,3.0,6,AS8,Z,11.8,7.9,10.0,28,235,Normal
BMW,430i xDRIVE CABRIOLET,SUBCOMPACT,2.0,4,AS8,Z,10.7,7.3,9.1,31,214,Normal
BMW,430i xDRIVE COUPE,COMPACT,2.0,4,AS8,Z,10.2,7.2,8.9,32,208,Normal
BMW,430i xDRIVE GRAN COUPE,COMPACT,2.0,4,AS8,Z,10.2,7.2,8.9,32,208,Normal
BMW,440i COUPE,COMPACT,3.0,6,AS8,Z,9.2,6.2,7.8,36,183,Normal
BMW,440i COUPE,COMPACT,3.0,6,M6,Z,12.1,8.1,10.3,27,240,Normal
BMW,440i xDRIVE CABRIOLET,SUBCOMPACT,3.0,6,AS8,Z,11.8,7.9,10.0,28,235,Normal
BMW,440i xDRIVE COUPE,COMPACT,3.0,6,AS8,Z,11.1,7.5,9.5,30,223,Normal
BMW,440i xDRIVE COUPE,COMPACT,3.0,6,M6,Z,12.2,8.4,10.5,27,245,Normal
BMW,440i xDRIVE GRAN COUPE,COMPACT,3.0,6,AS8,Z,11.1,7.5,9.5,30,223,Normal
BMW,530i xDRIVE,MID-SIZE,2.0,4,AS8,Z,10.2,7.2,8.9,32,208,Normal
BMW,540i xDRIVE,MID-SIZE,3.0,6,AS8,Z,11.6,8.1,10.0,28,236,Normal
BMW,640i xDRIVE CABRIOLET,SUBCOMPACT,3.0,6,AS8,Z,12.3,8.4,10.5,27,248,Normal
BMW,640i xDRIVE GRAN COUPE,COMPACT,3.0,6,AS8,Z,12.3,8.4,10.5,27,248,Normal
BMW,640i xDRIVE GRAN TURISMO,FULL-SIZE,3.0,6,AS8,Z,11.9,8.4,10.3,27,241,Normal
BMW,650i xDRIVE CABRIOLET,SUBCOMPACT,4.4,8,AS8,Z,14.7,9.6,12.4,23,292,HIgh
BMW,650i xDRIVE COUPE,SUBCOMPACT,4.4,8,AS8,Z,14.0,10.0,12.2,23,286,HIgh
BMW,650i xDRIVE GRAN COUPE,COMPACT,4.4,8,AS8,Z,14.7,9.6,12.4,23,292,HIgh
BMW,750i xDRIVE,FULL-SIZE,4.4,8,AS8,Z,14.7,9.6,12.4,23,292,HIgh
BMW,750i xDRIVE SWB,FULL-SIZE,4.4,8,AS8,Z,14.3,9.4,12.1,23,283,HIgh
BMW,ALPINA B6 xDRIVE GRAN COUPE,COMPACT,4.4,8,AS8,Z,14.7,9.6,12.4,23,292,HIgh
BMW,M2,SUBCOMPACT,3.0,6,AM7,Z,11.8,8.9,10.5,27,245,Normal
BMW,M2,SUBCOMPACT,3.0,6,M6,Z,13.1,9.2,11.4,25,267,HIgh
BMW,M240i CABRIOLET,SUBCOMPACT,3.0,6,AS8,Z,10.9,7.7,9.5,30,222,Normal
BMW,M240i CABRIOLET,SUBCOMPACT,3.0,6,M6,Z,12.7,8.7,10.9,26,255,HIgh
BMW,M240i COUPE,SUBCOMPACT,3.0,6,AS8,Z,10.9,7.7,9.5,30,222,Normal
BMW,M240i COUPE,SUBCOMPACT,3.0,6,M6,Z,12.5,8.4,10.7,26,249,Normal
BMW,M240i xDRIVE CABRIOLET,SUBCOMPACT,3.0,6,AS8,Z,11.2,7.8,9.7,29,227,Normal
BMW,M240i xDRIVE COUPE,SUBCOMPACT,3.0,6,AS8,Z,11.2,7.8,9.7,29,227,Normal
BMW,M3,COMPACT,3.0,6,AM7,Z,13.5,9.9,11.9,24,280,HIgh
BMW,M3,COMPACT,3.0,6,M6,Z,13.5,9.3,11.6,24,273,HIgh
BMW,M4 CABRIOLET,SUBCOMPACT,3.0,6,AM7,Z,14.5,10.5,12.7,22,299,HIgh
BMW,M4 CABRIOLET,SUBCOMPACT,3.0,6,M6,Z,13.8,9.4,11.9,24,280,HIgh
BMW,M4 COUPE,COMPACT,3.0,6,AM7,Z,13.5,9.9,11.9,24,280,HIgh
BMW,M4 COUPE,COMPACT,3.0,6,M6,Z,13.5,9.3,11.6,24,273,HIgh
BMW,M550i xDRIVE,MID-SIZE,4.4,8,AS8,Z,14.3,9.4,12.1,23,283,HIgh
BMW,M6 CABRIOLET,SUBCOMPACT,4.4,8,AM7,Z,17.3,11.6,14.7,19,344,HIgh
BMW,M6 CABRIOLET,SUBCOMPACT,4.4,8,M6,Z,16.2,10.9,13.8,20,324,HIgh
BMW,M6 COUPE,SUBCOMPACT,4.4,8,AM7,Z,17.3,11.6,14.7,19,344,HIgh
BMW,M6 COUPE,SUBCOMPACT,4.4,8,M6,Z,16.2,10.9,13.8,20,324,HIgh
BMW,M6 GRAN COUPE,COMPACT,4.4,8,AM7,Z,17.3,11.6,14.7,19,344,HIgh
BMW,M6 GRAN COUPE,COMPACT,4.4,8,M6,Z,16.2,10.9,13.8,20,324,HIgh
BMW,M760i xDRIVE,FULL-SIZE,6.6,12,AS8,Z,17.7,11.9,15.1,19,355,HIgh
BMW,X1 xDRIVE28i,SUV - SMALL,2.0,4,AS8,Z,10.7,7.5,9.3,30,217,Normal
BMW,X2 xDRIVE28i,SUV - SMALL,2.0,4,AS8,Z,11.0,7.7,9.5,30,222,Normal
BMW,X3 xDRIVE30i,SUV - SMALL,2.0,4,AS8,Z,10.8,8.0,9.5,30,223,Normal
BMW,X3 M40i,SUV - SMALL,3.0,6,AS8,Z,11.7,8.6,10.3,27,241,Normal
BMW,X4 xDRIVE28i,SUV - SMALL,2.0,4,AS8,Z,11.8,8.6,10.3,27,240,Normal
BMW,X4 M40i,SUV - SMALL,3.0,6,AS8,Z,12.9,9.5,11.4,25,266,HIgh
BMW,X5 xDRIVE35d,SUV - STANDARD,3.0,6,AS8,D,10.3,8.0,9.3,30,246,Normal
BMW,X5 xDRIVE35i,SUV - STANDARD,3.0,6,AS8,Z,13.0,9.8,11.5,25,270,HIgh
BMW,X5 xDRIVE50i,SUV - STANDARD,4.4,8,AS8,Z,15.4,11.2,13.5,21,317,HIgh
BMW,X5 M,SUV - STANDARD,4.4,8,AS8,Z,16.6,12.1,14.6,19,341,HIgh
BMW,X6 xDRIVE35i,SUV - STANDARD,3.0,6,AS8,Z,13.0,9.8,11.5,25,270,HIgh
BMW,X6 xDRIVE50i,SUV - STANDARD,4.4,8,AS8,Z,15.4,11.2,13.5,21,317,HIgh
BMW,X6 M,SUV - STANDARD,4.4,8,AS8,Z,16.6,12.1,14.6,19,341,HIgh
BUGATTI,CHIRON,TWO-SEATER,8.0,16,AM7,Z,26.8,16.6,22.2,13,522,HIgh
BUICK,ENCLAVE,SUV - STANDARD,3.6,6,AS9,X,12.9,9.0,11.2,25,263,HIgh
BUICK,ENCLAVE AWD,SUV - STANDARD,3.6,6,AS9,X,13.8,9.4,11.8,24,277,HIgh
BUICK,ENCORE,SUV - SMALL,1.4,4,AS6,X,9.3,7.2,8.3,34,194,Normal
BUICK,ENCORE (SIDI with Stop/Start),SUV - SMALL,1.4,4,AS6,X,8.6,7.1,7.9,36,185,Normal
BUICK,ENCORE AWD,SUV - SMALL,1.4,4,AS6,X,9.9,7.8,8.9,32,210,Normal
BUICK,ENCORE AWD (SIDI with Stop/Start),SUV - SMALL,1.4,4,AS6,X,9.0,7.6,8.3,34,196,Normal
BUICK,ENVISION AWD,SUV - SMALL,2.0,4,A6,Z,11.8,9.1,10.6,27,248,Normal
BUICK,ENVISION AWD,SUV - SMALL,2.5,4,A6,X,11.1,8.6,10.0,28,234,Normal
BUICK,LACROSSE,MID-SIZE,3.6,6,AS9,X,11.3,7.9,9.7,29,228,Normal
BUICK,LACROSSE eASSIST,MID-SIZE,2.5,4,A6,X,9.3,6.7,8.1,35,190,Normal
BUICK,LACROSSE AWD,MID-SIZE,3.6,6,AS9,X,11.8,8.0,10.1,28,237,Normal
BUICK,REGAL,FULL-SIZE,2.0,4,AS9,Z,10.7,7.4,9.2,31,217,Normal
BUICK,REGAL AWD,FULL-SIZE,2.0,4,AS8,Z,11.0,8.0,9.6,29,227,Normal
BUICK,REGAL AWD,FULL-SIZE,3.6,6,AS9,X,12.4,8.7,10.7,26,250,Normal
CADILLAC,ATS,COMPACT,2.0,4,AS8,Z,10.5,7.7,9.2,31,216,Normal
CADILLAC,ATS,COMPACT,2.0,4,M6,Z,12.0,8.2,10.3,27,240,Normal
CADILLAC,ATS,COMPACT,3.6,6,AS8,X,11.6,8.0,10.0,28,234,Normal
CADILLAC,ATS AWD,COMPACT,2.0,4,AS8,Z,10.8,7.9,9.5,30,222,Normal
CADILLAC,ATS AWD,COMPACT,3.6,6,AS8,X,12.1,8.6,10.5,27,247,Normal
CADILLAC,ATS-V,COMPACT,3.6,6,AS8,Z,13.9,9.4,11.9,24,291,HIgh
CADILLAC,ATS-V,COMPACT,3.6,6,M6,Z,14.4,10.4,12.6,22,295,HIgh
CADILLAC,CT6,FULL-SIZE,2.0,4,AS8,Z,11.0,7.8,9.5,30,224,Normal
CADILLAC,CT6 AWD,FULL-SIZE,3.0,6,AS8,Z,13.0,9.1,11.2,25,263,HIgh
CADILLAC,CT6 AWD,FULL-SIZE,3.6,6,AS8,X,13.0,8.9,11.1,25,261,HIgh
CADILLAC,CTS,MID-SIZE,2.0,4,AS8,Z,11.0,7.8,9.5,30,224,Normal
CADILLAC,CTS,MID-SIZE,3.6,6,AS8,X,11.6,8.0,10.0,28,234,Normal
CADILLAC,CTS AWD,MID-SIZE,2.0,4,AS8,Z,11.2,8.2,9.8,29,229,Normal
CADILLAC,CTS AWD,MID-SIZE,3.6,6,AS8,X,12.1,8.6,10.5,27,247,Normal
CADILLAC,CTS Vsport,MID-SIZE,3.6,6,AS8,Z,15.0,9.9,12.7,22,311,HIgh
CADILLAC,CTS-V,MID-SIZE,6.2,8,AS8,Z,16.5,11.1,14.0,20,329,HIgh
CADILLAC,ESCALADE 4WD,SUV - STANDARD,6.2,8,A10,Z,16.6,10.9,14.0,20,329,HIgh
CADILLAC,XT5,SUV - SMALL,3.6,6,AS8,X,12.1,8.9,10.6,27,250,Normal
CADILLAC,XT5 AWD,SUV - SMALL,3.6,6,AS8,X,12.8,9.3,11.2,25,263,HIgh
CADILLAC,XTS,FULL-SIZE,3.6,6,AS6,X,13.2,8.5,11.1,25,260,HIgh
CADILLAC,XTS AWD,FULL-SIZE,3.6,6,AS6,X,13.7,9.0,11.6,24,272,HIgh
CADILLAC,XTS Vsport AWD,FULL-SIZE,3.6,6,AS6,Z,15.0,10.2,12.8,22,302,HIgh
CHEVROLET,CAMARO,SUBCOMPACT,2.0,4,AS8,Z,10.8,7.6,9.4,30,220,Normal
CHEVROLET,CAMARO,SUBCOMPACT,2.0,4,M6,Z,11.9,7.9,10.1,28,235,Normal
CHEVROLET,CAMARO,SUBCOMPACT,3.6,6,AS8,X,12.3,8.2,10.4,27,246,Normal
CHEVROLET,CAMARO,SUBCOMPACT,3.6,6,M6,X,14.4,8.4,11.7,24,274,HIgh
CHEVROLET,CAMARO SS,SUBCOMPACT,6.2,8,AS8,Z,14.2,8.7,11.7,24,273,HIgh
CHEVROLET,CAMARO SS,SUBCOMPACT,6.2,8,M6,Z,14.3,9.4,12.1,23,284,HIgh
CHEVROLET,CAMARO ZL1,SUBCOMPACT,6.2,8,AS10,Z,18.8,11.3,15.4,18,361,HIgh
CHEVROLET,CAMARO ZL1,SUBCOMPACT,6.2,8,M6,Z,17.1,12.0,14.8,19,348,HIgh
CHEVROLET,CITY EXPRESS,SPECIAL PURPOSE VEHICLE,2.0,4,AV,X,9.8,8.8,9.3,30,218,Normal
CHEVROLET,COLORADO,PICKUP TRUCK - SMALL,2.5,4,A6,X,12.1,9.2,10.8,26,253,HIgh
CHEVROLET,COLORADO,PICKUP TRUCK - SMALL,2.5,4,M6,X,11.9,9.2,10.7,26,251,HIgh
CHEVROLET,COLORADO,PICKUP TRUCK - SMALL,2.8,4,A6,D,10.8,8.0,9.6,29,257,HIgh
CHEVROLET,COLORADO,PICKUP TRUCK - SMALL,3.6,6,A8,X,13.4,9.6,11.7,24,274,HIgh
CHEVROLET,COLORADO 4WD,PICKUP TRUCK - SMALL,2.5,4,A6,X,12.6,9.8,11.3,25,266,HIgh
CHEVROLET,COLORADO 4WD,PICKUP TRUCK - SMALL,2.8,4,A6,D,12.1,8.3,10.4,27,279,HIgh
CHEVROLET,COLORADO 4WD,PICKUP TRUCK - SMALL,3.6,6,A8,X,14.1,10.0,12.2,23,288,HIgh
CHEVROLET,COLORADO ZR2 4WD,PICKUP TRUCK - SMALL,2.8,4,A6,D,12.5,10.7,11.7,24,315,HIgh
CHEVROLET,COLORADO ZR2 4WD,PICKUP TRUCK - SMALL,3.6,6,A8,X,15.0,13.0,14.1,20,331,HIgh
CHEVROLET,CORVETTE,TWO-SEATER,6.2,8,AS8,Z,15.5,9.2,12.7,22,297,HIgh
CHEVROLET,CORVETTE,TWO-SEATER,6.2,8,M7,Z,14.2,9.0,11.9,24,278,HIgh
CHEVROLET,CORVETTE Z06,TWO-SEATER,6.2,8,AS8,Z,17.6,10.3,14.3,20,336,HIgh
CHEVROLET,CORVETTE Z06,TWO-SEATER,6.2,8,M7,Z,15.6,10.6,13.4,21,312,HIgh
CHEVROLET,CRUZE,COMPACT,1.4,4,AS6,X,8.0,5.9,7.1,40,166,Normal
CHEVROLET,CRUZE,COMPACT,1.4,4,M6,X,8.6,5.8,7.4,38,172,Normal
CHEVROLET,CRUZE PREMIER,COMPACT,1.4,4,AS6,X,8.1,6.0,7.2,39,169,Normal
CHEVROLET,CRUZE DIESEL,COMPACT,1.6,4,A9,D,7.7,5.0,6.5,43,175,Normal
CHEVROLET,CRUZE DIESEL,COMPACT,1.6,4,M6,D,7.8,4.6,6.3,45,170,Normal
CHEVROLET,CRUZE HATCHBACK,MID-SIZE,1.4,4,AS6,X,8.1,6.2,7.3,39,172,Normal
CHEVROLET,CRUZE HATCHBACK,MID-SIZE,1.4,4,M6,X,8.6,6.2,7.5,38,175,Normal
CHEVROLET,CRUZE HATCHBACK PREMIER,MID-SIZE,1.4,4,AS6,X,8.4,6.4,7.5,38,176,Normal
CHEVROLET,CRUZE HATCHBACK DIESEL,MID-SIZE,1.6,4,A9,D,7.8,5.2,6.6,43,178,Normal
CHEVROLET,CRUZE HATCHBACK DIESEL,MID-SIZE,1.6,4,M6,D,8.1,4.9,6.7,42,180,Normal
CHEVROLET,EQUINOX,SUV - SMALL,1.5,4,A6,X,9.2,7.3,8.3,34,195,Normal
CHEVROLET,EQUINOX,SUV - SMALL,1.6,4,A6,D,8.5,6.0,7.4,38,198,Normal
CHEVROLET,EQUINOX AWD,SUV - SMALL,1.5,4,A6,X,9.8,7.9,8.9,32,209,Normal
CHEVROLET,EQUINOX AWD,SUV - SMALL,1.6,4,A6,D,8.5,6.1,7.4,38,198,Normal
CHEVROLET,EQUINOX AWD,SUV - SMALL,2.0,4,A9,Z,10.9,8.3,9.7,29,228,Normal
CHEVROLET,IMPALA,FULL-SIZE,2.5,4,AS6,X,10.9,7.9,9.5,30,224,Normal
CHEVROLET,IMPALA FFV,FULL-SIZE,3.6,6,AS6,X,12.7,8.5,10.8,26,254,HIgh
CHEVROLET,IMPALA FFV,FULL-SIZE,3.6,6,AS6,E,17.2,11.6,14.6,19,245,Normal
CHEVROLET,MALIBU,MID-SIZE,1.5,4,A6,X,8.8,6.5,7.8,36,181,Normal
CHEVROLET,MALIBU,MID-SIZE,2.0,4,A9,Z,10.5,7.4,9.1,31,213,Normal
CHEVROLET,MALIBU HYBRID,MID-SIZE,1.8,4,AV,X,4.8,5.5,5.1,55,121,Normal
CHEVROLET,SILVERADO FFV,PICKUP TRUCK - STANDARD,4.3,6,A6,X,13.4,10.0,11.8,24,278,HIgh
CHEVROLET,SILVERADO FFV,PICKUP TRUCK - STANDARD,4.3,6,A6,E,19.3,14.4,17.1,17,284,HIgh
CHEVROLET,SILVERADO,PICKUP TRUCK - STANDARD,5.3,8,A6,X,14.6,10.3,12.7,22,298,HIgh
CHEVROLET,SILVERADO FFV,PICKUP TRUCK - STANDARD,5.3,8,A6,X,14.6,10.3,12.7,22,298,HIgh
CHEVROLET,SILVERADO FFV,PICKUP TRUCK - STANDARD,5.3,8,A6,E,19.7,13.9,17.1,17,283,HIgh
CHEVROLET,SILVERADO,PICKUP TRUCK - STANDARD,5.3,8,A8,X,14.9,10.9,13.1,22,307,HIgh
CHEVROLET,SILVERADO,PICKUP TRUCK - STANDARD,6.2,8,A8,Z,15.9,11.2,13.8,20,324,HIgh
CHEVROLET,SILVERADO eASSIST,PICKUP TRUCK - STANDARD,5.3,8,A8,X,13.4,10.0,11.8,24,278,HIgh
CHEVROLET,SILVERADO 4WD FFV,PICKUP TRUCK - STANDARD,4.3,6,A6,X,14.1,10.6,12.5,23,294,HIgh
CHEVROLET,SILVERADO 4WD FFV,PICKUP TRUCK - STANDARD,4.3,6,A6,E,20.2,15.2,18.0,16,296,HIgh
CHEVROLET,SILVERADO 4WD,PICKUP TRUCK - STANDARD,5.3,8,A6,X,15.0,10.7,13.1,22,307,HIgh
CHEVROLET,SILVERADO 4WD FFV,PICKUP TRUCK - STANDARD,5.3,8,A6,X,15.0,10.7,13.1,22,307,HIgh
CHEVROLET,SILVERADO 4WD FFV,PICKUP TRUCK - STANDARD,5.3,8,A6,E,21.0,15.0,18.3,15,309,HIgh
CHEVROLET,SILVERADO 4WD,PICKUP TRUCK - STANDARD,5.3,8,A8,X,15.6,11.6,13.8,20,324,HIgh
CHEVROLET,SILVERADO 4WD,PICKUP TRUCK - STANDARD,6.2,8,A8,Z,16.0,11.7,14.1,20,331,HIgh
CHEVROLET,SILVERADO eASSIST 4WD,PICKUP TRUCK - STANDARD,5.3,8,A8,X,14.4,11.2,13.0,22,304,HIgh
CHEVROLET,SONIC,COMPACT,1.4,4,AS6,X,8.8,6.6,7.8,36,184,Normal
CHEVROLET,SONIC,COMPACT,1.4,4,M6,X,8.4,6.3,7.4,38,174,Normal
CHEVROLET,SONIC,COMPACT,1.8,4,AS6,X,9.3,7.0,8.3,34,193,Normal
CHEVROLET,SONIC,COMPACT,1.8,4,M5,X,9.2,6.8,8.1,35,190,Normal
CHEVROLET,SONIC 5,STATION WAGON - SMALL,1.4,4,AS6,X,8.8,6.6,7.8,36,184,Normal
CHEVROLET,SONIC 5,STATION WAGON - SMALL,1.4,4,M6,X,8.4,6.3,7.4,38,174,Normal
CHEVROLET,SONIC 5,STATION WAGON - SMALL,1.8,4,AS6,X,9.3,7.0,8.3,34,193,Normal
CHEVROLET,SONIC 5,STATION WAGON - SMALL,1.8,4,M5,X,9.2,6.8,8.1,35,190,Normal
CHEVROLET,SPARK,SUBCOMPACT,1.4,4,AV,X,7.8,6.2,7.1,40,167,Normal
CHEVROLET,SPARK,SUBCOMPACT,1.4,4,M5,X,8.0,6.0,7.1,40,166,Normal
CHEVROLET,SUBURBAN,SUV - STANDARD,5.3,8,A6,X,15.1,10.4,13.0,22,305,HIgh
CHEVROLET,SUBURBAN FFV,SUV - STANDARD,5.3,8,A6,X,15.1,10.4,13.0,22,305,HIgh
CHEVROLET,SUBURBAN FFV,SUV - STANDARD,5.3,8,A6,E,19.8,13.9,17.2,16,285,HIgh
CHEVROLET,SUBURBAN 4WD,SUV - STANDARD,5.3,8,A6,X,15.3,10.9,13.3,21,313,HIgh
CHEVROLET,SUBURBAN 4WD FFV,SUV - STANDARD,5.3,8,A6,X,15.3,10.9,13.3,21,312,HIgh
CHEVROLET,SUBURBAN 4WD FFV,SUV - STANDARD,5.3,8,A6,E,22.3,15.7,19.3,15,321,HIgh
CHEVROLET,TAHOE,SUV - STANDARD,5.3,8,A6,X,15.1,10.4,13.0,22,305,HIgh
CHEVROLET,TAHOE FFV,SUV - STANDARD,5.3,8,A6,X,15.1,10.4,13.0,22,305,HIgh
CHEVROLET,TAHOE FFV,SUV - STANDARD,5.3,8,A6,E,19.8,13.9,17.2,16,285,HIgh
CHEVROLET,TAHOE 4WD,SUV - STANDARD,5.3,8,A6,X,15.2,10.8,13.2,21,310,HIgh
CHEVROLET,TAHOE 4WD FFV,SUV - STANDARD,5.3,8,A6,X,15.2,10.8,13.2,21,310,HIgh
CHEVROLET,TAHOE 4WD FFV,SUV - STANDARD,5.3,8,A6,E,20.8,14.5,18.0,16,299,HIgh
CHEVROLET,TAHOE 4WD,SUV - STANDARD,6.2,8,A10,Z,16.4,10.7,13.8,20,325,HIgh
CHEVROLET,TRAVERSE,SUV - STANDARD,2.0,4,A9,Z,11.7,9.0,10.5,27,246,Normal
CHEVROLET,TRAVERSE,SUV - STANDARD,3.6,6,AS9,X,12.9,8.7,11.0,26,258,HIgh
CHEVROLET,TRAVERSE AWD,SUV - STANDARD,3.6,6,AS9,X,13.7,9.4,11.8,24,276,HIgh
CHEVROLET,TRAX,SUV - SMALL,1.4,4,AS6,X,9.3,7.2,8.3,34,194,Normal
CHEVROLET,TRAX,SUV - SMALL,1.4,4,M6,X,9.2,7.1,8.2,34,194,Normal
CHEVROLET,TRAX 4WD,SUV - SMALL,1.4,4,AS6,X,9.9,7.8,8.9,32,210,Normal
CHRYSLER,300,FULL-SIZE,3.6,6,A8,X,12.4,7.8,10.3,27,242,Normal
CHRYSLER,300 FFV,FULL-SIZE,3.6,6,A8,X,12.4,7.8,10.3,27,242,Normal
CHRYSLER,300 FFV,FULL-SIZE,3.6,6,A8,E,17.1,10.6,14.2,20,234,Normal
CHRYSLER,300,FULL-SIZE,5.7,8,A8,X,14.7,9.4,12.3,23,289,HIgh
CHRYSLER,300 AWD,FULL-SIZE,3.6,6,A8,X,12.8,8.7,11.0,26,258,HIgh
CHRYSLER,300 AWD FFV,FULL-SIZE,3.6,6,A8,X,12.8,8.7,11.0,26,258,HIgh
CHRYSLER,300 AWD FFV,FULL-SIZE,3.6,6,A8,E,17.6,12.0,15.0,19,248,Normal
CHRYSLER,PACIFICA,MINIVAN,3.6,6,A9,X,12.9,8.4,10.9,26,259,HIgh
CHRYSLER,PACIFICA (Stop-Start),MINIVAN,3.6,6,A9,X,12.4,8.4,10.6,27,249,Normal
DODGE,CHALLENGER,MID-SIZE,3.6,6,A8,X,12.4,7.8,10.3,27,242,Normal
DODGE,CHALLENGER,MID-SIZE,5.7,8,M6,Z,15.6,10.1,13.1,22,307,HIgh
DODGE,CHALLENGER,MID-SIZE,6.4,8,M6,Z,16.7,10.4,13.9,20,325,HIgh
DODGE,CHALLENGER (MDS),MID-SIZE,5.7,8,A8,X,14.7,9.4,12.3,23,289,HIgh
DODGE,CHALLENGER (MDS),MID-SIZE,6.4,8,A8,Z,15.6,9.6,12.9,22,302,HIgh
DODGE,CHALLENGER GT AWD,MID-SIZE,3.6,6,A8,X,12.8,8.7,11.0,26,258,HIgh
DODGE,CHALLENGER GT AWD FFV,MID-SIZE,3.6,6,A8,X,12.8,8.7,11.0,26,258,HIgh
DODGE,CHALLENGER GT AWD FFV,MID-SIZE,3.6,6,A8,E,17.6,12.0,15.0,19,248,Normal
DODGE,CHALLENGER SRT,MID-SIZE,6.4,8,M6,Z,16.7,10.4,13.9,20,325,HIgh
DODGE,CHALLENGER SRT (MDS),MID-SIZE,6.4,8,A8,Z,15.6,9.6,12.9,22,302,HIgh
DODGE,CHALLENGER SRT DEMON,MID-SIZE,6.2,8,A8,Z,17.6,10.7,14.5,19,339,HIgh
DODGE,CHALLENGER SRT HELLCAT,MID-SIZE,6.2,8,A8,Z,17.6,10.7,14.5,19,339,HIgh
DODGE,CHALLENGER SRT HELLCAT,MID-SIZE,6.2,8,M6,Z,18.1,11.4,15.1,19,352,HIgh
DODGE,CHARGER,FULL-SIZE,3.6,6,A5,X,13.7,9.0,11.6,24,271,HIgh
DODGE,CHARGER FFV,FULL-SIZE,3.6,6,A5,X,13.7,9.0,11.6,24,271,HIgh
DODGE,CHARGER FFV,FULL-SIZE,3.6,6,A5,E,18.9,12.7,16.1,18,268,HIgh
DODGE,CHARGER,FULL-SIZE,3.6,6,A8,X,12.4,7.8,10.3,27,242,Normal
DODGE,CHARGER FFV,FULL-SIZE,3.6,6,A8,X,12.4,7.8,10.3,27,242,Normal
DODGE,CHARGER FFV,FULL-SIZE,3.6,6,A8,E,17.1,10.6,14.2,20,234,Normal
DODGE,CHARGER (MDS),FULL-SIZE,5.7,8,A5,X,15.6,9.7,12.9,22,302,HIgh
DODGE,CHARGER (MDS),FULL-SIZE,5.7,8,A8,X,14.7,9.4,12.3,23,289,HIgh
DODGE,CHARGER (MDS),FULL-SIZE,6.4,8,A8,Z,15.6,9.6,12.9,22,302,HIgh
DODGE,CHARGER AWD,FULL-SIZE,3.6,6,A8,X,12.8,8.7,11.0,26,258,HIgh
DODGE,CHARGER AWD FFV,FULL-SIZE,3.6,6,A8,X,12.8,8.7,11.0,26,258,HIgh
DODGE,CHARGER AWD FFV,FULL-SIZE,3.6,6,A8,E,17.6,12.0,15.0,19,248,Normal
DODGE,CHARGER AWD (MDS),FULL-SIZE,5.7,8,A5,X,16.0,10.1,13.3,21,312,HIgh
DODGE,CHARGER SRT (MDS),FULL-SIZE,6.4,8,A8,Z,15.6,9.6,12.9,22,302,HIgh
DODGE,CHARGER SRT HELLCAT,FULL-SIZE,6.2,8,A8,Z,17.6,10.7,14.5,19,339,HIgh
DODGE,DURANGO AWD,SUV - STANDARD,3.6,6,A8,X,12.7,9.6,11.3,25,265,HIgh
DODGE,DURANGO AWD,SUV - STANDARD,5.7,8,A8,X,16.7,10.9,14.1,20,331,HIgh
DODGE,DURANGO AWD SRT,SUV - STANDARD,6.4,8,A8,Z,18.3,12.2,15.6,18,363,HIgh
DODGE,GRAND CARAVAN FFV,MINIVAN,3.6,6,A6,X,13.7,9.4,11.8,24,276,HIgh
DODGE,GRAND CARAVAN FFV,MINIVAN,3.6,6,A6,E,19.4,13.3,16.7,17,274,HIgh
DODGE,JOURNEY,SUV - SMALL,2.4,4,A4,X,12.7,9.2,11.1,25,261,HIgh
DODGE,JOURNEY FFV,SUV - SMALL,3.6,6,A6,X,14.2,9.5,12.1,23,284,HIgh
DODGE,JOURNEY FFV,SUV - SMALL,3.6,6,A6,E,19.1,13.2,16.4,17,274,HIgh
DODGE,JOURNEY AWD,SUV - SMALL,3.6,6,A6,X,14.5,10.0,12.4,23,292,HIgh
FIAT,124 SPIDER,TWO-SEATER,1.4,4,A6,X,9.3,6.5,8.0,35,187,Normal
FIAT,124 SPIDER,TWO-SEATER,1.4,4,M6,X,9.0,6.7,7.9,36,185,Normal
FIAT,500,MINICOMPACT,1.4,4,A6,X,9.7,7.4,8.7,32,202,Normal
FIAT,500,MINICOMPACT,1.4,4,M5,X,8.4,7.0,7.8,36,182,Normal
FIAT,500 ABARTH,MINICOMPACT,1.4,4,A6,X,9.7,7.4,8.7,32,202,Normal
FIAT,500 ABARTH,MINICOMPACT,1.4,4,M5,X,8.4,7.0,7.8,36,182,Normal
FIAT,500L,STATION WAGON - SMALL,1.4,4,A6,X,10.7,7.9,9.4,30,221,Normal
FIAT,500X,SUV - SMALL,1.4,4,M6,X,9.5,7.1,8.4,34,197,Normal
FIAT,500X,SUV - SMALL,2.4,4,A9,X,10.7,7.8,9.4,30,220,Normal
FIAT,500X AWD,SUV - SMALL,2.4,4,A9,X,11.0,8.0,9.7,29,226,Normal
FORD,C-MAX HYBRID,FULL-SIZE,2.0,4,AV,X,5.7,6.2,5.9,48,138,Normal
FORD,ECOSPORT,SUV - SMALL,1.0,3,AS6,X,8.6,8.1,8.4,34,195,Normal
FORD,ECOSPORT AWD,SUV - SMALL,2.0,4,AS6,X,10.2,8.0,9.3,30,217,Normal
FORD,EDGE,SUV - SMALL,2.0,4,AS6,X,11.5,8.0,9.9,29,233,Normal
FORD,EDGE (Start/Stop),SUV - SMALL,2.0,4,AS6,X,11.3,8.0,9.9,29,231,Normal
FORD,EDGE,SUV - SMALL,3.5,6,AS6,X,13.5,9.1,11.5,25,270,HIgh
FORD,EDGE AWD,SUV - SMALL,2.0,4,AS6,X,11.9,8.7,10.5,27,246,Normal
FORD,EDGE AWD,SUV - SMALL,2.7,6,AS6,X,13.8,9.8,12.0,24,282,HIgh
FORD,EDGE AWD,SUV - SMALL,3.5,6,AS6,X,14.2,10.2,12.4,23,291,HIgh
FORD,ESCAPE,SUV - SMALL,1.5,4,AS6,X,10.2,7.8,9.1,31,214,Normal
FORD,ESCAPE FFV,SUV - SMALL,2.5,4,AS6,X,11.1,8.1,9.7,29,229,Normal
FORD,ESCAPE FFV,SUV - SMALL,2.5,4,AS6,E,15.2,10.9,13.3,21,219,Normal
FORD,ESCAPE AWD,SUV - SMALL,1.5,4,AS6,X,10.7,8.3,9.6,29,226,Normal
FORD,ESCAPE AWD,SUV - SMALL,2.0,4,AS6,X,11.5,8.8,10.3,27,241,Normal
FORD,EXPEDITION 4X4,SUV - STANDARD,3.5,6,AS10,X,13.8,10.7,12.4,23,291,HIgh
FORD,EXPEDITION MAX 4X4,SUV - STANDARD,3.5,6,AS10,X,14.9,11.2,13.2,21,311,HIgh
FORD,EXPLORER,SUV - STANDARD,2.3,4,AS6,X,12.6,8.6,10.8,26,254,HIgh
FORD,EXPLORER FFV,SUV - STANDARD,3.5,6,AS6,X,13.9,9.8,12.1,23,283,HIgh
FORD,EXPLORER FFV,SUV - STANDARD,3.5,6,AS6,E,18.7,13.0,16.2,17,269,HIgh
FORD,EXPLORER AWD,SUV - STANDARD,2.3,4,AS6,X,13.1,9.2,11.4,25,267,HIgh
FORD,EXPLORER AWD,SUV - STANDARD,3.5,6,AS6,X,14.8,10.7,13.0,22,305,HIgh
FORD,EXPLORER FFV AWD,SUV - STANDARD,3.5,6,AS6,X,14.5,10.6,12.7,22,299,HIgh
FORD,EXPLORER FFV AWD,SUV - STANDARD,3.5,6,AS6,E,19.7,14.3,17.3,16,288,HIgh
FORD,F-150,PICKUP TRUCK - STANDARD,2.7,6,AS10,X,11.9,9.0,10.6,27,249,Normal
FORD,F-150 (LT Tire Pkg),PICKUP TRUCK - STANDARD,2.7,6,AS10,X,12.0,9.4,10.8,26,253,HIgh
FORD,F-150 (Payload Pkg),PICKUP TRUCK - STANDARD,2.7,6,AS10,X,12.3,9.4,11.0,26,258,HIgh
FORD,F-150,PICKUP TRUCK - STANDARD,3.0,6,AS10,D,10.8,8.0,9.5,30,256,HIgh
FORD,F-150 (LT Tire Pkg),PICKUP TRUCK - STANDARD,3.0,6,AS10,D,10.8,8.4,9.7,29,260,HIgh
FORD,F-150,PICKUP TRUCK - STANDARD,3.3,6,AS6,X,12.3,9.4,11.0,26,259,HIgh
FORD,F-150 FFV,PICKUP TRUCK - STANDARD,3.3,6,AS6,X,12.3,9.3,10.9,26,257,HIgh
FORD,F-150 FFV,PICKUP TRUCK - STANDARD,3.3,6,AS6,E,16.8,12.7,14.9,19,248,Normal
FORD,F-150 (LT Tire Pkg),PICKUP TRUCK - STANDARD,3.3,6,AS6,X,12.4,9.8,11.2,25,263,HIgh
FORD,F-150 FFV (LT Tire Pkg),PICKUP TRUCK - STANDARD,3.3,6,AS6,X,12.4,9.8,11.2,25,263,HIgh
FORD,F-150 FFV (LT Tire Pkg),PICKUP TRUCK - STANDARD,3.3,6,AS6,E,16.8,12.7,14.9,19,248,Normal
FORD,F-150,PICKUP TRUCK - STANDARD,3.5,6,AS10,X,13.6,10.1,12.0,24,282,HIgh
FORD,F-150 (LT Tire Pkg),PICKUP TRUCK - STANDARD,3.5,6,AS10,X,13.6,10.7,12.3,23,288,HIgh
FORD,F-150 (Payload Pkg),PICKUP TRUCK - STANDARD,3.5,6,AS10,X,13.7,11.2,12.5,23,293,HIgh
FORD,F-150,PICKUP TRUCK - STANDARD,5.0,8,AS10,X,14.1,10.4,12.4,23,292,HIgh
FORD,F-150 FFV,PICKUP TRUCK - STANDARD,5.0,8,AS10,X,13.9,10.2,12.2,23,286,HIgh
FORD,F-150 FFV,PICKUP TRUCK - STANDARD,5.0,8,AS10,E,20.2,14.0,17.4,16,288,HIgh
FORD,F-150 (LT Tire Pkg),PICKUP TRUCK - STANDARD,5.0,8,AS10,X,14.7,11.2,13.1,22,308,HIgh
FORD,F-150 FFV (LT Tire Pkg),PICKUP TRUCK - STANDARD,5.0,8,AS10,X,14.7,11.2,13.1,22,307,HIgh
FORD,F-150 FFV (LT Tire Pkg),PICKUP TRUCK - STANDARD,5.0,8,AS10,E,20.2,14.0,17.4,16,288,HIgh
FORD,F-150 (Payload Pkg),PICKUP TRUCK - STANDARD,5.0,8,AS10,X,14.7,11.8,13.8,20,324,HIgh
FORD,F-150 FFV (Payload Pkg),PICKUP TRUCK - STANDARD,5.0,8,AS10,X,14.7,11.8,13.8,20,323,HIgh
FORD,F-150 FFV (Payload Pkg),PICKUP TRUCK - STANDARD,5.0,8,AS10,E,20.3,14.0,17.4,16,288,HIgh
FORD,F-150 4X4,PICKUP TRUCK - STANDARD,2.7,6,AS10,X,12.6,9.8,11.3,25,265,HIgh
FORD,F-150 4X4 (LT Tire Pkg),PICKUP TRUCK - STANDARD,2.7,6,AS10,X,13.1,10.2,11.8,24,277,HIgh
FORD,F-150 4X4 (Payload Pkg),PICKUP TRUCK - STANDARD,2.7,6,AS10,X,13.1,9.8,11.6,24,272,HIgh
FORD,F-150 4X4,PICKUP TRUCK - STANDARD,3.0,6,AS10,D,11.8,9.3,10.7,26,288,HIgh
FORD,F-150 4X4 (LT Tire Pkg),PICKUP TRUCK - STANDARD,3.0,6,AS10,D,11.8,9.3,10.7,26,288,HIgh
FORD,F-150 4X4 XL/XLT,PICKUP TRUCK - STANDARD,3.0,6,AS10,D,11.2,8.4,9.9,29,266,HIgh
FORD,F-150 4X4,PICKUP TRUCK - STANDARD,3.3,6,AS6,X,13.0,10.3,11.8,24,277,HIgh
FORD,F-150 FFV 4X4,PICKUP TRUCK - STANDARD,3.3,6,AS6,X,12.9,10.2,11.7,24,273,HIgh
FORD,F-150 FFV 4X4,PICKUP TRUCK - STANDARD,3.3,6,AS6,E,17.6,13.7,15.8,18,263,HIgh
FORD,F-150 4X4 (LT Tire Pkg),PICKUP TRUCK - STANDARD,3.3,6,AS6,X,13.8,10.7,12.4,23,291,HIgh
FORD,F-150 FFV 4X4 (LT Tire Pkg),PICKUP TRUCK - STANDARD,3.3,6,AS6,X,13.8,10.7,12.4,23,291,HIgh
FORD,F-150 FFV 4X4 (LT Tire Pkg),PICKUP TRUCK - STANDARD,3.3,6,AS6,E,17.5,13.7,15.8,18,262,HIgh
FORD,F-150 4X4,PICKUP TRUCK - STANDARD,3.5,6,AS10,X,14.3,10.5,12.6,22,295,HIgh
FORD,F-150 4X4 (LT Tire Pkg),PICKUP TRUCK - STANDARD,3.5,6,AS10,X,14.4,10.6,12.7,22,297,HIgh
FORD,F-150 4X4 (Payload Pkg),PICKUP TRUCK - STANDARD,3.5,6,AS10,X,14.5,11.2,13.0,22,305,HIgh
FORD,F-150 4X4,PICKUP TRUCK - STANDARD,5.0,8,AS10,X,14.6,10.9,13.0,22,304,HIgh
FORD,F-150 FFV 4X4,PICKUP TRUCK - STANDARD,5.0,8,AS10,X,15.1,11.0,13.3,21,311,HIgh
FORD,F-150 FFV 4X4,PICKUP TRUCK - STANDARD,5.0,8,AS10,E,20.0,15.6,18.0,16,300,HIgh
FORD,F-150 4X4 (LT Tire Pkg),PICKUP TRUCK - STANDARD,5.0,8,AS10,X,14.7,11.8,13.8,20,324,HIgh
FORD,F-150 FFV 4X4 (LT Tire Pkg),PICKUP TRUCK - STANDARD,5.0,8,AS10,X,15.1,11.8,13.8,20,324,HIgh
FORD,F-150 FFV 4X4 (LT Tire Pkg),PICKUP TRUCK - STANDARD,5.0,8,AS10,E,20.0,15.6,18.0,16,300,HIgh
FORD,F-150 4X4 (Payload Pkg),PICKUP TRUCK - STANDARD,5.0,8,AS10,X,15.7,12.4,14.2,20,334,HIgh
FORD,F-150 FFV 4X4 (Payload Pkg),PICKUP TRUCK - STANDARD,5.0,8,AS10,X,16.1,12.4,14.5,19,339,HIgh
FORD,F-150 FFV 4X4 (Payload Pkg),PICKUP TRUCK - STANDARD,5.0,8,AS10,E,21.4,17.2,19.5,14,325,HIgh
FORD,F-150 RAPTOR 4WD,PICKUP TRUCK - STANDARD,3.5,6,AS10,X,15.6,13.2,14.5,19,339,HIgh
FORD,FIESTA,SUBCOMPACT,1.6,4,AM6,X,8.6,6.4,7.6,37,179,Normal
FORD,FIESTA,SUBCOMPACT,1.6,4,M5,X,8.6,6.7,7.8,36,182,Normal
FORD,FIESTA ST,SUBCOMPACT,1.6,4,M6,X,9.0,7.1,8.2,34,192,Normal
FORD,FLEX,SUV - STANDARD,3.5,6,AS6,X,14.7,10.2,12.7,22,298,HIgh
FORD,FLEX AWD,SUV - STANDARD,3.5,6,AS6,X,14.7,10.7,12.9,22,303,HIgh
FORD,FLEX AWD GTDI,SUV - STANDARD,3.5,6,AS6,X,15.7,11.2,13.7,21,322,HIgh
FORD,FOCUS,COMPACT,1.0,3,AS6,X,8.5,6.2,7.5,38,176,Normal
FORD,FOCUS,COMPACT,1.0,3,M6,X,7.9,5.9,7.0,40,164,Normal
FORD,FOCUS,COMPACT,2.0,4,AM6,X,8.9,6.1,7.7,37,179,Normal
FORD,FOCUS,COMPACT,2.0,4,AS6,X,9.8,7.0,8.5,33,200,Normal
FORD,FOCUS,COMPACT,2.0,4,M5,X,9.5,6.9,8.3,34,196,Normal
FORD,FOCUS RS AWD,MID-SIZE,2.3,4,M6,Z,12.2,9.0,10.8,26,252,HIgh
FORD,FOCUS ST,MID-SIZE,2.0,4,M6,X,10.5,7.8,9.3,30,219,Normal
FORD,FUSION,MID-SIZE,1.5,4,AS6,X,10.0,7.0,8.7,32,203,Normal
FORD,FUSION,MID-SIZE,2.0,4,AS6,X,11.2,7.6,9.6,29,225,Normal
FORD,FUSION,MID-SIZE,2.5,4,A6,X,11.3,7.4,9.5,30,223,Normal
FORD,FUSION AWD,MID-SIZE,2.0,4,AS6,X,11.8,8.2,10.2,28,238,Normal
FORD,FUSION AWD,MID-SIZE,2.7,6,AS6,X,13.8,9.1,11.8,24,277,HIgh
FORD,FUSION HYBRID,MID-SIZE,2.0,4,AV,X,5.5,5.6,5.6,50,131,Normal
FORD,GT,TWO-SEATER,3.5,6,AM7,Z,20.4,13.1,17.1,17,403,HIgh
FORD,MUSTANG,SUBCOMPACT,2.3,4,AS10,X,11.0,7.4,9.4,30,219,Normal
FORD,MUSTANG (Performance Pkg),SUBCOMPACT,2.3,4,AS10,X,11.8,8.1,10.1,28,236,Normal
FORD,MUSTANG,SUBCOMPACT,2.3,4,M6,X,11.0,7.7,9.5,30,222,Normal
FORD,MUSTANG (Performance Pkg),SUBCOMPACT,2.3,4,M6,X,11.8,8.4,10.3,27,240,Normal
FORD,MUSTANG,SUBCOMPACT,5.0,8,AS10,X,15.1,9.3,12.5,23,291,HIgh
FORD,MUSTANG,SUBCOMPACT,5.0,8,M6,X,15.5,9.5,12.8,22,300,HIgh
FORD,MUSTANG CONVERTIBLE,SUBCOMPACT,2.3,4,AS10,X,11.8,8.2,10.2,28,238,Normal
FORD,MUSTANG CONVERTIBLE,SUBCOMPACT,2.3,4,M6,X,11.8,8.4,10.3,27,240,Normal
FORD,MUSTANG CONVERTIBLE,SUBCOMPACT,5.0,8,AS10,X,15.5,10.0,13.1,22,305,HIgh
FORD,SHELBY GT350 MUSTANG,SUBCOMPACT,5.2,8,M6,Z,17.2,11.3,14.6,19,341,HIgh
FORD,T-150 WAGON,VAN - PASSENGER,3.5,6,AS6,X,16.2,12.8,14.7,19,345,HIgh
FORD,T-150 WAGON,VAN - PASSENGER,3.7,6,AS6,X,16.8,13.1,15.1,19,354,HIgh
FORD,TAURUS FFV,FULL-SIZE,3.5,6,AS6,X,13.1,8.7,11.1,25,260,HIgh
FORD,TAURUS FFV,FULL-SIZE,3.5,6,AS6,E,17.6,11.7,15.0,19,249,Normal
FORD,TAURUS AWD,FULL-SIZE,3.5,6,AS6,X,14.6,10.0,12.5,23,294,HIgh
FORD,TAURUS FFV AWD,FULL-SIZE,3.5,6,AS6,X,13.6,9.9,12.4,23,291,HIgh
FORD,TAURUS FFV AWD,FULL-SIZE,3.5,6,AS6,E,18.7,13.4,16.3,17,271,HIgh
FORD,TRANSIT CONNECT VAN FFV,SPECIAL PURPOSE VEHICLE,2.5,4,AS6,X,11.9,8.7,10.4,27,244,Normal
FORD,TRANSIT CONNECT VAN FFV,SPECIAL PURPOSE VEHICLE,2.5,4,AS6,E,16.2,11.9,14.3,20,234,Normal
FORD,TRANSIT CONNECT WAGON LWB FFV,SPECIAL PURPOSE VEHICLE,2.5,4,AS6,X,12.3,8.8,10.7,26,251,HIgh
FORD,TRANSIT CONNECT WAGON LWB FFV,SPECIAL PURPOSE VEHICLE,2.5,4,AS6,E,16.8,12.1,14.7,19,241,Normal
GENESIS,G80 AWD,FULL-SIZE,3.3,6,AS8,Z,13.8,9.7,11.9,24,282,HIgh
GENESIS,G80 AWD,FULL-SIZE,3.8,6,AS8,X,13.4,9.6,11.7,24,276,HIgh
GENESIS,G80 AWD,FULL-SIZE,5.0,8,AS8,Z,15.6,10.4,13.2,21,312,HIgh
GENESIS,G90 AWD,FULL-SIZE,3.3,6,AS8,Z,13.7,9.7,11.9,24,279,HIgh
GENESIS,G90 AWD,FULL-SIZE,5.0,8,AS8,Z,15.2,10.2,13.0,22,306,HIgh
GMC,ACADIA,SUV - STANDARD,2.5,4,A6,X,11.0,9.2,10.2,28,239,Normal
GMC,ACADIA,SUV - STANDARD,3.6,6,A6,X,13.1,9.4,11.4,25,268,HIgh
GMC,ACADIA AWD,SUV - STANDARD,2.5,4,A6,X,11.2,9.4,10.4,27,243,Normal
GMC,ACADIA AWD,SUV - STANDARD,3.6,6,A6,X,13.5,9.5,11.7,24,275,HIgh
GMC,CANYON,PICKUP TRUCK - SMALL,2.5,4,A6,X,12.1,9.2,10.8,26,253,HIgh
GMC,CANYON,PICKUP TRUCK - SMALL,2.5,4,M6,X,11.9,9.2,10.7,26,251,HIgh
GMC,CANYON,PICKUP TRUCK - SMALL,2.8,4,A6,D,10.8,8.0,9.6,29,257,HIgh
GMC,CANYON,PICKUP TRUCK - SMALL,3.6,6,A8,X,13.4,9.6,11.7,24,274,HIgh
GMC,CANYON 4WD,PICKUP TRUCK - SMALL,2.5,4,A6,X,12.6,9.8,11.3,25,266,HIgh
GMC,CANYON 4WD,PICKUP TRUCK - SMALL,2.8,4,A6,D,12.1,8.3,10.4,27,279,HIgh
GMC,CANYON 4WD,PICKUP TRUCK - SMALL,3.6,6,A8,X,14.1,10.0,12.2,23,288,HIgh
GMC,SIERRA FFV,PICKUP TRUCK - STANDARD,4.3,6,A6,X,13.4,10.0,11.8,24,278,HIgh
GMC,SIERRA FFV,PICKUP TRUCK - STANDARD,4.3,6,A6,E,19.3,14.4,17.1,17,284,HIgh
GMC,SIERRA,PICKUP TRUCK - STANDARD,5.3,8,A6,X,14.6,10.3,12.7,22,298,HIgh
GMC,SIERRA FFV,PICKUP TRUCK - STANDARD,5.3,8,A6,X,14.6,10.3,12.7,22,298,HIgh
GMC,SIERRA FFV,PICKUP TRUCK - STANDARD,5.3,8,A6,E,19.7,13.9,17.0,17,283,HIgh
GMC,SIERRA,PICKUP TRUCK - STANDARD,5.3,8,A8,X,14.9,10.9,13.1,22,307,HIgh
GMC,SIERRA,PICKUP TRUCK - STANDARD,6.2,8,A8,Z,15.9,11.2,13.8,20,323,HIgh
GMC,SIERRA eASSIST,PICKUP TRUCK - STANDARD,5.3,8,A8,X,13.4,10.0,11.8,24,278,HIgh
GMC,SIERRA 4WD FFV,PICKUP TRUCK - STANDARD,4.3,6,A6,X,14.1,10.6,12.5,23,294,HIgh
GMC,SIERRA 4WD FFV,PICKUP TRUCK - STANDARD,4.3,6,A6,E,20.2,15.2,18.0,16,296,HIgh
GMC,SIERRA 4WD,PICKUP TRUCK - STANDARD,5.3,8,A6,X,15.0,10.7,13.1,22,307,HIgh
GMC,SIERRA 4WD FFV,PICKUP TRUCK - STANDARD,5.3,8,A6,X,15.0,10.7,13.1,22,307,HIgh
GMC,SIERRA 4WD FFV,PICKUP TRUCK - STANDARD,5.3,8,A6,E,21.0,15.0,18.3,15,309,HIgh
GMC,SIERRA 4WD,PICKUP TRUCK - STANDARD,5.3,8,A8,X,15.6,11.6,13.8,20,324,HIgh
GMC,SIERRA 4WD,PICKUP TRUCK - STANDARD,6.2,8,A8,Z,16.0,11.7,14.1,20,331,HIgh
GMC,SIERRA eASSIST 4WD,PICKUP TRUCK - STANDARD,5.3,8,A8,X,14.4,11.2,13.0,22,304,HIgh
GMC,TERRAIN,SUV - SMALL,1.5,4,A9,X,9.2,7.9,8.6,33,201,Normal
GMC,TERRAIN,SUV - SMALL,1.6,4,A6,D,8.5,6.0,7.4,38,198,Normal
GMC,TERRAIN AWD,SUV - SMALL,1.5,4,A9,X,9.6,8.3,9.0,31,210,Normal
GMC,TERRAIN AWD,SUV - SMALL,1.6,4,A6,D,8.5,6.1,7.4,38,198,Normal
GMC,TERRAIN AWD,SUV - SMALL,2.0,4,A9,Z,11.2,9.0,10.2,28,239,Normal
GMC,YUKON,SUV - STANDARD,5.3,8,A6,X,15.1,10.4,13.0,22,305,HIgh
GMC,YUKON FFV,SUV - STANDARD,5.3,8,A6,X,15.1,10.4,13.0,22,305,HIgh
GMC,YUKON FFV,SUV - STANDARD,5.3,8,A6,E,19.8,13.9,17.2,16,285,HIgh
GMC,YUKON 4WD,SUV - STANDARD,5.3,8,A6,X,15.2,10.8,13.2,21,310,HIgh
GMC,YUKON 4WD FFV,SUV - STANDARD,5.3,8,A6,X,15.2,10.8,13.2,21,310,HIgh
GMC,YUKON 4WD FFV,SUV - STANDARD,5.3,8,A6,E,20.8,14.5,18.0,16,299,HIgh
GMC,YUKON 4WD,SUV - STANDARD,6.2,8,A10,Z,16.4,10.7,13.8,20,325,HIgh
GMC,YUKON XL,SUV - STANDARD,5.3,8,A6,X,15.1,10.4,13.0,22,305,HIgh
GMC,YUKON XL FFV,SUV - STANDARD,5.3,8,A6,X,15.1,10.4,13.0,22,305,HIgh
GMC,YUKON XL FFV,SUV - STANDARD,5.3,8,A6,E,19.8,13.9,17.2,16,285,HIgh
GMC,YUKON XL 4WD,SUV - STANDARD,5.3,8,A6,X,15.3,10.9,13.3,21,313,HIgh
GMC,YUKON XL 4WD FFV,SUV - STANDARD,5.3,8,A6,X,15.3,10.9,13.3,21,312,HIgh
GMC,YUKON XL 4WD FFV,SUV - STANDARD,5.3,8,A6,E,22.3,15.7,19.3,15,321,HIgh
GMC,YUKON XL 4WD,SUV - STANDARD,6.2,8,A10,Z,17.1,11.3,14.5,19,340,HIgh
HONDA,ACCORD,FULL-SIZE,1.5,4,AV,X,7.9,6.3,7.2,39,168,Normal
HONDA,ACCORD,FULL-SIZE,1.5,4,AV7,X,8.2,6.8,7.6,37,177,Normal
HONDA,ACCORD,FULL-SIZE,1.5,4,M6,X,8.9,6.7,7.9,36,185,Normal
HONDA,ACCORD,FULL-SIZE,2.0,4,M6,X,10.7,7.3,9.2,31,214,Normal
HONDA,ACCORD SPORT/TOURING,MID-SIZE,2.0,4,AS10,X,10.4,7.4,9.1,31,211,Normal
HONDA,ACCORD HYBRID,FULL-SIZE,2.0,4,AV,X,5.0,5.1,5.1,55,118,Normal
HONDA,CIVIC COUPE,COMPACT,1.5,4,AV,X,7.5,5.9,6.8,42,158,Normal
HONDA,CIVIC COUPE,COMPACT,1.5,4,M6,X,7.7,5.7,6.8,42,158,Normal
HONDA,CIVIC COUPE,COMPACT,2.0,4,AV,X,7.8,6.0,7.0,40,163,Normal
HONDA,CIVIC COUPE,COMPACT,2.0,4,M6,X,8.5,6.1,7.4,38,173,Normal
HONDA,CIVIC COUPE Si,COMPACT,1.5,4,M6,Z,8.4,6.2,7.4,38,173,Normal
HONDA,CIVIC HATCHBACK,FULL-SIZE,1.5,4,AV,X,7.7,6.0,6.9,41,162,Normal
HONDA,CIVIC HATCHBACK,FULL-SIZE,1.5,4,AV7,X,7.9,6.6,7.3,39,170,Normal
HONDA,CIVIC HATCHBACK,FULL-SIZE,1.5,4,M6,X,8.0,6.2,7.2,39,167,Normal
HONDA,CIVIC HATCHBACK SPORT,FULL-SIZE,1.5,4,AV7,Z,7.9,6.6,7.3,39,170,Normal
HONDA,CIVIC HATCHBACK SPORT,FULL-SIZE,1.5,4,M6,Z,8.0,6.2,7.2,39,167,Normal
HONDA,CIVIC SEDAN,MID-SIZE,1.5,4,AV,X,7.4,5.6,6.6,43,153,Normal
HONDA,CIVIC SEDAN,MID-SIZE,2.0,4,AV,X,7.8,6.0,7.0,40,163,Normal
HONDA,CIVIC SEDAN,MID-SIZE,2.0,4,M6,X,8.5,6.0,7.4,38,172,Normal
HONDA,CIVIC SEDAN Si,MID-SIZE,1.5,4,M6,Z,8.4,6.2,7.4,38,173,Normal
HONDA,CIVIC TYPE R,FULL-SIZE,2.0,4,M6,Z,10.6,8.3,9.6,29,224,Normal
HONDA,CR-V,SUV - SMALL,1.5,4,AV,X,8.4,7.0,7.8,36,181,Normal
HONDA,CR-V AWD,SUV - SMALL,1.5,4,AV,X,8.7,7.2,8.0,35,188,Normal
HONDA,FIT,STATION WAGON - SMALL,1.5,4,AV,X,7.0,5.9,6.5,43,151,Normal
HONDA,FIT,STATION WAGON - SMALL,1.5,4,AV7,X,7.6,6.5,7.0,40,166,Normal
HONDA,FIT,STATION WAGON - SMALL,1.5,4,M6,X,8.1,6.6,7.4,38,174,Normal
HONDA,HR-V,STATION WAGON - SMALL,1.8,4,AV,X,8.3,6.9,7.7,37,180,Normal
HONDA,HR-V,STATION WAGON - SMALL,1.8,4,AV7,X,8.3,6.9,7.7,37,180,Normal
HONDA,HR-V,STATION WAGON - SMALL,1.8,4,M6,X,9.4,7.1,8.4,34,195,Normal
HONDA,HR-V AWD,STATION WAGON - SMALL,1.8,4,AV,X,8.9,7.5,8.2,34,194,Normal
HONDA,HR-V AWD,STATION WAGON - SMALL,1.8,4,AV7,X,8.9,7.5,8.2,34,194,Normal
HONDA,ODYSSEY,MINIVAN,3.5,6,AS9,X,12.6,8.4,10.7,26,252,HIgh
HONDA,ODYSSEY TOURING,MINIVAN,3.5,6,AS10,X,12.2,8.5,10.6,27,247,Normal
HONDA,PILOT AWD,SUV - SMALL,3.5,6,A6,X,13.0,9.3,11.3,25,266,HIgh
HONDA,PILOT AWD,SUV - SMALL,3.5,6,AS9,X,12.4,9.3,11.0,26,256,HIgh
HONDA,RIDGELINE AWD,PICKUP TRUCK - STANDARD,3.5,6,A6,X,12.8,9.5,11.3,25,264,HIgh
HYUNDAI,ELANTRA,MID-SIZE,1.6,4,AM7,X,8.9,7.0,8.1,35,189,Normal
HYUNDAI,ACCENT,COMPACT,1.6,4,AS6,X,8.3,6.2,7.4,38,173,Normal
HYUNDAI,ACCENT,COMPACT,1.6,4,M6,X,8.2,6.3,7.3,39,173,Normal
HYUNDAI,ELANTRA,MID-SIZE,1.6,4,M6,X,10.7,7.8,9.4,30,221,Normal
HYUNDAI,ELANTRA,MID-SIZE,2.0,4,AS6,X,8.3,6.4,7.4,38,174,Normal
HYUNDAI,ELANTRA,MID-SIZE,2.0,4,M6,X,9.3,6.4,8.0,35,188,Normal
HYUNDAI,ELANTRA GT,FULL-SIZE,1.6,4,AM7,X,9.2,7.1,8.3,34,194,Normal
HYUNDAI,ELANTRA GT,FULL-SIZE,1.6,4,M6,X,10.7,8.1,9.6,29,226,Normal
HYUNDAI,ELANTRA GT,FULL-SIZE,2.0,4,AS6,X,9.4,7.2,8.4,34,198,Normal
HYUNDAI,ELANTRA GT,FULL-SIZE,2.0,4,M6,X,9.8,7.3,8.7,32,205,Normal
HYUNDAI,IONIQ,FULL-SIZE,1.6,4,AM6,X,4.3,4.4,4.3,66,102,Normal
HYUNDAI,IONIQ BLUE,FULL-SIZE,1.6,4,AM6,X,4.2,4.0,4.1,69,96,Normal
HYUNDAI,KONA,SUV - SMALL,2.0,4,AS6,X,8.6,7.0,7.9,36,186,Normal
HYUNDAI,KONA AWD,SUV - SMALL,1.6,4,AM7,X,9.0,8.0,8.6,33,201,Normal
HYUNDAI,KONA AWD,SUV - SMALL,2.0,4,AS6,X,9.2,7.8,8.6,33,202,Normal
HYUNDAI,SANTA FE,SUV - SMALL,3.3,6,AS6,X,12.9,9.4,11.3,25,265,HIgh
HYUNDAI,SANTA FE AWD,SUV - SMALL,3.3,6,AS6,X,13.0,9.7,11.5,25,269,HIgh
HYUNDAI,SANTA FE ULTIMATE AWD,SUV - SMALL,3.3,6,AS6,X,13.9,10.8,12.5,23,295,HIgh
HYUNDAI,SANTA FE SPORT,SUV - SMALL,2.4,4,AS6,X,11.1,8.6,10.0,28,235,Normal
HYUNDAI,SANTA FE SPORT AWD,SUV - SMALL,2.4,4,AS6,X,12.0,9.1,10.7,26,253,HIgh
HYUNDAI,SANTA FE SPORT ULTIMATE AWD,SUV - SMALL,2.0,4,AS6,X,12.5,9.6,11.2,25,264,HIgh
HYUNDAI,SONATA,FULL-SIZE,2.0,4,AS8,X,10.4,7.4,9.1,31,212,Normal
HYUNDAI,SONATA,FULL-SIZE,2.4,4,AS6,X,9.8,6.9,8.5,33,202,Normal
HYUNDAI,SONATA HYBRID,MID-SIZE,2.0,4,AM6,X,6.0,5.3,5.7,50,135,Normal
HYUNDAI,SONATA HYBRID SE,MID-SIZE,2.0,4,AM6,X,5.9,5.1,5.6,50,132,Normal
HYUNDAI,TUCSON,SUV - SMALL,2.0,4,AS6,X,10.1,7.8,9.0,31,213,Normal
HYUNDAI,TUCSON AWD,SUV - SMALL,1.6,4,AM7,X,9.9,8.5,9.3,30,221,Normal
HYUNDAI,TUCSON AWD,SUV - SMALL,2.0,4,AS6,X,11.0,9.1,10.2,28,241,Normal
INFINITI,Q50 AWD,MID-SIZE,2.0,4,AS7,Z,10.7,8.6,9.7,29,228,Normal
INFINITI,Q50 AWD,MID-SIZE,3.0,6,AS7,Z,12.4,8.7,10.8,26,253,HIgh
INFINITI,Q50 AWD RED SPORT,MID-SIZE,3.0,6,AS7,Z,12.5,9.3,11.1,25,260,HIgh
INFINITI,Q50 HYBRID AWD,COMPACT,3.5,6,AS7,Z,9.1,7.7,8.5,33,200,Normal
INFINITI,Q60 AWD,SUBCOMPACT,2.0,4,AS7,Z,11.2,8.5,10.0,28,233,Normal
INFINITI,Q60 AWD,SUBCOMPACT,3.0,6,AS7,Z,12.3,8.6,10.7,26,251,HIgh
INFINITI,Q60 AWD RED SPORT,SUBCOMPACT,3.0,6,AS7,Z,12.5,9.2,11.0,26,259,HIgh
INFINITI,Q70 AWD,MID-SIZE,3.7,6,AS7,Z,13.2,9.8,11.7,24,274,HIgh
INFINITI,Q70 AWD,MID-SIZE,5.6,8,AS7,Z,14.9,10.3,12.8,22,301,HIgh
INFINITI,QX30,COMPACT,2.0,4,AM7,Z,9.7,7.1,8.5,33,200,Normal
INFINITI,QX30 AWD,COMPACT,2.0,4,AM7,Z,10.6,8.0,9.4,30,221,Normal
INFINITI,QX60 AWD,SUV - SMALL,3.5,6,AV7,Z,12.5,9.0,10.9,26,257,HIgh
INFINITI,QX80 4WD,SUV - STANDARD,5.6,8,AS7,Z,17.4,12.2,15.1,19,354,HIgh
JAGUAR,F-PACE 20d,SUV - SMALL,2.0,4,AS8,D,8.9,7.2,8.1,35,218,Normal
JAGUAR,F-PACE 25t,SUV - SMALL,2.0,4,AS8,Z,10.7,8.8,9.9,29,227,Normal
JAGUAR,F-PACE 35t,SUV - SMALL,3.0,6,AS8,Z,13.3,10.0,11.8,24,277,HIgh
JAGUAR,F-TYPE CONVERTIBLE,TWO-SEATER,2.0,4,AS8,Z,10.2,7.8,9.2,31,215,Normal
JAGUAR,F-TYPE CONVERTIBLE,TWO-SEATER,3.0,6,AS8,Z,11.9,8.5,10.4,27,242,Normal
JAGUAR,F-TYPE CONVERTIBLE,TWO-SEATER,3.0,6,M6,Z,14.9,9.8,12.6,22,296,HIgh
JAGUAR,F-TYPE CONVERTIBLE R-DYNAMIC,TWO-SEATER,3.0,6,AS8,Z,12.4,8.8,10.8,26,253,HIgh
JAGUAR,F-TYPE CONVERTIBLE R-DYNAMIC,TWO-SEATER,3.0,6,M6,Z,15.3,10.0,12.9,22,302,HIgh
JAGUAR,F-TYPE CONVERTIBLE R-DYNAMIC AWD,TWO-SEATER,3.0,6,AS8,Z,13.0,9.2,11.3,25,265,HIgh
JAGUAR,F-TYPE COUPE,TWO-SEATER,2.0,4,AS8,Z,10.2,7.8,9.2,31,215,Normal
JAGUAR,F-TYPE COUPE,TWO-SEATER,3.0,6,AS8,Z,11.9,8.5,10.4,27,242,Normal
JAGUAR,F-TYPE COUPE,TWO-SEATER,3.0,6,M6,Z,14.9,9.8,12.6,22,296,HIgh
JAGUAR,F-TYPE COUPE R-DYNAMIC,TWO-SEATER,3.0,6,AS8,Z,12.4,8.8,10.8,26,253,HIgh
JAGUAR,F-TYPE COUPE R-DYNAMIC,TWO-SEATER,3.0,6,M6,Z,15.3,10.0,12.9,22,302,HIgh
JAGUAR,F-TYPE COUPE R-DYNAMIC AWD,TWO-SEATER,3.0,6,AS8,Z,13.0,9.2,11.3,25,265,HIgh
JAGUAR,F-TYPE R AWD CONVERTIBLE,TWO-SEATER,5.0,8,AS8,Z,15.6,10.4,13.3,21,311,HIgh
JAGUAR,F-TYPE R AWD COUPE,TWO-SEATER,5.0,8,AS8,Z,15.6,10.4,13.3,21,311,HIgh
JAGUAR,XE 20d AWD,COMPACT,2.0,4,AS8,D,7.8,5.8,6.9,41,186,Normal
JAGUAR,XE 25t AWD,COMPACT,2.0,4,AS8,Z,9.8,6.9,8.5,33,200,Normal
JAGUAR,XE 35t AWD,COMPACT,3.0,6,AS8,Z,11.8,8.2,10.2,28,238,Normal
JAGUAR,XF 20d AWD,MID-SIZE,2.0,4,AS8,D,7.8,5.8,6.9,41,186,Normal
JAGUAR,XF 25t AWD,MID-SIZE,2.0,4,AS8,Z,10.1,7.2,8.8,32,207,Normal
JAGUAR,XF 35t AWD,MID-SIZE,3.0,6,AS8,Z,12.0,8.4,10.4,27,243,Normal
JAGUAR,XJ R-SPORT AWD,FULL-SIZE,3.0,6,AS8,Z,14.0,9.0,11.8,24,276,HIgh
JAGUAR,XJL PORTFOLIO AWD,FULL-SIZE,3.0,6,AS8,Z,14.0,9.4,11.9,24,280,HIgh
JAGUAR,XJR LWB,FULL-SIZE,5.0,8,AS8,Z,15.8,10.3,13.3,21,313,HIgh
JEEP,CHEROKEE FFV,SUV - SMALL,2.4,4,A9,X,11.0,7.8,9.6,29,225,Normal
JEEP,CHEROKEE FFV,SUV - SMALL,2.4,4,A9,E,15.5,10.5,13.3,21,218,Normal
JEEP,CHEROKEE,SUV - SMALL,3.2,6,A9,X,11.4,8.3,10.0,28,234,Normal
JEEP,CHEROKEE 4X4 ACTIVE DRIVE I,SUV - SMALL,2.4,4,A9,X,11.3,8.4,10.0,28,235,Normal
JEEP,CHEROKEE 4X4 ACTIVE DRIVE I FFV,SUV - SMALL,2.4,4,A9,X,11.3,8.4,10.0,28,235,Normal
JEEP,CHEROKEE 4X4 ACTIVE DRIVE I FFV,SUV - SMALL,2.4,4,A9,E,16.3,11.3,14.0,20,231,Normal
JEEP,CHEROKEE 4X4 ACTIVE DRIVE I,SUV - SMALL,3.2,6,A9,X,11.6,8.6,10.3,27,241,Normal
JEEP,CHEROKEE 4X4 ACTIVE DRIVE II,SUV - SMALL,2.4,4,A9,X,11.4,8.7,10.2,28,239,Normal
JEEP,CHEROKEE 4X4 ACTIVE DRIVE II,SUV - SMALL,3.2,6,A9,X,12.8,9.0,11.1,25,259,HIgh
JEEP,CHEROKEE 4X4 ACTIVE DRIVE LOCK,SUV - SMALL,2.4,4,A9,X,12.1,9.4,10.9,26,256,HIgh
JEEP,CHEROKEE 4X4 ACTIVE DRIVE LOCK,SUV - SMALL,3.2,6,A9,X,12.9,9.9,11.6,24,269,HIgh
JEEP,COMPASS,SUV - SMALL,2.4,4,A6,X,10.6,7.6,9.3,30,218,Normal
JEEP,COMPASS,SUV - SMALL,2.4,4,M6,X,10.4,7.3,9.0,31,211,Normal
JEEP,COMPASS 4X4,SUV - SMALL,2.4,4,A9,X,10.8,7.8,9.5,30,222,Normal
JEEP,COMPASS 4X4,SUV - SMALL,2.4,4,M6,X,10.8,7.6,9.4,30,221,Normal
JEEP,GRAND CHEROKEE 4X4,SUV - STANDARD,3.0,6,A8,D,11.2,8.5,10.0,28,268,HIgh
JEEP,GRAND CHEROKEE 4X4,SUV - STANDARD,3.6,6,A8,X,12.7,9.6,11.3,25,265,HIgh
JEEP,GRAND CHEROKEE 4X4,SUV - STANDARD,5.7,8,A8,X,16.7,10.9,14.1,20,331,HIgh
JEEP,GRAND CHEROKEE 4X4 SRT,SUV - STANDARD,6.4,8,A8,Z,18.3,12.6,15.7,18,368,HIgh
JEEP,GRAND CHEROKEE 4X4 TRACKHAWK,SUV - STANDARD,6.2,8,A8,Z,20.9,13.8,17.7,16,413,HIgh
JEEP,NEW WRANGLER 4X4,SUV - SMALL,2.0,4,A8,X,10.5,9.4,10.0,28,233,Normal
JEEP,NEW WRANGLER 4X4,SUV - SMALL,3.6,6,A8,X,12.8,10.4,11.8,24,274,HIgh
JEEP,NEW WRANGLER 4X4,SUV - SMALL,3.6,6,M6,X,13.7,9.6,11.8,24,277,HIgh
JEEP,NEW WRANGLER UNLIMITED 4X4,SUV - SMALL,2.0,4,A8,X,10.9,10.0,10.5,27,245,Normal
JEEP,NEW WRANGLER UNLIMITED 4X4,SUV - SMALL,3.6,6,A8,X,12.9,10.2,11.7,24,275,HIgh
JEEP,NEW WRANGLER UNLIMITED 4X4,SUV - SMALL,3.6,6,M6,X,13.8,10.1,12.2,23,285,HIgh
JEEP,RENEGADE,SUV - SMALL,1.4,4,M6,X,9.9,7.7,8.9,32,209,Normal
JEEP,RENEGADE,SUV - SMALL,2.4,4,A9,X,10.8,7.8,9.5,30,222,Normal
JEEP,RENEGADE FFV,SUV - SMALL,2.4,4,A9,X,10.8,7.8,9.5,30,222,Normal
JEEP,RENEGADE FFV,SUV - SMALL,2.4,4,A9,E,14.4,10.2,12.5,23,206,Normal
JEEP,RENEGADE 4X4,SUV - SMALL,1.4,4,M6,X,9.9,7.7,8.9,32,211,Normal
JEEP,RENEGADE 4X4,SUV - SMALL,2.4,4,A9,X,11.2,8.2,9.8,29,230,Normal
JEEP,WRANGLER JK 4X4,SUV - SMALL,3.6,6,A5,X,14.1,11.1,12.8,22,299,HIgh
JEEP,WRANGLER JK 4X4,SUV - SMALL,3.6,6,M6,X,14.2,11.0,12.8,22,298,HIgh
JEEP,WRANGLER JK UNLIMITED 4X4,SUV - SMALL,3.6,6,A5,X,14.7,11.7,13.4,21,313,HIgh
JEEP,WRANGLER JK UNLIMITED 4X4,SUV - SMALL,3.6,6,M6,X,15.0,11.4,13.3,21,312,HIgh
KIA,CADENZA,FULL-SIZE,3.3,6,AS8,X,11.5,8.5,10.2,28,237,Normal
KIA,FORTE (MPI),MID-SIZE,2.0,4,AS6,X,8.0,6.1,7.1,40,168,Normal
KIA,FORTE (GDI),MID-SIZE,2.0,4,AS6,X,9.4,7.0,8.3,34,198,Normal
KIA,FORTE,MID-SIZE,2.0,4,M6,X,9.4,6.8,8.3,34,195,Normal
KIA,FORTE 5,FULL-SIZE,1.6,4,AM7,X,9.4,7.9,8.7,32,207,Normal
KIA,FORTE 5,FULL-SIZE,2.0,4,AS6,X,9.4,7.0,8.3,34,197,Normal
KIA,FORTE 5,FULL-SIZE,2.0,4,M6,X,9.8,7.3,8.7,32,204,Normal
KIA,K900,FULL-SIZE,3.8,6,AS8,X,13.8,9.3,11.8,24,279,HIgh
KIA,K900,FULL-SIZE,5.0,8,AS8,Z,15.6,10.6,13.3,21,317,HIgh
KIA,NIRO,STATION WAGON - SMALL,1.6,4,AM6,X,4.6,5.1,4.8,59,114,Normal
KIA,NIRO FE,STATION WAGON - SMALL,1.6,4,AM6,X,4.5,4.8,4.7,60,110,Normal
KIA,NIRO TOURING,STATION WAGON - SMALL,1.6,4,AM6,X,5.1,5.8,5.4,52,129,Normal
KIA,OPTIMA,FULL-SIZE,2.0,4,AS6,X,10.9,7.6,9.4,30,224,Normal
KIA,OPTIMA,FULL-SIZE,2.4,4,AS6,X,9.6,6.8,8.4,34,198,Normal
KIA,OPTIMA FE,FULL-SIZE,2.4,4,AS6,X,9.3,6.6,8.0,35,190,Normal
KIA,OPTIMA HYBRID,MID-SIZE,2.0,4,AM6,X,6.0,5.1,5.6,50,132,Normal
KIA,RIO,COMPACT,1.6,4,AS6,X,8.5,6.4,7.5,38,177,Normal
KIA,RIO,COMPACT,1.6,4,M6,X,8.3,6.4,7.5,38,175,Normal
KIA,SEDONA,MINIVAN,3.3,6,AS6,X,13.2,9.7,11.6,24,275,HIgh
KIA,SEDONA SX,MINIVAN,3.3,6,AS6,X,12.9,9.5,11.4,25,269,HIgh
KIA,SEDONA SXL,MINIVAN,3.3,6,AS6,X,14.1,10.5,12.5,23,296,HIgh
KIA,SORENTO,SUV - SMALL,2.4,4,AS6,X,11.2,8.3,9.9,29,234,Normal
KIA,SORENTO AWD,SUV - SMALL,2.0,4,AS6,X,12.3,9.4,11.0,26,259,HIgh
KIA,SORENTO AWD,SUV - SMALL,2.4,4,AS6,X,11.5,9.3,10.5,27,246,Normal
KIA,SORENTO AWD,SUV - SMALL,3.3,6,AS6,X,14.0,10.1,12.2,23,289,HIgh
KIA,SORENTO AWD FE,SUV - SMALL,3.3,6,AS6,X,13.2,9.3,11.4,25,270,HIgh
KIA,SOUL,STATION WAGON - SMALL,1.6,4,AM7,X,9.1,7.7,8.5,33,199,Normal
KIA,SOUL,STATION WAGON - SMALL,1.6,4,AS6,X,9.4,7.8,8.7,32,205,Normal
KIA,SOUL,STATION WAGON - SMALL,2.0,4,AS6,X,9.5,7.8,8.7,32,206,Normal
KIA,SPORTAGE,SUV - SMALL,2.4,4,AS6,X,10.3,7.8,9.2,31,218,Normal
KIA,SPORTAGE AWD,SUV - SMALL,2.0,4,AS6,X,11.9,10.2,11.1,25,263,HIgh
KIA,SPORTAGE AWD,SUV - SMALL,2.4,4,AS6,X,11.3,9.5,10.5,27,247,Normal
KIA,STINGER AWD,MID-SIZE,3.3,6,AS8,Z,12.7,9.6,11.3,25,265,HIgh
LAMBORGHINI,AVENTADOR COUPE,TWO-SEATER,6.5,12,AM7,Z,23.8,14.1,19.4,15,454,HIgh
LAMBORGHINI,AVENTADOR ROADSTER,TWO-SEATER,6.5,12,AM7,Z,24.2,14.5,19.8,14,464,HIgh
LAMBORGHINI,AVENTADOR S COUPE,TWO-SEATER,6.5,12,AM7,Z,23.8,14.1,19.4,15,454,HIgh
LAMBORGHINI,AVENTADOR S ROADSTER,TWO-SEATER,6.5,12,AM7,Z,24.2,14.5,19.8,14,464,HIgh
LAMBORGHINI,HURACAN,TWO-SEATER,5.2,10,AM7,Z,16.8,11.4,14.4,20,336,HIgh
LAMBORGHINI,HURACAN AWD,TWO-SEATER,5.2,10,AM7,Z,17.2,12.2,15.0,19,349,HIgh
LAMBORGHINI,HURACAN SPYDER,TWO-SEATER,5.2,10,AM7,Z,16.7,11.7,14.5,19,337,HIgh
LAMBORGHINI,HURACAN SPYDER AWD,TWO-SEATER,5.2,10,AM7,Z,17.2,12.3,15.0,19,350,HIgh
LAND ROVER,DISCOVERY SPORT,SUV - SMALL,2.0,4,AS9,Z,11.4,9.3,10.5,27,246,Normal
LAND ROVER,RANGE ROVER EVOQUE,SUV - SMALL,2.0,4,AS9,Z,10.9,8.0,9.6,29,225,Normal
LAND ROVER,RANGE ROVER EVOQUE CONVERTIBLE,SUV - SMALL,2.0,4,AS9,Z,11.2,8.2,9.8,29,231,Normal
LAND ROVER,RANGE ROVER VELAR,SUV - SMALL,2.0,4,AS8,D,9.2,7.8,8.5,33,229,Normal
LAND ROVER,RANGE ROVER VELAR,SUV - SMALL,3.0,6,AS8,Z,13.0,10.0,11.6,24,273,HIgh
LEXUS,ES 300h,MID-SIZE,2.5,4,AV6,X,5.8,6.1,5.9,48,139,Normal
LEXUS,ES 350,MID-SIZE,3.5,6,AS6,X,11.4,7.7,9.7,29,226,Normal
LEXUS,GS 350 AWD,MID-SIZE,3.5,6,AS6,Z,12.5,9.2,11.0,26,257,HIgh
LEXUS,GS 450h,MID-SIZE,3.5,6,AV8,Z,8.0,6.9,7.5,38,176,Normal
LEXUS,GS F,COMPACT,5.0,8,AS8,Z,14.9,9.7,12.5,23,293,HIgh
LEXUS,GX 460,SUV - STANDARD,4.6,8,AS6,Z,16.0,12.9,14.6,19,341,HIgh
LEXUS,IS 300,COMPACT,2.0,4,AS8,Z,10.6,7.3,9.1,31,214,Normal
LEXUS,IS 300 AWD,COMPACT,3.5,6,AS6,Z,12.3,9.1,10.9,26,254,HIgh
LEXUS,IS 350 AWD,COMPACT,3.5,6,AS6,Z,12.3,9.1,10.9,26,254,HIgh
LEXUS,LC 500,SUBCOMPACT,5.0,8,AS10,Z,14.7,9.2,12.2,23,286,HIgh
LEXUS,LC 500h,SUBCOMPACT,3.5,6,AV10,Z,8.9,7.0,8.0,35,187,Normal
LEXUS,LS 500,MID-SIZE,3.4,6,AS10,Z,12.2,7.8,10.2,28,240,Normal
LEXUS,LS 500 AWD,MID-SIZE,3.4,6,AS10,Z,13.0,8.7,11.0,26,259,HIgh
LEXUS,LS 500h,MID-SIZE,3.5,6,AV10,Z,9.4,7.1,8.4,34,195,Normal
LEXUS,LS 500h AWD,MID-SIZE,3.5,6,AV10,Z,10.3,7.6,9.1,31,211,Normal
LEXUS,LX 570,SUV - STANDARD,5.7,8,AS8,Z,18.2,12.8,15.8,18,371,HIgh
LEXUS,NX 300 AWD,SUV - SMALL,2.0,4,AS6,Z,10.6,8.5,9.7,29,226,Normal
LEXUS,NX 300 AWD F SPORT,SUV - SMALL,2.0,4,AS6,Z,10.8,8.9,9.9,29,232,Normal
LEXUS,NX 300h AWD,SUV - SMALL,2.5,4,AV6,X,7.2,7.9,7.5,38,176,Normal
LEXUS,RC 300 AWD,SUBCOMPACT,3.5,6,AS6,Z,13.1,9.8,11.2,25,262,HIgh
LEXUS,RC 350 AWD,SUBCOMPACT,3.5,6,AS6,Z,13.1,9.8,11.2,25,262,HIgh
LEXUS,RC F,SUBCOMPACT,5.0,8,AS8,Z,15.2,9.5,12.6,22,289,HIgh
LEXUS,RX 350 AWD,SUV - SMALL,3.5,6,AS8,X,12.2,9.0,10.8,26,252,HIgh
LEXUS,RX 350 L AWD,SUV - SMALL,3.5,6,AS8,X,13.1,9.4,11.1,25,268,HIgh
LEXUS,RX 450h AWD,SUV - STANDARD,3.5,6,AV6,Z,7.5,8.4,7.9,36,185,Normal
LINCOLN,CONTINENTAL AWD,FULL-SIZE,2.7,6,AS6,X,14.0,9.4,12.0,24,280,HIgh
LINCOLN,CONTINENTAL AWD,FULL-SIZE,3.0,6,AS6,X,14.5,9.8,12.3,23,290,HIgh
LINCOLN,CONTINENTAL AWD,FULL-SIZE,3.7,6,AS6,X,14.3,9.7,12.2,23,287,HIgh
LINCOLN,MKC AWD,SUV - SMALL,2.0,4,AS6,X,12.3,9.3,10.9,26,256,HIgh
LINCOLN,MKC AWD (Start/Stop),SUV - SMALL,2.0,4,AS6,X,12.1,9.3,10.8,26,254,HIgh
LINCOLN,MKC AWD,SUV - SMALL,2.3,4,AS6,X,13.1,9.4,11.5,25,269,HIgh
LINCOLN,MKT AWD,SUV - STANDARD,3.5,6,AS6,X,15.7,11.2,13.7,21,322,HIgh
LINCOLN,MKT LIVERY AWD,SPECIAL PURPOSE VEHICLE,3.7,6,A6,X,14.7,10.2,12.7,22,298,HIgh
LINCOLN,MKX AWD,SUV - SMALL,2.7,6,AS6,X,14.1,9.8,12.1,23,284,HIgh
LINCOLN,MKX AWD,SUV - SMALL,3.7,6,AS6,X,14.3,10.3,12.5,23,293,HIgh
LINCOLN,MKZ AWD,MID-SIZE,2.0,4,AS6,X,11.8,8.4,10.3,27,242,Normal
LINCOLN,MKZ AWD,MID-SIZE,3.0,6,AS6,X,14.0,9.2,11.8,24,278,HIgh
LINCOLN,MKZ HYBRID,MID-SIZE,2.0,4,AV,X,5.7,6.2,5.9,48,139,Normal
LINCOLN,NAVIGATOR 4X4,SUV - STANDARD,3.5,6,AS10,X,14.9,11.3,13.3,21,310,HIgh
MASERATI,GHIBLI,MID-SIZE,3.0,6,AS8,Z,14.1,9.8,12.2,23,286,HIgh
MASERATI,GHIBLI S,MID-SIZE,3.0,6,AS8,Z,14.5,10.0,12.4,23,293,HIgh
MASERATI,GHIBLI SQ4,MID-SIZE,3.0,6,AS8,Z,14.7,9.9,12.6,22,295,HIgh
MASERATI,GRANTURISMO,SUBCOMPACT,4.7,8,AS6,Z,18.2,11.4,15.1,19,355,HIgh
MASERATI,GRANTURISMO CONVERTIBLE,SUBCOMPACT,4.7,8,AS6,Z,18.2,11.6,15.2,19,358,HIgh
MASERATI,LEVANTE,SUV - STANDARD,3.0,6,AS8,Z,16.4,11.9,14.4,20,340,HIgh
MASERATI,LEVANTE S,SUV - STANDARD,3.0,6,AS8,Z,16.6,12.2,14.7,19,346,HIgh
MASERATI,QUATTROPORTE GTS,FULL-SIZE,3.8,8,AS8,Z,16.1,10.8,13.7,21,321,HIgh
MASERATI,QUATTROPORTE S,FULL-SIZE,3.0,6,AS8,Z,14.9,10.3,12.8,22,300,HIgh
MASERATI,QUATTROPORTE SQ4,FULL-SIZE,3.0,6,AS8,Z,15.0,10.3,12.8,22,301,HIgh
MAZDA,CX-3,COMPACT,2.0,4,AS6,X,8.2,6.9,7.6,37,180,Normal
MAZDA,CX-3,COMPACT,2.0,4,M6,X,9.0,7.0,8.1,35,189,Normal
MAZDA,CX-3 4WD,COMPACT,2.0,4,AS6,X,8.8,7.5,8.2,34,192,Normal
MAZDA,CX-5 ,SUV - SMALL,2.0,4,M6,X,9.7,7.7,8.8,32,206,Normal
MAZDA,CX-5,SUV - SMALL,2.5,4,AS6,X,9.7,7.8,8.8,32,206,Normal
MAZDA,CX-5 (Cylinder Deactivation),SUV - SMALL,2.5,4,AS6,X,9.3,7.6,8.5,33,201,Normal
MAZDA,CX-5 4WD,SUV - SMALL,2.5,4,AS6,X,10.2,8.2,9.3,30,217,Normal
MAZDA,CX-5 4WD (Cylinder Deactivation),SUV - SMALL,2.5,4,AS6,X,9.8,7.9,9.0,31,208,Normal
MAZDA,CX-9,SUV - SMALL,2.5,4,AS6,X,10.6,8.4,9.6,29,225,Normal
MAZDA,CX-9 4WD,SUV - SMALL,2.5,4,AS6,X,11.5,8.9,10.4,27,242,Normal
MAZDA,MAZDA3 4-DOOR,COMPACT,2.0,4,AS6,X,8.4,6.4,7.5,38,176,Normal
MAZDA,MAZDA3 4-DOOR,COMPACT,2.0,4,M6,X,8.5,6.2,7.5,38,175,Normal
MAZDA,MAZDA3 4-DOOR (SIL),COMPACT,2.0,4,M6,X,8.5,6.2,7.5,38,175,Normal
MAZDA,MAZDA3 4-DOOR,COMPACT,2.5,4,AS6,X,8.8,6.6,7.8,36,182,Normal
MAZDA,MAZDA3 4-DOOR (i-ELOOP),COMPACT,2.5,4,AS6,X,8.5,6.4,7.6,37,176,Normal
MAZDA,MAZDA3 4-DOOR (SIL),COMPACT,2.5,4,M6,X,9.3,6.9,8.2,34,194,Normal
MAZDA,MAZDA3 5-DOOR,MID-SIZE,2.0,4,AS6,X,8.4,6.4,7.5,38,174,Normal
MAZDA,MAZDA3 5-DOOR (SIL),MID-SIZE,2.0,4,M6,X,8.6,6.4,7.6,37,178,Normal
MAZDA,MAZDA3 5-DOOR,MID-SIZE,2.5,4,AS6,X,9.0,6.7,7.8,36,187,Normal
MAZDA,MAZDA3 5-DOOR (i-ELOOP),MID-SIZE,2.5,4,AS6,X,8.7,6.6,7.8,36,181,Normal
MAZDA,MAZDA3 5-DOOR (SIL),MID-SIZE,2.5,4,M6,X,9.6,7.0,8.4,34,198,Normal
MAZDA,MAZDA6,MID-SIZE,2.5,4,AS6,X,9.1,6.7,8.0,35,187,Normal
MAZDA,MAZDA6 TURBO,MID-SIZE,2.5,4,AS6,X,10.0,7.5,8.9,32,208,Normal
MAZDA,MX-5,TWO-SEATER,2.0,4,AS6,Z,9.1,6.8,8.0,35,188,Normal
MAZDA,MX-5 (SIL),TWO-SEATER,2.0,4,M6,Z,8.9,7.1,8.1,35,189,Normal
MERCEDES-BENZ,AMG C 43 4MATIC,COMPACT,3.0,6,A9,Z,11.8,8.8,10.4,27,244,Normal
MERCEDES-BENZ,AMG C 43 4MATIC CABRIOLET,SUBCOMPACT,3.0,6,A9,Z,12.3,9.4,11.0,26,256,HIgh
MERCEDES-BENZ,AMG C 43 4MATIC COUPE,SUBCOMPACT,3.0,6,A9,Z,11.8,8.8,10.5,27,245,Normal
MERCEDES-BENZ,AMG C 63,COMPACT,4.0,8,A7,Z,13.4,9.6,11.7,24,274,HIgh
MERCEDES-BENZ,AMG C 63 CABRIOLET,SUBCOMPACT,4.0,8,A7,Z,14.0,10.4,12.4,23,291,HIgh
MERCEDES-BENZ,AMG C 63 COUPE,SUBCOMPACT,4.0,8,A7,Z,13.8,10.1,12.1,23,285,HIgh
MERCEDES-BENZ,AMG C 63 S,COMPACT,4.0,8,A7,Z,13.4,9.6,11.7,24,274,HIgh
MERCEDES-BENZ,AMG C 63 S CABRIOLET,SUBCOMPACT,4.0,8,A7,Z,14.0,10.4,12.4,23,291,HIgh
MERCEDES-BENZ,AMG C 63 S COUPE,SUBCOMPACT,4.0,8,A7,Z,13.8,10.2,12.2,23,285,HIgh
MERCEDES-BENZ,AMG CLA 45 4MATIC,COMPACT,2.0,4,AM7,Z,10.3,7.9,9.2,31,217,Normal
MERCEDES-BENZ,AMG E 43 4MATIC,MID-SIZE,3.0,6,A9,Z,12.4,9.4,11.1,25,258,HIgh
MERCEDES-BENZ,AMG E 63 S 4MATIC,MID-SIZE,4.0,8,A9,Z,15.5,10.6,13.3,21,313,HIgh
MERCEDES-BENZ,AMG E 63 S 4MATIC WAGON,STATION WAGON - MID-SIZE,4.0,8,A9,Z,15.2,11.0,13.3,21,312,HIgh
MERCEDES-BENZ,AMG G 63,SUV - STANDARD,5.5,8,A7,Z,19.9,15.5,17.9,16,419,HIgh
MERCEDES-BENZ,AMG G 65,SUV - STANDARD,6.0,12,A7,Z,22.2,18.0,20.3,14,473,HIgh
MERCEDES-BENZ,AMG GLA 45 4MATIC,STATION WAGON - MID-SIZE,2.0,4,AM7,Z,10.7,8.3,9.6,29,225,Normal
MERCEDES-BENZ,AMG GLC 43 4MATIC,SUV - SMALL,3.0,6,A9,Z,13.1,10.1,11.8,24,277,HIgh
MERCEDES-BENZ,AMG GLC 43 4MATIC COUPE,SUV - SMALL,3.0,6,A9,Z,13.0,9.9,11.6,24,272,HIgh
MERCEDES-BENZ,AMG GLE 43 4MATIC,SUV - STANDARD,3.0,6,A9,Z,13.5,10.3,12.1,23,282,HIgh
MERCEDES-BENZ,AMG GLE 43 4MATIC COUPE,SUV - STANDARD,3.0,6,A9,Z,13.5,10.6,12.2,23,285,HIgh
MERCEDES-BENZ,AMG GLE 63 S 4MATIC,SUV - STANDARD,5.5,8,A7,Z,17.2,13.4,15.5,18,364,HIgh
MERCEDES-BENZ,AMG GLE 63 S 4MATIC COUPE,SUV - STANDARD,5.5,8,A7,Z,17.2,12.8,15.2,19,357,HIgh
MERCEDES-BENZ,AMG GLS 63 4MATIC,SUV - STANDARD,5.5,8,A7,Z,17.6,13.3,15.7,18,367,HIgh
MERCEDES-BENZ,AMG GT COUPE,TWO-SEATER,4.0,8,AM7,Z,14.5,10.8,12.8,22,302,HIgh
MERCEDES-BENZ,AMG GT ROADSTER,TWO-SEATER,4.0,8,AM7,Z,14.7,11.0,13.0,22,304,HIgh
MERCEDES-BENZ,AMG GT C COUPE,TWO-SEATER,4.0,8,AM7,Z,15.5,11.7,13.8,20,322,HIgh
MERCEDES-BENZ,AMG GT C ROADSTER,TWO-SEATER,4.0,8,AM7,Z,15.5,11.7,13.8,20,322,HIgh
MERCEDES-BENZ,AMG GT R COUPE,TWO-SEATER,4.0,8,AM7,Z,15.6,11.9,13.9,20,324,HIgh
MERCEDES-BENZ,AMG GT S COUPE,TWO-SEATER,4.0,8,AM7,Z,14.5,10.8,12.8,22,302,HIgh
MERCEDES-BENZ,AMG S 63 4MATIC,FULL-SIZE,4.0,8,A9,Z,14.1,8.9,11.8,24,275,HIgh
MERCEDES-BENZ,AMG S 63 4MATIC CABRIOLET,SUBCOMPACT,4.0,8,A9,Z,15.8,9.8,13.1,22,306,HIgh
MERCEDES-BENZ,AMG S 63 4MATIC COUPE,COMPACT,4.0,8,A9,Z,14.0,8.7,11.6,24,271,HIgh
MERCEDES-BENZ,AMG S 65,FULL-SIZE,6.0,12,A7,Z,18.6,10.9,15.1,19,356,HIgh
MERCEDES-BENZ,AMG SL 63,TWO-SEATER,5.5,8,A7,Z,14.7,9.5,12.4,23,291,HIgh
MERCEDES-BENZ,AMG SL 65,TWO-SEATER,6.0,12,A7,Z,17.6,10.8,14.5,19,339,HIgh
MERCEDES-BENZ,AMG SLC 43,TWO-SEATER,3.0,6,A9,Z,11.6,8.2,10.1,28,236,Normal
MERCEDES-BENZ,B 250,MID-SIZE,2.0,4,AM7,Z,9.8,6.8,8.4,34,196,Normal
MERCEDES-BENZ,B 250 4MATIC,MID-SIZE,2.0,4,AM7,Z,10.3,7.8,9.1,31,215,Normal
MERCEDES-BENZ,C 300 4MATIC,COMPACT,2.0,4,A9,Z,10.5,7.5,9.1,31,214,Normal
MERCEDES-BENZ,C 300 4MATIC CABRIOLET,SUBCOMPACT,2.0,4,A9,Z,10.8,8.0,9.6,29,224,Normal
MERCEDES-BENZ,C 300 4MATIC COUPE,SUBCOMPACT,2.0,4,A9,Z,10.5,7.8,9.3,30,218,Normal
MERCEDES-BENZ,C 300 4MATIC WAGON,STATION WAGON - MID-SIZE,2.0,4,A9,Z,10.7,8.0,9.5,30,222,Normal
MERCEDES-BENZ,CLA 250,COMPACT,2.0,4,AM7,Z,9.6,6.6,8.2,34,193,Normal
MERCEDES-BENZ,CLA 250 4MATIC,COMPACT,2.0,4,AM7,Z,9.9,7.3,8.7,32,204,Normal
MERCEDES-BENZ,E 300 4MATIC,MID-SIZE,2.0,4,A9,Z,11.0,8.1,9.7,29,227,Normal
MERCEDES-BENZ,E 400 4MATIC,MID-SIZE,3.0,6,A9,Z,11.8,8.7,10.4,27,246,Normal
MERCEDES-BENZ,E 400 4MATIC CABRIOLET,SUBCOMPACT,3.0,6,A9,Z,12.0,9.2,10.8,26,251,HIgh
MERCEDES-BENZ,E 400 4MATIC COUPE,SUBCOMPACT,3.0,6,A9,Z,11.9,9.0,10.6,27,248,Normal
MERCEDES-BENZ,E 400 4MATIC WAGON,STATION WAGON - MID-SIZE,3.0,6,A9,Z,12.4,9.5,11.1,25,261,HIgh
MERCEDES-BENZ,G 550,SUV - STANDARD,4.0,8,A7,Z,18.2,16.5,17.5,16,410,HIgh
MERCEDES-BENZ,GLA 250 4MATIC,SUV - SMALL,2.0,4,AM7,Z,10.1,7.6,9.0,31,209,Normal
MERCEDES-BENZ,GLC 300 4MATIC,SUV - SMALL,2.0,4,A9,Z,11.1,8.6,10.0,28,240,Normal
MERCEDES-BENZ,GLC 300 4MATIC COUPE,SUV - SMALL,2.0,4,A9,Z,11.0,8.7,10.0,28,235,Normal
MERCEDES-BENZ,GLE 400 4MATIC,SUV - STANDARD,3.0,6,A9,Z,13.5,10.3,12.1,23,282,HIgh
MERCEDES-BENZ,GLE 550 4MATIC,SUV - STANDARD,4.7,8,A9,Z,15.2,11.4,13.5,21,317,HIgh
MERCEDES-BENZ,GLS 450 4MATIC,SUV - STANDARD,3.0,6,A9,Z,14.3,11.4,13.0,22,305,HIgh
MERCEDES-BENZ,GLS 550 4MATIC,SUV - STANDARD,4.7,8,A9,Z,16.5,12.6,14.7,19,346,HIgh
MERCEDES-BENZ,MAYBACH S 650,FULL-SIZE,6.0,12,A9,Z,18.4,11.1,15.1,19,355,HIgh
MERCEDES-BENZ,METRIS CARGO,SPECIAL PURPOSE VEHICLE,2.0,4,A7,Z,11.5,9.8,10.7,26,251,HIgh
MERCEDES-BENZ,METRIS PASSENGER,SPECIAL PURPOSE VEHICLE,2.0,4,A7,Z,12.3,10.3,11.4,25,268,HIgh
MERCEDES-BENZ,S 450 4MATIC SWB,MID-SIZE,3.0,6,A9,Z,12.8,8.5,10.9,26,255,HIgh
MERCEDES-BENZ,S 560 CABRIOLET,SUBCOMPACT,4.0,8,A9,Z,13.9,9.2,11.8,24,276,HIgh
MERCEDES-BENZ,S 560 4MATIC,FULL-SIZE,4.0,8,A9,Z,13.5,8.6,11.3,25,265,HIgh
MERCEDES-BENZ,S 560 4MATIC SWB,MID-SIZE,4.0,8,A9,Z,13.1,8.8,11.2,25,261,HIgh
MERCEDES-BENZ,S 560 4MATIC COUPE,COMPACT,4.0,8,A9,Z,13.6,8.8,11.4,25,269,HIgh
MERCEDES-BENZ,SL 450,TWO-SEATER,3.0,6,A9,Z,11.5,8.5,10.2,28,238,Normal
MERCEDES-BENZ,SL 550,TWO-SEATER,4.7,8,A9,Z,13.5,9.6,11.8,24,275,HIgh
MERCEDES-BENZ,SLC 300,TWO-SEATER,2.0,4,A9,Z,9.6,7.4,8.6,33,202,Normal
MINI,COOPER 3 DOOR,SUBCOMPACT,1.5,3,AS6,Z,8.7,6.8,7.9,36,184,Normal
MINI,COOPER 3 DOOR,SUBCOMPACT,1.5,3,M6,Z,8.5,6.2,7.5,38,175,Normal
MINI,COOPER 5 DOOR,SUBCOMPACT,1.5,3,AS6,Z,8.7,6.8,7.9,36,184,Normal
MINI,COOPER 5 DOOR,SUBCOMPACT,1.5,3,M6,Z,8.4,6.3,7.4,38,174,Normal
MINI,COOPER CLUBMAN ALL4,MID-SIZE,1.5,3,AS8,Z,10.2,7.6,9.0,31,212,Normal
MINI,COOPER CLUBMAN ALL4,MID-SIZE,1.5,3,M6,Z,10.5,7.4,9.1,31,214,Normal
MINI,COOPER CONVERTIBLE,MINICOMPACT,1.5,3,AS6,Z,8.7,6.8,7.9,36,184,Normal
MINI,COOPER CONVERTIBLE,MINICOMPACT,1.5,3,M6,Z,8.4,6.3,7.4,38,174,Normal
MINI,COOPER COUNTRYMAN ALL4,STATION WAGON - SMALL,1.5,3,AS8,Z,10.3,7.9,9.2,31,215,Normal
MINI,COOPER COUNTRYMAN ALL4,STATION WAGON - SMALL,1.5,3,M6,Z,10.5,7.4,9.1,31,214,Normal
MINI,COOPER S 3 DOOR,SUBCOMPACT,2.0,4,AS6,Z,9.3,7.3,8.4,34,197,Normal
MINI,COOPER S 3 DOOR,SUBCOMPACT,2.0,4,M6,Z,10.3,7.4,9.0,31,210,Normal
MINI,COOPER S 5 DOOR,SUBCOMPACT,2.0,4,AS6,Z,9.3,7.3,8.4,34,197,Normal
MINI,COOPER S 5 DOOR,SUBCOMPACT,2.0,4,M6,Z,10.3,7.4,9.0,31,210,Normal
MINI,COOPER S CLUBMAN ALL4,MID-SIZE,2.0,4,AS8,Z,10.5,7.6,9.2,31,215,Normal
MINI,COOPER S CLUBMAN ALL4,MID-SIZE,2.0,4,M6,Z,11.4,7.8,9.7,29,227,Normal
MINI,COOPER S CONVERTIBLE,MINICOMPACT,2.0,4,AS6,Z,9.3,7.1,8.3,34,195,Normal
MINI,COOPER S CONVERTIBLE,MINICOMPACT,2.0,4,M6,Z,10.3,7.4,9.0,31,210,Normal
MINI,COOPER S COUNTRYMAN ALL4,MID-SIZE,2.0,4,AS8,Z,10.5,7.6,9.2,31,215,Normal
MINI,COOPER S COUNTRYMAN ALL4,MID-SIZE,2.0,4,M6,Z,11.3,7.7,9.7,29,227,Normal
MINI,JOHN COOPER WORKS,SUBCOMPACT,2.0,4,AS6,Z,9.3,7.3,8.4,34,197,Normal
MINI,JOHN COOPER WORKS,SUBCOMPACT,2.0,4,M6,Z,10.3,7.4,9.0,31,210,Normal
MINI,JOHN COOPER WORKS CLUBMAN ALL4,MID-SIZE,2.0,4,AS8,Z,10.2,7.5,9.0,31,211,Normal
MINI,JOHN COOPER WORKS CLUBMAN ALL4,MID-SIZE,2.0,4,M6,Z,11.4,7.6,9.7,29,228,Normal
MINI,JOHN COOPER WORKS CONVERTIBLE,MINICOMPACT,2.0,4,AS6,Z,9.8,7.3,8.7,32,203,Normal
MINI,JOHN COOPER WORKS CONVERTIBLE,MINICOMPACT,2.0,4,M6,Z,10.8,7.7,9.4,30,220,Normal
MINI,JOHN COOPER WORKS COUNTRYMAN ALL4,MID-SIZE,2.0,4,AS8,Z,10.6,7.8,9.3,30,220,Normal
MINI,JOHN COOPER WORKS COUNTRYMAN ALL4,MID-SIZE,2.0,4,M6,Z,11.5,8.0,9.9,29,232,Normal
MITSUBISHI,ECLIPSE CROSS,SUV - SMALL,1.5,4,AV8,X,9.4,8.4,8.9,32,208,Normal
MITSUBISHI,ECLIPSE CROSS 4WD,SUV - SMALL,1.5,4,AV8,X,9.6,8.9,9.3,30,216,Normal
MITSUBISHI,MIRAGE,COMPACT,1.2,3,AV,X,6.4,5.5,6.0,47,141,Normal
MITSUBISHI,MIRAGE,COMPACT,1.2,3,M5,X,7.1,5.8,6.5,43,150,Normal
MITSUBISHI,MIRAGE G4,COMPACT,1.2,3,AV,X,6.9,5.7,6.4,44,149,Normal
MITSUBISHI,MIRAGE G4,COMPACT,1.2,3,M5,X,7.2,5.9,6.6,43,155,Normal
MITSUBISHI,OUTLANDER 4WD,SUV - SMALL,2.4,4,AV6,X,9.9,8.1,9.1,31,212,Normal
MITSUBISHI,OUTLANDER 4WD,SUV - SMALL,3.0,6,AS6,Z,12.0,8.8,10.6,27,248,Normal
MITSUBISHI,RVR,SUV - SMALL,2.0,4,AV6,X,9.7,7.8,8.8,32,204,Normal
MITSUBISHI,RVR,SUV - SMALL,2.0,4,M5,X,10.3,8.2,9.3,30,216,Normal
MITSUBISHI,RVR 4WD,SUV - SMALL,2.0,4,AV6,X,10.1,8.2,9.2,31,213,Normal
MITSUBISHI,RVR 4WD,SUV - SMALL,2.4,4,AV6,X,10.3,8.3,9.4,30,219,Normal
NISSAN,370Z,TWO-SEATER,3.7,6,AS7,Z,12.6,9.3,11.1,25,261,HIgh
NISSAN,370Z,TWO-SEATER,3.7,6,M6,Z,13.3,9.3,11.5,25,269,HIgh
NISSAN,370Z ROADSTER,TWO-SEATER,3.7,6,AS7,Z,13.0,9.7,11.5,25,270,HIgh
NISSAN,370Z ROADSTER,TWO-SEATER,3.7,6,M6,Z,13.6,9.7,11.8,24,278,HIgh
NISSAN,ALTIMA,MID-SIZE,2.5,4,AV,X,8.7,6.3,7.6,37,179,Normal
NISSAN,ALTIMA SR,MID-SIZE,2.5,4,AV7,X,8.9,6.4,7.8,36,185,Normal
NISSAN,ALTIMA,MID-SIZE,3.5,6,AV7,X,10.6,7.3,9.1,31,214,Normal
NISSAN,ARMADA 4WD,SUV - STANDARD,5.6,8,AS7,X,17.5,12.8,15.4,18,362,HIgh
NISSAN,FRONTIER,PICKUP TRUCK - SMALL,2.5,4,A5,X,13.6,10.7,12.3,23,290,HIgh
NISSAN,FRONTIER,PICKUP TRUCK - SMALL,2.5,4,M5,X,12.2,10.4,11.4,25,268,HIgh
NISSAN,FRONTIER,PICKUP TRUCK - SMALL,4.0,6,A5,X,14.7,10.4,12.8,22,300,HIgh
NISSAN,FRONTIER 4WD,PICKUP TRUCK - SMALL,4.0,6,A5,X,15.8,11.5,13.9,20,326,HIgh
NISSAN,FRONTIER 4WD,PICKUP TRUCK - SMALL,4.0,6,M6,X,15.1,11.5,13.5,21,317,HIgh
NISSAN,GT-R,SUBCOMPACT,3.8,6,AM6,Z,14.5,10.7,12.8,22,300,HIgh
NISSAN,KICKS,MID-SIZE,1.6,4,AV,X,7.7,6.6,7.2,39,169,Normal
NISSAN,MAXIMA,MID-SIZE,3.5,6,AV7,Z,11.1,7.8,9.6,29,227,Normal
NISSAN,MICRA,COMPACT,1.6,4,A4,X,9.0,6.8,8.0,35,188,Normal
NISSAN,MICRA,COMPACT,1.6,4,M5,X,8.7,6.8,7.9,36,186,Normal
NISSAN,MURANO,STATION WAGON - MID-SIZE,3.5,6,AV7,X,11.0,8.3,9.8,29,230,Normal
NISSAN,MURANO AWD,STATION WAGON - MID-SIZE,3.5,6,AV7,X,11.2,8.4,9.9,29,232,Normal
NISSAN,NV200 CARGO VAN,SPECIAL PURPOSE VEHICLE,2.0,4,AV,X,9.8,8.8,9.3,30,218,Normal
NISSAN,PATHFINDER,SUV - SMALL,3.5,6,AV,X,11.6,8.5,10.2,28,240,Normal
NISSAN,PATHFINDER 4WD,SUV - SMALL,3.5,6,AV,X,12.1,8.9,10.7,26,250,Normal
NISSAN,PATHFINDER 4WD PLATINUM,SUV - SMALL,3.5,6,AV,X,12.4,9.2,11.0,26,259,HIgh
NISSAN,QASHQAI,STATION WAGON - SMALL,2.0,4,AV,X,8.8,7.3,8.1,35,191,Normal
NISSAN,QASHQAI,STATION WAGON - SMALL,2.0,4,M6,X,10.0,8.1,9.2,31,216,Normal
NISSAN,QASHQAI AWD,STATION WAGON - SMALL,2.0,4,AV,X,9.0,7.5,8.4,34,196,Normal
NISSAN,ROGUE,SUV - SMALL,2.5,4,AV,X,9.2,7.0,8.2,34,192,Normal
NISSAN,ROGUE AWD,SUV - SMALL,2.5,4,AV,X,9.7,7.4,8.7,32,205,Normal
NISSAN,SENTRA,MID-SIZE,1.8,4,AV,X,8.1,6.3,7.3,39,172,Normal
NISSAN,SENTRA,MID-SIZE,1.8,4,M6,X,8.9,6.8,8.0,35,187,Normal
NISSAN,SENTRA (Turbo),MID-SIZE,1.6,4,AV7,Z,8.9,7.3,8.2,34,193,Normal
NISSAN,SENTRA (Turbo),MID-SIZE,1.6,4,M6,Z,9.1,7.3,8.3,34,195,Normal
NISSAN,SENTRA NISMO,MID-SIZE,1.6,4,AV7,Z,9.4,7.8,8.7,32,205,Normal
NISSAN,SENTRA NISMO,MID-SIZE,1.6,4,M6,Z,9.5,7.6,8.7,32,204,Normal
NISSAN,TITAN,PICKUP TRUCK - STANDARD,5.6,8,AS7,X,15.0,11.2,13.3,21,312,HIgh
NISSAN,TITAN 4WD,PICKUP TRUCK - STANDARD,5.6,8,AS7,X,15.2,11.1,13.4,21,315,HIgh
NISSAN,TITAN 4WD PRO-4X,PICKUP TRUCK - STANDARD,5.6,8,AS7,X,15.9,11.9,14.1,20,331,HIgh
NISSAN,VERSA,MID-SIZE,1.6,4,AV,X,7.6,6.2,7.0,40,164,Normal
NISSAN,VERSA,MID-SIZE,1.6,4,M5,X,8.6,6.6,7.7,37,180,Normal
PORSCHE,911 CARRERA,MINICOMPACT,3.0,6,AM7,Z,10.6,8.0,9.4,30,221,Normal
PORSCHE,911 CARRERA,MINICOMPACT,3.0,6,M7,Z,11.8,8.1,10.1,28,237,Normal
PORSCHE,911 CARRERA CABRIOLET,MINICOMPACT,3.0,6,AM7,Z,10.8,8.3,9.7,29,227,Normal
PORSCHE,911 CARRERA CABRIOLET,MINICOMPACT,3.0,6,M7,Z,12.0,8.2,10.3,27,241,Normal
PORSCHE,911 CARRERA GTS,MINICOMPACT,3.0,6,AM7,Z,11.5,9.1,10.4,27,243,Normal
PORSCHE,911 CARRERA GTS,MINICOMPACT,3.0,6,M7,Z,13.0,8.9,11.1,25,260,HIgh
PORSCHE,911 CARRERA GTS CABRIOLET,MINICOMPACT,3.0,6,AM7,Z,11.8,9.2,10.6,27,249,Normal
PORSCHE,911 CARRERA GTS CABRIOLET,MINICOMPACT,3.0,6,M7,Z,12.7,9.0,11.0,26,258,HIgh
PORSCHE,911 CARRERA S,MINICOMPACT,3.0,6,AM7,Z,10.8,8.3,9.7,29,226,Normal
PORSCHE,911 CARRERA S,MINICOMPACT,3.0,6,M7,Z,12.1,8.3,10.4,27,242,Normal
PORSCHE,911 CARRERA S CABRIOLET,MINICOMPACT,3.0,6,AM7,Z,10.8,8.4,9.7,29,228,Normal
PORSCHE,911 CARRERA S CABRIOLET,MINICOMPACT,3.0,6,M7,Z,12.1,8.3,10.4,27,243,Normal
PORSCHE,911 CARRERA 4,MINICOMPACT,3.0,6,AM7,Z,10.7,8.3,9.6,29,225,Normal
PORSCHE,911 CARRERA 4,MINICOMPACT,3.0,6,M7,Z,12.1,8.3,10.4,27,242,Normal
PORSCHE,911 CARRERA 4 CABRIOLET,MINICOMPACT,3.0,6,AM7,Z,11.0,8.4,9.8,29,230,Normal
PORSCHE,911 CARRERA 4 CABRIOLET,MINICOMPACT,3.0,6,M7,Z,12.2,8.5,10.5,27,246,Normal
PORSCHE,911 CARRERA 4 GTS,MINICOMPACT,3.0,6,AM7,Z,11.8,9.2,10.6,27,248,Normal
PORSCHE,911 CARRERA 4 GTS,MINICOMPACT,3.0,6,M7,Z,12.8,8.9,11.0,26,257,HIgh
PORSCHE,911 CARRERA 4 GTS CABRIOLET,MINICOMPACT,3.0,6,AM7,Z,11.9,9.3,10.7,26,250,Normal
PORSCHE,911 CARRERA 4 GTS CABRIOLET,MINICOMPACT,3.0,6,M7,Z,12.9,9.1,11.1,25,260,HIgh
PORSCHE,911 CARRERA 4S,MINICOMPACT,3.0,6,AM7,Z,11.0,8.5,9.9,29,232,Normal
PORSCHE,911 CARRERA 4S,MINICOMPACT,3.0,6,M7,Z,12.1,8.4,10.4,27,243,Normal
PORSCHE,911 CARRERA 4S CABRIOLET,MINICOMPACT,3.0,6,AM7,Z,10.9,8.5,9.9,29,231,Normal
PORSCHE,911 CARRERA 4S CABRIOLET,MINICOMPACT,3.0,6,M7,Z,12.2,8.5,10.5,27,246,Normal
PORSCHE,911 GT3,TWO-SEATER,4.0,6,AM7,Z,15.8,11.6,13.9,20,324,HIgh
PORSCHE,911 GT3,TWO-SEATER,4.0,6,M6,Z,18.0,11.5,15.1,19,352,HIgh
PORSCHE,911 TARGA 4,MINICOMPACT,3.0,6,AM7,Z,10.9,8.4,9.8,29,228,Normal
PORSCHE,911 TARGA 4,MINICOMPACT,3.0,6,M7,Z,12.2,8.5,10.5,27,246,Normal
PORSCHE,911 TARGA 4 GTS,MINICOMPACT,3.0,6,AM7,Z,12.1,9.2,10.8,26,251,HIgh
PORSCHE,911 TARGA 4 GTS,MINICOMPACT,3.0,6,M7,Z,13.2,9.2,11.4,25,266,HIgh
PORSCHE,911 TARGA 4S,MINICOMPACT,3.0,6,AM7,Z,11.1,8.6,10.0,28,233,Normal
PORSCHE,911 TARGA 4S,MINICOMPACT,3.0,6,M7,Z,12.2,8.5,10.5,27,246,Normal
PORSCHE,911 TURBO,MINICOMPACT,3.8,6,AM7,Z,12.6,9.9,11.4,25,266,HIgh
PORSCHE,911 TURBO CABRIOLET,MINICOMPACT,3.8,6,AM7,Z,12.6,9.9,11.4,25,267,HIgh
PORSCHE,911 TURBO S,MINICOMPACT,3.8,6,AM7,Z,12.6,9.9,11.4,25,266,HIgh
PORSCHE,911 TURBO S CABRIOLET,MINICOMPACT,3.8,6,AM7,Z,12.6,9.9,11.4,25,267,HIgh
PORSCHE,911 TURBO S EXCLUSIVE,MINICOMPACT,3.8,6,AM7,Z,13.8,10.3,12.3,23,285,HIgh
PORSCHE,BOXSTER,TWO-SEATER,2.0,4,AM7,Z,10.5,8.0,9.4,30,219,Normal
PORSCHE,BOXSTER,TWO-SEATER,2.0,4,M6,Z,11.0,8.3,9.8,29,229,Normal
PORSCHE,BOXSTER GTS,TWO-SEATER,2.5,4,AM7,Z,11.8,9.2,10.6,27,249,Normal
PORSCHE,BOXSTER GTS,TWO-SEATER,2.5,4,M6,Z,12.3,9.4,11.0,26,257,HIgh
PORSCHE,BOXSTER S,TWO-SEATER,2.5,4,AM7,Z,11.0,8.4,9.9,29,230,Normal
PORSCHE,BOXSTER S,TWO-SEATER,2.5,4,M6,Z,12.1,9.0,10.7,26,249,Normal
PORSCHE,CAYENNE,SUV - STANDARD,3.6,6,A8,Z,12.9,9.7,11.5,25,268,HIgh
PORSCHE,CAYENNE GTS,SUV - STANDARD,3.6,6,A8,Z,14.5,10.4,12.6,22,296,HIgh
PORSCHE,CAYENNE PLATINUM,SUV - STANDARD,3.6,6,A8,Z,13.6,10.2,12.1,23,281,HIgh
PORSCHE,CAYENNE S,SUV - STANDARD,3.6,6,A8,Z,13.9,9.6,12.0,24,281,HIgh
PORSCHE,CAYENNE TURBO,SUV - STANDARD,4.8,8,A8,Z,16.7,11.2,14.3,20,334,HIgh
PORSCHE,CAYENNE TURBO S,SUV - STANDARD,4.8,8,A8,Z,16.7,11.2,14.3,20,334,HIgh
PORSCHE,CAYMAN,TWO-SEATER,2.0,4,AM7,Z,10.5,8.0,9.4,30,219,Normal
PORSCHE,CAYMAN,TWO-SEATER,2.0,4,M6,Z,11.0,8.3,9.8,29,229,Normal
PORSCHE,CAYMAN GTS,TWO-SEATER,2.5,4,AM7,Z,11.8,9.2,10.6,27,249,Normal
PORSCHE,CAYMAN GTS,TWO-SEATER,2.5,4,M6,Z,12.3,9.4,11.0,26,257,HIgh
PORSCHE,CAYMAN S,TWO-SEATER,2.5,4,AM7,Z,11.0,8.4,9.9,29,230,Normal
PORSCHE,CAYMAN S,TWO-SEATER,2.5,4,M6,Z,12.1,9.0,10.7,26,249,Normal
PORSCHE,MACAN,SUV - SMALL,2.0,4,A7,Z,11.6,9.3,10.6,27,248,Normal
PORSCHE,MACAN GTS,SUV - SMALL,3.0,6,A7,Z,13.8,10.3,12.3,23,287,HIgh
PORSCHE,MACAN S,SUV - SMALL,3.0,6,A7,Z,13.7,10.3,12.2,23,285,HIgh
PORSCHE,MACAN TURBO,SUV - SMALL,3.6,6,A7,Z,14.2,10.1,12.3,23,287,HIgh
PORSCHE,MACAN TURBO KIT,SUV - SMALL,3.6,6,A7,Z,14.1,10.1,12.3,23,286,HIgh
PORSCHE,PANAMERA,FULL-SIZE,3.0,6,AM8,Z,11.0,8.3,9.8,29,229,Normal
PORSCHE,PANAMERA 4,FULL-SIZE,3.0,6,AM8,Z,11.3,8.6,10.1,28,235,Normal
PORSCHE,PANAMERA 4 EXECUTIVE,FULL-SIZE,3.0,6,AM8,Z,11.3,8.6,10.1,28,235,Normal
PORSCHE,PANAMERA 4 ST,FULL-SIZE,3.0,6,AM8,Z,11.5,9.0,10.4,27,242,Normal
PORSCHE,PANAMERA 4S,FULL-SIZE,2.9,6,AM8,Z,11.3,8.5,10.1,28,235,Normal
PORSCHE,PANAMERA 4S EXECUTIVE,FULL-SIZE,2.9,6,AM8,Z,11.3,8.5,10.1,28,235,Normal
PORSCHE,PANAMERA 4S ST,FULL-SIZE,2.9,6,AM8,Z,12.1,9.0,10.7,26,249,Normal
PORSCHE,PANAMERA TURBO,FULL-SIZE,4.0,8,AM8,Z,12.8,9.2,11.2,25,261,HIgh
PORSCHE,PANAMERA TURBO EXECUTIVE,FULL-SIZE,4.0,8,AM8,Z,12.8,9.2,11.2,25,261,HIgh
PORSCHE,PANAMERA TURBO ST,FULL-SIZE,4.0,8,AM8,Z,13.4,10.1,11.9,24,279,HIgh
RAM,1500 FFV,PICKUP TRUCK - STANDARD,3.6,6,A8,X,13.9,9.6,11.9,24,280,HIgh
RAM,1500 FFV,PICKUP TRUCK - STANDARD,3.6,6,A8,E,19.7,13.8,17.0,17,283,HIgh
RAM,1500,PICKUP TRUCK - STANDARD,5.7,8,A6,X,17.0,12.0,14.8,19,346,HIgh
RAM,1500,PICKUP TRUCK - STANDARD,5.7,8,A8,X,15.7,11.0,13.6,21,319,HIgh
RAM,1500 ECODIESEL,PICKUP TRUCK - STANDARD,3.0,6,A8,D,11.8,8.6,10.4,27,278,HIgh
RAM,1500 4X4 FFV,PICKUP TRUCK - STANDARD,3.6,6,A8,X,14.5,10.2,12.6,22,294,HIgh
RAM,1500 4X4 FFV,PICKUP TRUCK - STANDARD,3.6,6,A8,E,20.7,14.7,18.0,16,300,HIgh
RAM,1500 4X4,PICKUP TRUCK - STANDARD,5.7,8,A6,X,18.7,13.3,16.3,17,382,HIgh
RAM,1500 4X4,PICKUP TRUCK - STANDARD,5.7,8,A8,X,16.1,11.5,14.0,20,328,HIgh
RAM,1500 4X4 ECODIESEL,PICKUP TRUCK - STANDARD,3.0,6,A8,D,12.3,8.8,10.8,26,289,HIgh
RAM,PROMASTER CITY,SPECIAL PURPOSE VEHICLE,2.4,4,A9,X,11.2,8.3,9.9,29,232,Normal
ROLLS-ROYCE,DAWN,COMPACT,6.6,12,AS8,Z,20.3,13.0,17.0,17,397,HIgh
ROLLS-ROYCE,GHOST,FULL-SIZE,6.6,12,AS8,Z,20.3,13.0,17.0,17,397,HIgh
ROLLS-ROYCE,GHOST EWB,FULL-SIZE,6.6,12,AS8,Z,20.3,13.0,17.0,17,397,HIgh
ROLLS-ROYCE,PHANTOM,FULL-SIZE,6.7,12,AS8,Z,20.0,12.4,16.6,17,387,HIgh
ROLLS-ROYCE,PHANTOM EWB,FULL-SIZE,6.7,12,AS8,Z,20.0,12.4,16.6,17,387,HIgh
ROLLS-ROYCE,WRAITH,MID-SIZE,6.6,12,AS8,Z,19.6,12.9,16.6,17,388,HIgh
SUBARU,BRZ,MINICOMPACT,2.0,4,AS6,Z,9.7,7.2,8.6,33,200,Normal
SUBARU,BRZ,MINICOMPACT,2.0,4,M6,Z,11.2,8.1,9.8,29,229,Normal
SUBARU,BRZ tS,MINICOMPACT,2.0,4,M6,Z,11.6,8.6,10.2,28,239,Normal
SUBARU,CROSSTREK AWD,SUV - SMALL,2.0,4,AV7,X,8.8,7.2,8.1,35,188,Normal
SUBARU,CROSSTREK AWD,SUV - SMALL,2.0,4,M6,X,10.5,8.1,9.4,30,220,Normal
SUBARU,FORESTER AWD,SUV - SMALL,2.0,4,AV8,Z,10.2,8.6,9.5,30,223,Normal
SUBARU,FORESTER AWD,SUV - SMALL,2.5,4,AV6,X,9.2,7.4,8.4,34,196,Normal
SUBARU,FORESTER AWD,SUV - SMALL,2.5,4,M6,X,10.9,8.3,9.7,29,228,Normal
SUBARU,IMPREZA 4-DOOR AWD,MID-SIZE,2.0,4,AV7,X,8.3,6.4,7.5,38,174,Normal
SUBARU,IMPREZA 4-DOOR AWD,MID-SIZE,2.0,4,M5,X,10.0,7.5,8.9,32,208,Normal
SUBARU,IMPREZA 5-DOOR AWD,STATION WAGON - SMALL,2.0,4,AV7,X,8.4,6.5,7.5,38,176,Normal
SUBARU,IMPREZA 5-DOOR AWD,STATION WAGON - SMALL,2.0,4,M5,X,10.1,7.7,9.0,31,211,Normal
SUBARU,LEGACY AWD,MID-SIZE,2.5,4,AV7,X,9.3,7.0,8.3,34,193,Normal
SUBARU,LEGACY AWD,MID-SIZE,3.6,6,AV6,X,11.9,8.3,10.3,27,241,Normal
SUBARU,OUTBACK AWD,SUV - SMALL,2.5,4,AV7,X,9.4,7.3,8.5,33,198,Normal
SUBARU,OUTBACK AWD,SUV - SMALL,3.6,6,AV6,X,12.0,8.7,10.5,27,247,Normal
SUBARU,WRX AWD,COMPACT,2.0,4,AV8,Z,12.6,9.6,11.2,25,256,HIgh
SUBARU,WRX AWD,COMPACT,2.0,4,M6,Z,11.3,8.5,10.0,28,235,Normal
SUBARU,WRX STI AWD,COMPACT,2.5,4,M6,Z,14.1,10.5,12.5,23,291,HIgh
SUBARU,WRX STI AWD TYPE RA,COMPACT,2.5,4,M6,Z,14.3,10.9,12.8,22,296,HIgh
TOYOTA,4RUNNER 4WD,SUV - STANDARD,4.0,6,AS5,X,14.3,11.9,13.2,21,308,HIgh
TOYOTA,4RUNNER 4WD (Part-Time 4WD),SUV - STANDARD,4.0,6,AS5,X,14.3,11.9,13.2,21,308,HIgh
TOYOTA,86,MINICOMPACT,2.0,4,AS6,Z,9.9,7.3,8.7,32,204,Normal
TOYOTA,86,MINICOMPACT,2.0,4,M6,Z,11.3,8.3,9.9,29,232,Normal
TOYOTA,AVALON,MID-SIZE,3.5,6,AS6,X,11.4,7.7,9.7,29,226,Normal
TOYOTA,CAMRY,MID-SIZE,2.5,4,AS8,X,8.1,5.7,6.9,41,164,Normal
TOYOTA,CAMRY LE/SE,MID-SIZE,2.5,4,AS8,X,8.4,6.0,7.3,39,172,Normal
TOYOTA,CAMRY XLE/XSE,MID-SIZE,2.5,4,AS8,X,8.5,6.1,7.4,38,173,Normal
TOYOTA,CAMRY,MID-SIZE,3.5,6,AS8,X,10.5,7.1,9.0,31,210,Normal
TOYOTA,CAMRY XSE,MID-SIZE,3.5,6,AS8,X,10.7,7.4,9.2,31,215,Normal
TOYOTA,CAMRY HYBRID LE,MID-SIZE,2.5,4,AV6,X,4.9,4.8,4.9,58,113,Normal
TOYOTA,CAMRY HYBRID XLE/SE,MID-SIZE,2.5,4,AV6,X,5.3,5.0,5.1,55,121,Normal
TOYOTA,C-HR,COMPACT,2.0,4,AV7,X,8.7,7.5,8.2,34,189,Normal
TOYOTA,COROLLA,MID-SIZE,1.8,4,AV,X,8.3,6.5,7.5,38,174,Normal
TOYOTA,COROLLA,MID-SIZE,1.8,4,AV7,X,8.3,6.7,7.5,38,178,Normal
TOYOTA,COROLLA,MID-SIZE,1.8,4,M6,X,8.5,6.6,7.6,37,178,Normal
TOYOTA,COROLLA LE ECO (1-mode),MID-SIZE,1.8,4,AV,X,7.8,5.9,6.9,41,163,Normal
TOYOTA,COROLLA LE ECO (2-mode),MID-SIZE,1.8,4,AV,X,8.0,6.3,7.2,39,168,Normal
TOYOTA,COROLLA iM,MID-SIZE,1.8,4,AV7,X,8.3,6.5,7.5,38,176,Normal
TOYOTA,COROLLA iM,MID-SIZE,1.8,4,M6,X,8.8,6.8,7.9,36,185,Normal
TOYOTA,HIGHLANDER,SUV - SMALL,3.5,6,AS8,X,11.8,8.7,10.3,27,243,Normal
TOYOTA,HIGHLANDER AWD,SUV - STANDARD,3.5,6,AS8,X,12.1,9.0,10.6,27,251,HIgh
TOYOTA,HIGHLANDER AWD (Start/Stop System),SUV - STANDARD,3.5,6,AS8,X,12.0,8.9,10.6,27,247,Normal
TOYOTA,HIGHLANDER AWD LE,SUV - STANDARD,3.5,6,AS8,X,11.7,8.8,10.4,27,242,Normal
TOYOTA,HIGHLANDER HYBRID AWD,SUV - STANDARD,3.5,6,AV6,X,8.1,8.5,8.3,34,193,Normal
TOYOTA,PRIUS,MID-SIZE,1.8,4,AV,X,4.3,4.6,4.5,63,105,Normal
TOYOTA,PRIUS c,COMPACT,1.5,4,AV,X,4.9,5.5,5.1,55,120,Normal
TOYOTA,PRIUS v,STATION WAGON - MID-SIZE,1.8,4,AV,X,5.5,6.0,5.8,49,135,Normal
TOYOTA,RAV4 LE/XLE,SUV - SMALL,2.5,4,AS6,X,10.0,7.8,9.0,31,210,Normal
TOYOTA,RAV4 AWD,SUV - SMALL,2.5,4,AS6,X,10.5,8.3,9.5,30,222,Normal
TOYOTA,RAV4 LIMITED/SE AWD,SUV - SMALL,2.5,4,AS6,X,10.7,8.4,9.7,29,226,Normal
TOYOTA,RAV4 HYBRID AWD,SUV - SMALL,2.5,4,AV6,X,6.9,7.8,7.3,39,171,Normal
TOYOTA,SEQUOIA 4WD,SUV - STANDARD,5.7,8,AS6,X,18.4,13.8,16.4,17,384,HIgh
TOYOTA,SIENNA,MINIVAN,3.5,6,AS8,X,12.5,8.9,10.9,26,256,HIgh
TOYOTA,SIENNA AWD,MINIVAN,3.5,6,AS8,X,13.4,9.6,11.7,24,274,HIgh
TOYOTA,TACOMA,PICKUP TRUCK - SMALL,2.7,4,AS6,X,12.1,10.1,11.2,25,263,HIgh
TOYOTA,TACOMA,PICKUP TRUCK - SMALL,3.5,6,AS6,X,12.6,10.0,11.4,25,268,HIgh
TOYOTA,TACOMA 4WD,PICKUP TRUCK - SMALL,2.7,4,AS6,X,12.7,10.6,11.7,24,274,HIgh
TOYOTA,TACOMA 4WD,PICKUP TRUCK - SMALL,3.5,6,AS6,X,13.2,10.7,12.1,23,283,HIgh
TOYOTA,TACOMA 4WD,PICKUP TRUCK - SMALL,3.5,6,M6,X,13.8,11.4,12.7,22,299,HIgh
TOYOTA,TACOMA 4WD D-CAB OFF-ROAD,PICKUP TRUCK - SMALL,3.5,6,M6,X,13.8,11.7,12.9,22,300,HIgh
TOYOTA,TUNDRA,PICKUP TRUCK - STANDARD,5.7,8,AS6,X,17.7,13.6,15.9,18,371,HIgh
TOYOTA,TUNDRA 4WD,PICKUP TRUCK - STANDARD,4.6,8,AS6,X,16.8,13.1,14.9,19,354,HIgh
TOYOTA,TUNDRA 4WD,PICKUP TRUCK - STANDARD,5.7,8,AS6,X,18.0,14.2,16.3,17,383,HIgh
TOYOTA,YARIS,COMPACT,1.5,4,AS6,X,7.3,5.8,6.6,43,155,Normal
TOYOTA,YARIS (SIL),COMPACT,1.5,4,M6,X,7.8,6.0,6.8,42,164,Normal
TOYOTA,YARIS HATCHBACK,COMPACT,1.5,4,A4,X,7.9,6.8,7.4,38,173,Normal
TOYOTA,YARIS HATCHBACK,COMPACT,1.5,4,M5,X,7.8,6.5,7.2,39,168,Normal
VOLKSWAGEN,ATLAS,SUV - SMALL,2.0,4,AS8,X,10.8,8.9,10.0,28,233,Normal
VOLKSWAGEN,ATLAS 4MOTION,SUV - SMALL,3.6,6,AS8,X,13.7,10.1,12.1,23,282,HIgh
VOLKSWAGEN,BEETLE,COMPACT,2.0,4,AS6,X,9.0,7.2,8.2,34,191,Normal
VOLKSWAGEN,BEETLE CONVERTIBLE,SUBCOMPACT,2.0,4,AS6,X,9.0,7.2,8.2,34,191,Normal
VOLKSWAGEN,BEETLE DUNE,COMPACT,2.0,4,AS6,X,9.1,6.9,8.1,35,189,Normal
VOLKSWAGEN,BEETLE DUNE CONVERTIBLE,SUBCOMPACT,2.0,4,AS6,X,9.1,6.9,8.1,35,189,Normal
VOLKSWAGEN,GOLF,COMPACT,1.8,4,AS6,X,9.6,7.2,8.5,33,199,Normal
VOLKSWAGEN,GOLF,COMPACT,1.8,4,M5,X,9.3,6.9,8.2,34,192,Normal
VOLKSWAGEN,GOLF GTI,COMPACT,2.0,4,AM6,X,9.6,7.3,8.6,33,200,Normal
VOLKSWAGEN,GOLF GTI,COMPACT,2.0,4,M6,X,9.6,7.2,8.5,33,199,Normal
VOLKSWAGEN,GOLF R,COMPACT,2.0,4,AM7,Z,10.6,8.0,9.4,30,220,Normal
VOLKSWAGEN,GOLF R,COMPACT,2.0,4,M6,Z,11.1,8.1,9.8,29,227,Normal
VOLKSWAGEN,GOLF ALLTRACK,STATION WAGON - SMALL,1.8,4,AM6,X,10.7,8.0,9.4,30,220,Normal
VOLKSWAGEN,GOLF ALLTRACK,STATION WAGON - SMALL,1.8,4,M6,X,11.1,7.8,9.6,29,225,Normal
VOLKSWAGEN,GOLF SPORTWAGEN,STATION WAGON - SMALL,1.8,4,AS6,X,9.6,7.2,8.5,33,199,Normal
VOLKSWAGEN,GOLF SPORTWAGEN,STATION WAGON - SMALL,1.8,4,M5,X,9.4,6.9,8.2,34,192,Normal
VOLKSWAGEN,GOLF SPORTWAGEN 4MOTION,STATION WAGON - SMALL,1.8,4,AM6,X,10.8,8.1,9.6,29,224,Normal
VOLKSWAGEN,GOLF SPORTWAGEN 4MOTION,STATION WAGON - SMALL,1.8,4,M6,X,10.8,7.6,9.3,30,218,Normal
VOLKSWAGEN,PASSAT,MID-SIZE,2.0,4,AS6,X,9.3,6.5,8.1,35,188,Normal
VOLKSWAGEN,PASSAT,MID-SIZE,3.6,6,AM6,X,12.2,8.5,10.6,27,246,Normal
VOLKSWAGEN,TIGUAN,SUV - SMALL,2.0,4,AS8,X,10.6,8.7,9.8,29,229,Normal
VOLKSWAGEN,TIGUAN 4MOTION,SUV - SMALL,2.0,4,AS8,X,11.3,8.8,10.2,28,237,Normal
VOLVO,S60 T5 AWD,COMPACT,2.0,4,AS8,X,11.0,8.1,9.7,29,226,Normal
VOLVO,S60 T6 AWD,COMPACT,2.0,4,AS8,Z,10.9,7.7,9.4,30,221,Normal
VOLVO,S60 POLESTAR,COMPACT,2.0,4,AS8,Z,11.8,8.5,10.3,27,241,Normal
VOLVO,S60 CC T5 AWD,COMPACT,2.0,4,AS8,X,10.8,7.8,9.4,30,220,Normal
VOLVO,S90 T5 AWD,MID-SIZE,2.0,4,AS8,Z,10.1,7.4,8.8,32,206,Normal
VOLVO,S90 T6 AWD,MID-SIZE,2.0,4,AS8,Z,10.6,7.6,9.3,30,216,Normal
VOLVO,V60 T5 AWD,STATION WAGON - SMALL,2.0,4,AS8,X,11.0,8.1,9.7,29,226,Normal
VOLVO,V60 T6 AWD,STATION WAGON - SMALL,2.0,4,AS8,Z,10.9,7.7,9.4,30,221,Normal
VOLVO,V60 POLESTAR,STATION WAGON - SMALL,2.0,4,AS8,Z,11.8,8.5,10.3,27,241,Normal
VOLVO,V60 CC T5 AWD,STATION WAGON - SMALL,2.0,4,AS8,X,10.8,7.8,9.4,30,220,Normal
VOLVO,V90 T6 AWD,STATION WAGON - MID-SIZE,2.0,4,AS8,Z,10.6,7.6,9.3,30,216,Normal
VOLVO,V90 CC T5 AWD,STATION WAGON - MID-SIZE,2.0,4,AS8,Z,10.4,7.7,9.2,31,214,Normal
VOLVO,V90 CC T6 AWD,STATION WAGON - MID-SIZE,2.0,4,AS8,Z,10.9,8.0,9.6,29,224,Normal
VOLVO,XC60 T5 AWD,SUV - SMALL,2.0,4,AS8,Z,10.7,8.5,9.8,29,228,Normal
VOLVO,XC60 T6 AWD,SUV - SMALL,2.0,4,AS8,Z,11.4,8.7,10.2,28,240,Normal
VOLVO,XC90 T5 AWD,SUV - STANDARD,2.0,4,AS8,Z,10.9,8.3,9.7,29,227,Normal
VOLVO,XC90 T6 AWD,SUV - STANDARD,2.0,4,AS8,Z,11.5,8.8,10.3,27,240,Normal
ACURA,ILX,COMPACT,2.4,4,AM8,Z,9.9,7.0,8.6,33,199,Normal
ACURA,MDX SH-AWD,SUV - SMALL,3.5,6,AS9,Z,12.2,9.0,10.8,26,252,HIgh
ACURA,MDX SH-AWD A-SPEC,SUV - SMALL,3.5,6,AS9,Z,12.2,9.5,11.0,26,258,HIgh
ACURA,MDX Hybrid AWD,SUV - SMALL,3.0,6,AM7,Z,9.1,9.0,9.0,31,210,Normal
ACURA,NSX,TWO-SEATER,3.5,6,AM9,Z,11.1,10.8,11.0,26,261,HIgh
ACURA,RDX AWD,SUV - SMALL,2.0,4,AS10,Z,11.0,8.6,9.9,29,232,Normal
ACURA,RDX AWD A-SPEC,SUV - SMALL,2.0,4,AS10,Z,11.3,9.1,10.3,27,242,Normal
ACURA,RLX Hybrid,MID-SIZE,3.5,6,AM7,Z,8.4,8.2,8.4,34,196,Normal
ACURA,TLX,COMPACT,2.4,4,AM8,Z,10.0,7.1,8.7,32,205,Normal
ACURA,TLX A-SPEC,COMPACT,2.4,4,AM8,Z,10.2,7.4,8.9,32,209,Normal
ACURA,TLX SH-AWD,COMPACT,3.5,6,AS9,Z,11.4,7.7,9.8,29,228,Normal
ACURA,TLX SH-AWD A-SPEC,COMPACT,3.5,6,AS9,Z,12.0,8.2,10.3,27,240,Normal
ALFA ROMEO,4C Coupe,TWO-SEATER,1.8,4,AM6,Z,9.7,6.9,8.4,34,197,Normal
ALFA ROMEO,4C Spider,TWO-SEATER,1.8,4,AM6,Z,9.7,6.9,8.4,34,197,Normal
ALFA ROMEO,Giulia,MID-SIZE,2.0,4,A8,Z,10.0,7.2,8.7,32,205,Normal
ALFA ROMEO,Giulia AWD,MID-SIZE,2.0,4,A8,Z,10.5,7.7,9.2,31,217,Normal
ALFA ROMEO,Giulia Quadrifoglio,MID-SIZE,2.9,6,A8,Z,13.8,9.6,11.9,24,280,HIgh
ALFA ROMEO,Stelvio,SUV - SMALL,2.0,4,A8,Z,10.3,8.1,9.3,30,218,Normal
ALFA ROMEO,Stelvio AWD,SUV - SMALL,2.0,4,A8,Z,10.8,8.3,9.6,29,226,Normal
ALFA ROMEO,Stelvio AWD Quadrifoglio,SUV - SMALL,2.9,6,A8,Z,14.1,10.4,12.4,23,292,HIgh
ASTON MARTIN,DB11 V8,MINICOMPACT,4.0,8,A8,Z,13.0,9.8,11.5,25,271,HIgh
ASTON MARTIN,DB11 AMR,MINICOMPACT,5.2,12,A8,Z,15.5,10.6,13.3,21,312,HIgh
ASTON MARTIN,DBS Superleggera,MINICOMPACT,5.2,12,A8,Z,16.4,10.7,13.8,20,324,HIgh
ASTON MARTIN,Rapide AMR,SUBCOMPACT,6.0,12,A8,Z,16.7,10.9,14.1,20,332,HIgh
ASTON MARTIN,Vanquish Zagato,MINICOMPACT,6.0,12,A8,Z,17.5,11.4,14.7,19,346,HIgh
ASTON MARTIN,Vantage V8,TWO-SEATER,4.0,8,A8,Z,12.7,9.4,11.2,25,264,HIgh
AUDI,A3,SUBCOMPACT,2.0,4,AM7,X,9.1,6.8,8.1,35,188,Normal
AUDI,A3 quattro,SUBCOMPACT,2.0,4,AM7,X,10.9,7.9,9.6,29,225,Normal
AUDI,A3 Cabriolet quattro,SUBCOMPACT,2.0,4,AM7,X,10.7,7.9,9.5,30,221,Normal
AUDI,A4,COMPACT,2.0,4,AM7,Z,8.6,6.9,7.8,36,182,Normal
AUDI,A4 quattro,COMPACT,2.0,4,AM7,Z,10.0,7.0,8.7,32,204,Normal
AUDI,A4 allroad quattro,STATION WAGON - SMALL,2.0,4,AM7,Z,10.7,8.0,9.5,30,221,Normal
AUDI,A5 quattro,SUBCOMPACT,2.0,4,AM7,Z,10.0,7.0,8.7,32,204,Normal
AUDI,A5 Cabriolet quattro,SUBCOMPACT,2.0,4,AM7,Z,10.0,7.0,8.7,32,204,Normal
AUDI,A5 Sportback quattro,MID-SIZE,2.0,4,AM7,Z,10.0,7.0,8.7,32,204,Normal
AUDI,A6 quattro,MID-SIZE,3.0,6,AM7,Z,10.7,8.2,9.6,29,224,Normal
AUDI,A7 quattro,MID-SIZE,3.0,6,AM7,Z,10.7,8.2,9.6,29,224,Normal
AUDI,A8L,FULL-SIZE,3.0,6,AS8,Z,12.5,8.6,10.8,26,252,HIgh
AUDI,Q3 quattro,SUV - SMALL,2.0,4,AS8,X,12.3,8.6,10.6,27,248,Normal
AUDI,Q5,SUV - SMALL,2.0,4,AM7,Z,10.9,8.7,9.9,29,230,Normal
AUDI,Q7,SUV - STANDARD,2.0,4,AS8,Z,12.2,9.5,11.0,26,258,HIgh
AUDI,Q7,SUV - STANDARD,3.0,6,AS8,Z,12.6,9.4,11.1,25,260,HIgh
AUDI,Q8,SUV - STANDARD,3.0,6,AS8,Z,14.0,10.7,12.5,23,294,HIgh
AUDI,RS 3,SUBCOMPACT,2.5,5,AM7,Z,12.4,8.4,10.6,27,247,Normal
AUDI,RS 5 Coupe,SUBCOMPACT,2.9,6,AS8,Z,13.3,8.7,11.3,25,262,HIgh
AUDI,RS 5 Sportback,MID-SIZE,2.9,6,AS8,Z,13.5,9.0,11.5,25,268,HIgh
AUDI,S3,SUBCOMPACT,2.0,4,AM7,Z,10.7,8.0,9.5,30,222,Normal
AUDI,S4,COMPACT,3.0,6,AS8,Z,11.3,8.0,9.8,29,230,Normal
AUDI,S5,SUBCOMPACT,3.0,6,AS8,Z,11.3,8.0,9.8,29,230,Normal
AUDI,S5 Cabriolet,SUBCOMPACT,3.0,6,AS8,Z,11.4,8.2,9.9,29,234,Normal
AUDI,S5 Sportback,MID-SIZE,3.0,6,AS8,Z,11.3,8.0,9.8,29,230,Normal
AUDI,SQ5,SUV - SMALL,3.0,6,AS8,Z,12.7,10.0,11.5,25,270,HIgh
AUDI,TT Coupe quattro,SUBCOMPACT,2.0,4,AM7,X,10.3,7.7,9.2,31,213,Normal
AUDI,TT Roadster quattro,TWO-SEATER,2.0,4,AM7,X,10.3,7.7,9.2,31,213,Normal
AUDI,TT RS Coupe,SUBCOMPACT,2.5,5,AM7,Z,12.0,8.3,10.3,27,241,Normal
AUDI,TTS Coupe,SUBCOMPACT,2.0,4,AM7,Z,10.4,8.2,9.4,30,220,Normal
BENTLEY,Bentayga,SUV - STANDARD,4.0,8,AS8,Z,16.4,10.1,13.6,21,315,HIgh
BENTLEY,Mulsanne,MID-SIZE,6.8,8,AS8,Z,24.5,14.4,20.0,14,465,HIgh
BMW,230i xDrive Cabriolet,SUBCOMPACT,2.0,4,AS8,Z,10.2,7.2,8.8,32,207,Normal
BMW,230i xDrive Coupe,SUBCOMPACT,2.0,4,AS8,Z,9.9,7.1,8.6,33,202,Normal
BMW,330i xDrive,COMPACT,2.0,4,AS8,Z,9.5,6.9,8.3,34,194,Normal
BMW,330i xDrive Gran Turismo,FULL-SIZE,2.0,4,AS8,Z,10.2,7.2,8.8,32,207,Normal
BMW,330i xDrive Touring,STATION WAGON - SMALL,2.0,4,AS8,Z,10.2,7.2,8.8,32,207,Normal
BMW,430i xDrive Cabriolet,SUBCOMPACT,2.0,4,AS8,Z,10.6,7.3,9.1,31,213,Normal
BMW,430i xDrive Coupe,COMPACT,2.0,4,AS8,Z,10.2,7.2,8.8,32,207,Normal
BMW,430i xDrive Gran Coupe,COMPACT,2.0,4,AS8,Z,10.2,7.2,8.8,32,207,Normal
BMW,440i Coupe,COMPACT,3.0,6,AS8,Z,11.2,7.3,9.4,30,227,Normal
BMW,440i Coupe,COMPACT,3.0,6,M6,Z,12.8,8.8,11.0,26,256,HIgh
BMW,440i xDrive Cabriolet,SUBCOMPACT,3.0,6,AS8,Z,11.8,7.9,10.0,28,235,Normal
BMW,440i xDrive Coupe,COMPACT,3.0,6,AS8,Z,11.4,7.6,9.7,29,228,Normal
BMW,440i xDrive Coupe,COMPACT,3.0,6,M6,Z,13.0,8.5,11.0,26,256,HIgh
BMW,440i xDrive Gran Coupe,COMPACT,3.0,6,AS8,Z,11.4,7.6,9.7,29,228,Normal
BMW,530i xDrive,MID-SIZE,2.0,4,AS8,Z,10.2,7.2,8.8,32,207,Normal
BMW,540i xDrive,MID-SIZE,3.0,6,AS8,Z,11.2,8.1,9.8,29,231,Normal
BMW,640i xDrive Gran Coupe,COMPACT,3.0,6,AS8,Z,12.3,8.4,10.5,27,248,Normal
BMW,640i xDrive Gran Turismo,FULL-SIZE,3.0,6,AS8,Z,11.9,8.4,10.3,27,241,Normal
BMW,650i xDrive Gran Coupe,COMPACT,4.4,8,AS8,Z,14.0,9.6,12.0,24,282,HIgh
BMW,750i xDrive,FULL-SIZE,4.4,8,AS8,Z,13.3,9.2,11.5,25,269,HIgh
BMW,750Li xDrive,FULL-SIZE,4.4,8,AS8,Z,14.0,9.6,12.0,24,282,HIgh
BMW,Alpina B6 xDrive Gran Coupe,COMPACT,4.4,8,AS8,Z,14.0,9.6,12.0,24,282,HIgh
BMW,Alpina B7 xDrive,FULL-SIZE,4.4,8,AS8,Z,14.0,9.6,12.0,24,282,HIgh
BMW,M2 Competition,SUBCOMPACT,3.0,6,AM7,Z,14.3,10.4,12.6,22,294,HIgh
BMW,M2 Competition,SUBCOMPACT,3.0,6,M6,Z,13.4,9.6,11.7,24,273,HIgh
BMW,M240i Cabriolet,SUBCOMPACT,3.0,6,AS8,Z,11.2,7.8,9.7,29,227,Normal
BMW,M240i Cabriolet,SUBCOMPACT,3.0,6,M6,Z,12.8,8.8,11.0,26,256,HIgh
BMW,M240i Coupe,SUBCOMPACT,3.0,6,AS8,Z,11.2,7.8,9.7,29,227,Normal
BMW,M240i Coupe,SUBCOMPACT,3.0,6,M6,Z,12.8,8.8,11.0,26,256,HIgh
BMW,M240i Coupe M Performance,SUBCOMPACT,3.0,6,AS8,Z,11.2,7.8,9.7,29,227,Normal
BMW,M240i Coupe M Performance,SUBCOMPACT,3.0,6,M6,Z,12.8,8.8,11.0,26,256,HIgh
BMW,M240i xDrive Cabriolet,SUBCOMPACT,3.0,6,AS8,Z,11.3,8.0,9.8,29,229,Normal
BMW,M240i xDrive Coupe,SUBCOMPACT,3.0,6,AS8,Z,11.3,8.0,9.8,29,229,Normal
BMW,M240i xDrive Coupe M Performance,SUBCOMPACT,3.0,6,AS8,Z,11.3,8.0,9.8,29,229,Normal
BMW,M4 Cabriolet,SUBCOMPACT,3.0,6,AM7,Z,14.5,10.5,12.7,22,299,HIgh
BMW,M4 Cabriolet,SUBCOMPACT,3.0,6,M6,Z,13.8,9.4,11.9,24,280,HIgh
BMW,M4 Cabriolet Competition,SUBCOMPACT,3.0,6,AM7,Z,14.5,10.5,12.7,22,299,HIgh
BMW,M4 Cabriolet Competition,SUBCOMPACT,3.0,6,M6,Z,13.8,9.4,11.9,24,280,HIgh
BMW,M4 Coupe,COMPACT,3.0,6,AM7,Z,14.3,10.4,12.6,22,294,HIgh
BMW,M4 Coupe,COMPACT,3.0,6,M6,Z,13.4,9.6,11.7,24,273,HIgh
BMW,M4 Coupe Competition,COMPACT,3.0,6,AM7,Z,14.3,10.4,12.6,22,294,HIgh
BMW,M4 Coupe Competition,COMPACT,3.0,6,M6,Z,13.4,9.6,11.7,24,273,HIgh
BMW,M4 CS,COMPACT,3.0,6,AM7,Z,14.3,10.4,12.6,22,294,HIgh
BMW,M5,MID-SIZE,4.4,8,AS8,Z,16.0,11.2,13.9,20,324,HIgh
BMW,M5 Competition,MID-SIZE,4.4,8,AS8,Z,16.0,11.2,13.9,20,324,HIgh
BMW,M550i xDrive,MID-SIZE,4.4,8,AS8,Z,13.3,9.2,11.5,25,269,HIgh
BMW,M6 Gran Coupe,COMPACT,4.4,8,AM7,Z,17.3,11.6,14.7,19,344,HIgh
BMW,M760Li xDrive,FULL-SIZE,6.6,12,AS8,Z,17.7,11.9,15.1,19,355,HIgh
BMW,M850i xDrive Cabriolet,SUBCOMPACT,4.4,8,AS8,Z,13.5,9.2,11.6,24,270,HIgh
BMW,M850i xDrive Coupe,SUBCOMPACT,4.4,8,AS8,Z,13.3,9.2,11.5,25,269,HIgh
BMW,X1 xDrive28i,SUV - SMALL,2.0,4,AS8,Z,10.7,7.5,9.3,30,217,Normal
BMW,X2 xDrive28i,SUV - SMALL,2.0,4,AS8,Z,11.0,7.7,9.5,30,222,Normal
BMW,X3 xDrive30i,SUV - SMALL,2.0,4,AS8,Z,10.8,8.0,9.6,29,223,Normal
BMW,X3 M40i,SUV - SMALL,3.0,6,AS8,Z,11.9,8.7,10.4,27,245,Normal
BMW,X4 xDrive30i,SUV - SMALL,2.0,4,AS8,Z,10.8,8.0,9.6,29,223,Normal
BMW,X4 M40i,SUV - SMALL,3.0,6,AS8,Z,11.9,8.7,10.4,27,245,Normal
BMW,X5 xDrive40i,SUV - STANDARD,3.0,6,AS8,Z,11.7,9.1,10.5,27,245,Normal
BMW,X5 xDrive50i,SUV - STANDARD,4.4,8,AS8,Z,15.3,11.1,13.4,21,314,HIgh
BMW,X6 xDrive35i,SUV - STANDARD,3.0,6,AS8,Z,13.0,9.9,11.6,24,272,HIgh
BMW,X6 xDrive50i,SUV - STANDARD,4.4,8,AS8,Z,14.3,10.6,12.6,22,294,HIgh
BMW,X6 M,SUV - STANDARD,4.4,8,AS8,Z,16.6,12.1,14.6,19,341,HIgh
BMW,X7 xDrive40i,SUV - STANDARD,3.0,6,AS8,Z,12.0,9.4,10.8,26,254,HIgh
BMW,X7 xDrive50i,SUV - STANDARD,4.4,8,AS8,Z,14.3,10.6,12.6,22,294,HIgh
BUGATTI,Chiron,TWO-SEATER,8.0,16,AM7,Z,26.8,16.6,22.2,13,522,HIgh
BUICK,Enclave,SUV - STANDARD,3.6,6,A9,X,13.0,9.1,11.2,25,263,HIgh
BUICK,Enclave AWD,SUV - STANDARD,3.6,6,A9,X,13.8,9.5,11.9,24,278,HIgh
BUICK,Encore,SUV - SMALL,1.4,4,AS6,X,9.4,7.8,8.7,32,204,Normal
BUICK,Encore (SIDI with Stop/Start),SUV - SMALL,1.4,4,AS6,X,8.9,7.5,8.3,34,194,Normal
BUICK,Encore AWD,SUV - SMALL,1.4,4,AS6,X,9.9,8.1,9.1,31,214,Normal
BUICK,Encore AWD (SIDI with Stop/Start),SUV - SMALL,1.4,4,AS6,X,9.4,7.9,8.8,32,205,Normal
BUICK,Envision AWD,SUV - SMALL,2.0,4,A9,Z,11.7,9.4,10.7,26,249,Normal
BUICK,Envision AWD,SUV - SMALL,2.5,4,A6,X,11.1,8.6,10.0,28,234,Normal
BUICK,LaCrosse,MID-SIZE,3.6,6,AS9,X,11.7,7.8,9.9,29,233,Normal
BUICK,LaCrosse eAssist,MID-SIZE,2.5,4,AS6,X,9.4,6.8,8.2,34,192,Normal
BUICK,LaCrosse AWD,MID-SIZE,3.6,6,AS9,X,11.7,8.2,10.1,28,238,Normal
BUICK,Regal,MID-SIZE,2.0,4,AS9,Z,10.6,7.4,9.1,31,214,Normal
BUICK,Regal AWD,MID-SIZE,2.0,4,AS8,Z,11.0,8.0,9.6,29,227,Normal
BUICK,Regal AWD,MID-SIZE,3.6,6,AS9,X,12.4,8.7,10.7,26,251,HIgh
CADILLAC,CT6 AWD,FULL-SIZE,3.0,6,AS10,Z,13.1,9.1,11.3,25,267,HIgh
CADILLAC,CT6 AWD,FULL-SIZE,3.6,6,AS10,X,13.0,8.8,11.1,25,261,HIgh
CADILLAC,CT6 AWD,FULL-SIZE,4.2,8,AS10,Z,17.3,9.5,13.8,20,324,HIgh
CADILLAC,CTS,MID-SIZE,2.0,4,AS8,Z,11.0,7.8,9.5,30,222,Normal
CADILLAC,CTS,MID-SIZE,3.6,6,AS8,X,12.3,8.2,10.5,27,246,Normal
CADILLAC,CTS AWD,MID-SIZE,2.0,4,AS8,Z,11.4,8.1,9.9,29,232,Normal
CADILLAC,CTS AWD,MID-SIZE,3.6,6,AS8,X,13.3,9.2,11.5,25,269,HIgh
CADILLAC,CTS Vsport,MID-SIZE,3.6,6,AS8,Z,15.0,9.9,12.7,22,298,HIgh
CADILLAC,CTS-V,MID-SIZE,6.2,8,AS8,Z,17.1,11.0,14.3,20,337,HIgh
CADILLAC,Escalade 4WD,SUV - STANDARD,6.2,8,A10,Z,16.6,10.9,14.0,20,328,HIgh
CADILLAC,XT4,SUV - SMALL,2.0,4,AS9,Z,9.8,7.8,8.9,32,209,Normal
CADILLAC,XT4 AWD,SUV - SMALL,2.0,4,AS9,Z,10.9,8.2,9.7,29,227,Normal
CADILLAC,XT5,SUV - SMALL,3.6,6,AS8,X,12.1,8.9,10.6,27,250,Normal
CADILLAC,XT5 AWD,SUV - SMALL,3.6,6,AS8,X,12.8,9.3,11.2,25,263,HIgh
CADILLAC,XTS,FULL-SIZE,3.6,6,AS6,X,12.9,8.7,11.0,26,259,HIgh
CADILLAC,XTS AWD,FULL-SIZE,3.6,6,AS6,X,13.7,9.0,11.6,24,272,HIgh
CADILLAC,XTS Vsport AWD,FULL-SIZE,3.6,6,AS6,Z,15.0,10.1,12.8,22,302,HIgh
CHEVROLET,Blazer,SUV - SMALL,2.5,4,A9,X,10.8,8.8,9.9,29,232,Normal
CHEVROLET,Blazer,SUV - SMALL,3.6,6,A9,X,12.0,9.0,10.6,27,250,Normal
CHEVROLET,Blazer AWD,SUV - SMALL,3.6,6,A9,X,12.7,9.5,11.3,25,265,HIgh
CHEVROLET,Camaro,SUBCOMPACT,2.0,4,AS8,Z,10.8,7.7,9.4,30,220,Normal
CHEVROLET,Camaro,SUBCOMPACT,2.0,4,M6,Z,11.9,7.9,10.1,28,235,Normal
CHEVROLET,Camaro,SUBCOMPACT,3.6,6,AS8,X,12.3,8.2,10.4,27,246,Normal
CHEVROLET,Camaro,SUBCOMPACT,3.6,6,M6,X,14.3,8.8,11.8,24,277,HIgh
CHEVROLET,Camaro SS,SUBCOMPACT,6.2,8,AS10,Z,14.5,8.8,12.0,24,279,HIgh
CHEVROLET,Camaro SS,SUBCOMPACT,6.2,8,M6,Z,14.9,9.9,12.6,22,297,HIgh
CHEVROLET,Camaro ZL1,SUBCOMPACT,6.2,8,AS10,Z,18.3,11.2,15.1,19,355,HIgh
CHEVROLET,Camaro ZL1,SUBCOMPACT,6.2,8,M6,Z,17.2,12.0,14.9,19,349,HIgh
CHEVROLET,Colorado,PICKUP TRUCK - SMALL,2.5,4,A6,X,12.1,9.2,10.8,26,253,HIgh
CHEVROLET,Colorado,PICKUP TRUCK - SMALL,2.5,4,M6,X,11.9,9.2,10.7,26,251,HIgh
CHEVROLET,Colorado,PICKUP TRUCK - SMALL,2.8,4,A6,D,11.8,7.9,10.1,28,270,HIgh
CHEVROLET,Colorado,PICKUP TRUCK - SMALL,3.6,6,A8,X,13.4,9.6,11.7,24,274,HIgh
CHEVROLET,Colorado 4WD,PICKUP TRUCK - SMALL,2.5,4,A6,X,12.7,9.8,11.4,25,267,HIgh
CHEVROLET,Colorado 4WD,PICKUP TRUCK - SMALL,2.8,4,A6,D,12.2,8.4,10.5,27,283,HIgh
CHEVROLET,Colorado 4WD,PICKUP TRUCK - SMALL,3.6,6,A8,X,14.0,9.9,12.2,23,286,HIgh
CHEVROLET,Colorado ZR2 4WD,PICKUP TRUCK - SMALL,2.8,4,A6,D,13.3,10.6,12.1,23,326,HIgh
CHEVROLET,Colorado ZR2 4WD,PICKUP TRUCK - SMALL,3.6,6,A8,X,15.0,13.0,14.1,20,331,HIgh
CHEVROLET,Corvette,TWO-SEATER,6.2,8,AS8,Z,15.6,9.2,12.7,22,299,HIgh
CHEVROLET,Corvette,TWO-SEATER,6.2,8,M7,Z,14.6,9.3,12.2,23,286,HIgh
CHEVROLET,Corvette Z06,TWO-SEATER,6.2,8,AS8,Z,17.2,10.1,14.0,20,331,HIgh
CHEVROLET,Corvette Z06,TWO-SEATER,6.2,8,M7,Z,15.9,10.6,13.5,21,318,HIgh
CHEVROLET,Corvette ZR1,TWO-SEATER,6.2,8,AS8,Z,19.5,12.0,16.1,18,381,HIgh
CHEVROLET,Corvette ZR1,TWO-SEATER,6.2,8,M7,Z,18.2,12.5,15.6,18,368,HIgh
CHEVROLET,Cruze,COMPACT,1.4,4,AS6,X,8.3,6.2,7.3,39,172,Normal
CHEVROLET,Cruze Premier,COMPACT,1.4,4,AS6,X,8.3,6.2,7.3,39,172,Normal
CHEVROLET,Cruze Diesel,COMPACT,1.6,4,A9,D,7.6,4.9,6.4,44,172,Normal
CHEVROLET,Cruze Hatchback,MID-SIZE,1.4,4,AS6,X,8.3,6.2,7.3,39,172,Normal
CHEVROLET,Cruze Hatchback Premier,MID-SIZE,1.4,4,AS6,X,8.5,6.4,7.5,38,175,Normal
CHEVROLET,Cruze Hatchback Diesel,MID-SIZE,1.6,4,A9,D,7.8,5.2,6.6,43,178,Normal
CHEVROLET,Equinox,SUV - SMALL,1.5,4,A6,X,9.2,7.3,8.3,34,196,Normal
CHEVROLET,Equinox,SUV - SMALL,1.6,4,A6,D,8.5,6.0,7.4,38,199,Normal
CHEVROLET,Equinox AWD,SUV - SMALL,1.5,4,A6,X,9.3,7.8,8.6,33,207,Normal
CHEVROLET,Equinox AWD,SUV - SMALL,1.6,4,A6,D,8.5,6.1,7.4,38,199,Normal
CHEVROLET,Equinox AWD,SUV - SMALL,2.0,4,A9,Z,10.9,8.3,9.7,29,228,Normal
CHEVROLET,Impala,FULL-SIZE,2.5,4,AS6,X,10.8,8.0,9.6,29,225,Normal
CHEVROLET,Impala,FULL-SIZE,3.6,6,AS6,X,12.7,8.5,10.8,26,254,HIgh
CHEVROLET,Impala,FULL-SIZE,3.6,6,AS6,E,17.2,11.6,14.6,19,245,Normal
CHEVROLET,Malibu,MID-SIZE,1.5,4,AV,X,8.2,6.6,7.5,38,174,Normal
CHEVROLET,Malibu,MID-SIZE,2.0,4,A9,Z,10.5,7.4,9.1,31,214,Normal
CHEVROLET,Malibu Hybrid,MID-SIZE,1.8,4,AV,X,4.8,5.5,5.1,55,121,Normal
CHEVROLET,Silverado,PICKUP TRUCK - STANDARD,2.7,4,A8,X,11.9,10.3,11.1,25,261,HIgh
CHEVROLET,Silverado,PICKUP TRUCK - STANDARD,4.3,6,A6,X,15.1,11.5,13.5,21,316,HIgh
CHEVROLET,Silverado,PICKUP TRUCK - STANDARD,5.3,8,A6,X,15.9,11.4,13.9,20,326,HIgh
CHEVROLET,Silverado FFV,PICKUP TRUCK - STANDARD,5.3,8,A6,X,15.7,11.9,14.0,20,329,HIgh
CHEVROLET,Silverado FFV,PICKUP TRUCK - STANDARD,5.3,8,A6,E,21.1,15.0,18.4,15,306,HIgh
CHEVROLET,Silverado,PICKUP TRUCK - STANDARD,5.3,8,A8,X,14.1,10.2,12.4,23,290,HIgh
CHEVROLET,Silverado 4WD,PICKUP TRUCK - STANDARD,2.7,4,A8,X,12.5,10.8,11.7,24,275,HIgh
CHEVROLET,Silverado 4WD,PICKUP TRUCK - STANDARD,4.3,6,A6,X,15.8,11.9,14.0,20,329,HIgh
CHEVROLET,Silverado 4WD Trail Boss,PICKUP TRUCK - STANDARD,4.3,6,A6,X,16.3,12.9,14.8,19,347,HIgh
CHEVROLET,Silverado 4WD,PICKUP TRUCK - STANDARD,5.3,8,A6,X,15.9,11.7,14.0,20,329,HIgh
CHEVROLET,Silverado 4WD FFV,PICKUP TRUCK - STANDARD,5.3,8,A6,X,16.1,12.5,14.4,20,339,HIgh
CHEVROLET,Silverado 4WD FFV,PICKUP TRUCK - STANDARD,5.3,8,A6,E,22.0,16.1,19.3,15,322,HIgh
CHEVROLET,Silverado 4WD Trail Boss,PICKUP TRUCK - STANDARD,5.3,8,A6,X,16.5,13.0,14.9,19,350,HIgh
CHEVROLET,Silverado 4WD,PICKUP TRUCK - STANDARD,5.3,8,A8,X,14.9,10.8,13.1,22,306,HIgh
CHEVROLET,Silverado 4WD Trail Boss,PICKUP TRUCK - STANDARD,5.3,8,A8,X,15.3,11.8,13.7,21,320,HIgh
CHEVROLET,Silverado 4WD,PICKUP TRUCK - STANDARD,6.2,8,A10,Z,15.0,12.0,13.7,21,321,HIgh
CHEVROLET,Silverado LD,PICKUP TRUCK - STANDARD,5.3,8,A6,X,15.6,10.9,13.5,21,317,HIgh
CHEVROLET,Silverado LD 4WD,PICKUP TRUCK - STANDARD,5.3,8,A6,X,15.8,11.4,13.8,20,325,HIgh
CHEVROLET,Spark,SUBCOMPACT,1.4,4,AV,X,7.9,6.2,7.1,40,167,Normal
CHEVROLET,Spark,SUBCOMPACT,1.4,4,M5,X,8.0,6.2,7.2,39,170,Normal
CHEVROLET,Suburban,SUV - STANDARD,5.3,8,A6,X,15.7,10.5,13.4,21,314,HIgh
CHEVROLET,Suburban FFV,SUV - STANDARD,5.3,8,A6,X,15.7,10.5,13.4,21,314,HIgh
CHEVROLET,Suburban FFV,SUV - STANDARD,5.3,8,A6,E,21.2,13.9,17.9,16,298,HIgh
CHEVROLET,Suburban 4WD,SUV - STANDARD,5.3,8,A6,X,16.8,11.3,14.3,20,336,HIgh
CHEVROLET,Suburban 4WD FFV,SUV - STANDARD,5.3,8,A6,X,16.8,11.3,14.3,20,336,HIgh
CHEVROLET,Suburban 4WD FFV,SUV - STANDARD,5.3,8,A6,E,22.2,15.2,19.0,15,317,HIgh
CHEVROLET,Suburban 4WD,SUV - STANDARD,6.2,8,A10,Z,17.1,11.3,14.5,19,340,HIgh
CHEVROLET,Tahoe,SUV - STANDARD,5.3,8,A6,X,15.7,10.5,13.4,21,314,HIgh
CHEVROLET,Tahoe FFV,SUV - STANDARD,5.3,8,A6,X,15.7,10.5,13.4,21,314,HIgh
CHEVROLET,Tahoe FFV,SUV - STANDARD,5.3,8,A6,E,21.2,13.9,17.9,16,298,HIgh
CHEVROLET,Tahoe 4WD,SUV - STANDARD,5.3,8,A6,X,15.8,11.1,13.7,21,321,HIgh
CHEVROLET,Tahoe 4WD FFV,SUV - STANDARD,5.3,8,A6,X,15.8,11.1,13.7,21,321,HIgh
CHEVROLET,Tahoe 4WD FFV,SUV - STANDARD,5.3,8,A6,E,21.7,14.3,18.4,15,305,HIgh
CHEVROLET,Tahoe 4WD,SUV - STANDARD,6.2,8,A10,Z,16.4,10.7,13.8,20,325,HIgh
CHEVROLET,Traverse,SUV - STANDARD,3.6,6,A9,X,13.0,8.8,11.1,25,261,HIgh
CHEVROLET,Traverse AWD,SUV - STANDARD,3.6,6,A9,X,13.7,9.5,11.8,24,277,HIgh
CHEVROLET,Trax,SUV - SMALL,1.4,4,AS6,X,9.1,7.6,8.4,34,196,Normal
CHEVROLET,Trax,SUV - SMALL,1.4,4,M6,X,9.4,6.9,8.3,34,194,Normal
CHEVROLET,Trax 4WD,SUV - SMALL,1.4,4,AS6,X,9.9,8.1,9.1,31,214,Normal
CHRYSLER,300,FULL-SIZE,3.6,6,A8,X,12.4,7.8,10.3,27,242,Normal
CHRYSLER,300 FFV,FULL-SIZE,3.6,6,A8,X,12.4,7.8,10.3,27,242,Normal
CHRYSLER,300 FFV,FULL-SIZE,3.6,6,A8,E,17.1,10.6,14.2,20,234,Normal
CHRYSLER,300,FULL-SIZE,5.7,8,A8,X,14.7,9.4,12.3,23,289,HIgh
CHRYSLER,300 AWD,FULL-SIZE,3.6,6,A8,X,12.8,8.7,11.0,26,258,HIgh
CHRYSLER,300 AWD FFV,FULL-SIZE,3.6,6,A8,X,12.8,8.7,11.0,26,258,HIgh
CHRYSLER,300 AWD FFV,FULL-SIZE,3.6,6,A8,E,17.6,12.0,15.0,19,248,Normal
CHRYSLER,Pacifica,MINIVAN,3.6,6,A9,X,12.9,8.4,10.9,26,259,HIgh
CHRYSLER,Pacifica (Stop-Start),MINIVAN,3.6,6,A9,X,12.4,8.4,10.6,27,249,Normal
DODGE,Challenger,MID-SIZE,3.6,6,A8,X,12.4,7.8,10.3,27,242,Normal
DODGE,Challenger,MID-SIZE,5.7,8,M6,Z,15.6,10.1,13.1,22,307,HIgh
DODGE,Challenger,MID-SIZE,6.4,8,M6,Z,16.7,10.4,13.9,20,325,HIgh
DODGE,Challenger (MDS),MID-SIZE,5.7,8,A8,X,14.7,9.4,12.3,23,289,HIgh
DODGE,Challenger (MDS),MID-SIZE,6.4,8,A8,Z,15.8,9.6,13.0,22,304,HIgh
DODGE,Challenger GT AWD,MID-SIZE,3.6,6,A8,X,12.8,8.7,11.0,26,258,HIgh
DODGE,Challenger SRT Hellcat,MID-SIZE,6.2,8,A8,Z,17.6,10.7,14.5,19,339,HIgh
DODGE,Challenger SRT Hellcat,MID-SIZE,6.2,8,M6,Z,18.1,11.4,15.1,19,352,HIgh
DODGE,Challenger SRT Hellcat Redeye,MID-SIZE,6.2,8,A8,Z,17.6,10.7,14.5,19,339,HIgh
DODGE,Charger,FULL-SIZE,3.6,6,A5,X,13.7,9.0,11.6,24,271,HIgh
DODGE,Charger FFV,FULL-SIZE,3.6,6,A5,X,13.7,9.0,11.6,24,271,HIgh
DODGE,Charger FFV,FULL-SIZE,3.6,6,A5,E,18.9,12.7,16.1,18,268,HIgh
DODGE,Charger,FULL-SIZE,3.6,6,A8,X,12.4,7.8,10.3,27,242,Normal
DODGE,Charger FFV,FULL-SIZE,3.6,6,A8,X,12.4,7.8,10.3,27,242,Normal
DODGE,Charger FFV,FULL-SIZE,3.6,6,A8,E,17.1,10.6,14.2,20,234,Normal
DODGE,Charger (MDS),FULL-SIZE,5.7,8,A5,X,15.6,9.7,12.9,22,302,HIgh
DODGE,Charger (MDS),FULL-SIZE,5.7,8,A8,X,14.7,9.4,12.3,23,289,HIgh
DODGE,Charger (MDS),FULL-SIZE,6.4,8,A8,Z,15.8,9.6,13.0,22,304,HIgh
DODGE,Charger AWD,FULL-SIZE,3.6,6,A8,X,12.8,8.7,11.0,26,258,HIgh
DODGE,Charger AWD FFV,FULL-SIZE,3.6,6,A8,X,12.8,8.7,11.0,26,258,HIgh
DODGE,Charger AWD FFV,FULL-SIZE,3.6,6,A8,E,17.6,12.0,15.0,19,248,Normal
DODGE,Charger AWD (MDS),FULL-SIZE,5.7,8,A5,X,16.0,10.1,13.3,21,312,HIgh
DODGE,Charger SRT Hellcat,FULL-SIZE,6.2,8,A8,Z,17.6,10.7,14.5,19,339,HIgh
DODGE,Durango AWD,SUV - STANDARD,3.6,6,A8,X,12.7,9.6,11.3,25,265,HIgh
DODGE,Durango AWD,SUV - STANDARD,5.7,8,A8,X,16.7,10.9,14.1,20,331,HIgh
DODGE,Durango AWD SRT,SUV - STANDARD,6.4,8,A8,Z,18.3,12.2,15.6,18,363,HIgh
DODGE,Grand Caravan FFV,MINIVAN,3.6,6,A6,X,13.7,9.4,11.8,24,276,HIgh
DODGE,Grand Caravan FFV,MINIVAN,3.6,6,A6,E,19.4,13.3,16.7,17,274,HIgh
DODGE,Journey,SUV - SMALL,2.4,4,A4,X,12.7,9.2,11.1,25,261,HIgh
DODGE,Journey FFV,SUV - SMALL,3.6,6,A6,X,14.2,9.5,12.1,23,284,HIgh
DODGE,Journey FFV,SUV - SMALL,3.6,6,A6,E,19.1,13.2,16.4,17,274,HIgh
DODGE,Journey AWD,SUV - SMALL,3.6,6,A6,X,14.5,10.0,12.4,23,292,HIgh
FIAT,124 Spider,TWO-SEATER,1.4,4,A6,X,9.3,6.5,8.0,35,187,Normal
FIAT,124 Spider,TWO-SEATER,1.4,4,M6,X,9.0,6.7,7.9,36,185,Normal
FIAT,500,MINICOMPACT,1.4,4,A6,X,9.7,7.4,8.7,32,203,Normal
FIAT,500,MINICOMPACT,1.4,4,M5,X,8.5,7.1,7.9,36,186,Normal
FIAT,500L,STATION WAGON - SMALL,1.4,4,A6,X,10.7,7.9,9.4,30,221,Normal
FIAT,500X AWD,SUV - SMALL,1.3,4,A9,X,10.0,7.9,9.1,31,213,Normal
FORD,EcoSport,SUV - SMALL,1.0,3,AS6,X,8.6,8.1,8.4,34,196,Normal
FORD,EcoSport AWD,SUV - SMALL,2.0,4,AS6,X,10.2,8.0,9.3,30,218,Normal
FORD,Edge,SUV - SMALL,2.0,4,AS8,X,10.9,8.0,9.6,29,224,Normal
FORD,Edge AWD,SUV - SMALL,2.0,4,AS8,X,11.4,8.3,10.0,28,233,Normal
FORD,Edge AWD,SUV - SMALL,2.7,6,AS8,X,12.6,9.2,11.0,26,259,HIgh
FORD,Escape,SUV - SMALL,1.5,4,AS6,X,10.2,7.8,9.1,31,214,Normal
FORD,Escape FFV,SUV - SMALL,2.5,4,AS6,X,11.0,8.0,9.6,29,226,Normal
FORD,Escape FFV,SUV - SMALL,2.5,4,AS6,E,15.0,10.8,13.1,22,218,Normal
FORD,Escape AWD,SUV - SMALL,1.5,4,AS6,X,11.2,8.4,9.9,29,232,Normal
FORD,Escape AWD,SUV - SMALL,2.0,4,AS6,X,11.5,8.7,10.2,28,239,Normal
FORD,Expedition 4X4,SUV - STANDARD,3.5,6,AS10,X,14.1,10.6,12.5,23,293,HIgh
FORD,Expedition MAX 4X4,SUV - STANDARD,3.5,6,AS10,X,14.7,11.2,13.1,22,307,HIgh
FORD,Explorer AWD,SUV - STANDARD,2.3,4,AS6,X,13.1,9.2,11.4,25,267,HIgh
FORD,Explorer AWD,SUV - STANDARD,3.5,6,AS6,X,15.2,10.9,13.2,21,311,HIgh
FORD,Explorer FFV AWD,SUV - STANDARD,3.5,6,AS6,X,14.5,10.6,12.7,22,299,HIgh
FORD,Explorer FFV AWD,SUV - STANDARD,3.5,6,AS6,E,19.8,14.3,17.3,16,288,HIgh
FORD,F-150,PICKUP TRUCK - STANDARD,2.7,6,AS10,X,12.0,9.0,10.6,27,249,Normal
FORD,F-150 (LT Tire Pkg),PICKUP TRUCK - STANDARD,2.7,6,AS10,X,12.4,9.4,11.1,25,260,HIgh
FORD,F-150 (Payload Pkg),PICKUP TRUCK - STANDARD,2.7,6,AS10,X,12.4,9.4,11.1,25,260,HIgh
FORD,F-150,PICKUP TRUCK - STANDARD,3.0,6,AS10,D,10.8,8.0,9.5,30,256,HIgh
FORD,F-150 (LT Tire Pkg),PICKUP TRUCK - STANDARD,3.0,6,AS10,D,10.8,8.4,9.7,29,260,HIgh
FORD,F-150 FFV,PICKUP TRUCK - STANDARD,3.3,6,AS6,X,12.2,9.3,10.9,26,256,HIgh
FORD,F-150 FFV,PICKUP TRUCK - STANDARD,3.3,6,AS6,E,16.7,12.6,14.9,19,247,Normal
FORD,F-150 FFV (LT Tire Pkg),PICKUP TRUCK - STANDARD,3.3,6,AS6,X,12.4,9.8,11.2,25,263,HIgh
FORD,F-150 FFV (LT Tire Pkg),PICKUP TRUCK - STANDARD,3.3,6,AS6,E,16.7,12.6,14.9,19,247,Normal
FORD,F-150,PICKUP TRUCK - STANDARD,3.5,6,AS10,X,13.5,10.1,12.0,24,281,HIgh
FORD,F-150 (LT Tire Pkg),PICKUP TRUCK - STANDARD,3.5,6,AS10,X,13.8,10.7,12.4,23,291,HIgh
FORD,F-150 (Payload Pkg),PICKUP TRUCK - STANDARD,3.5,6,AS10,X,13.9,11.2,12.7,22,298,HIgh
FORD,F-150 FFV,PICKUP TRUCK - STANDARD,5.0,8,AS10,X,13.9,10.2,12.2,23,287,HIgh
FORD,F-150 FFV,PICKUP TRUCK - STANDARD,5.0,8,AS10,E,20.3,14.0,17.4,16,290,HIgh
FORD,F-150 FFV (LT Tire Pkg),PICKUP TRUCK - STANDARD,5.0,8,AS10,X,14.7,11.2,13.1,22,308,HIgh
FORD,F-150 FFV (LT Tire Pkg),PICKUP TRUCK - STANDARD,5.0,8,AS10,E,20.3,14.0,17.5,16,290,HIgh
FORD,F-150 FFV (Payload Pkg),PICKUP TRUCK - STANDARD,5.0,8,AS10,X,15.6,11.8,13.9,20,326,HIgh
FORD,F-150 FFV (Payload Pkg),PICKUP TRUCK - STANDARD,5.0,8,AS10,E,20.4,14.0,17.5,16,291,HIgh
FORD,F-150 4X4,PICKUP TRUCK - STANDARD,2.7,6,AS10,X,12.7,9.8,11.4,25,268,HIgh
FORD,F-150 4X4 (LT Tire Pkg),PICKUP TRUCK - STANDARD,2.7,6,AS10,X,13.1,10.2,11.8,24,277,HIgh
FORD,F-150 4X4 (Payload Pkg),PICKUP TRUCK - STANDARD,2.7,6,AS10,X,13.1,10.2,11.8,24,277,HIgh
FORD,F-150 4X4,PICKUP TRUCK - STANDARD,3.0,6,AS10,D,11.8,9.3,10.7,26,287,HIgh
FORD,F-150 4X4 (LT Tire Pkg),PICKUP TRUCK - STANDARD,3.0,6,AS10,D,11.8,9.3,10.7,26,287,HIgh
FORD,F-150 4X4 XL/XLT,PICKUP TRUCK - STANDARD,3.0,6,AS10,D,11.2,8.3,9.9,29,266,HIgh
FORD,F-150 FFV 4X4,PICKUP TRUCK - STANDARD,3.3,6,AS6,X,12.8,10.2,11.6,24,273,HIgh
FORD,F-150 FFV 4X4,PICKUP TRUCK - STANDARD,3.3,6,AS6,E,17.5,13.8,15.8,18,263,HIgh
FORD,F-150 FFV 4X4 (LT Tire Pkg),PICKUP TRUCK - STANDARD,3.3,6,AS6,X,13.8,10.7,12.4,23,291,HIgh
FORD,F-150 FFV 4X4 (LT Tire Pkg),PICKUP TRUCK - STANDARD,3.3,6,AS6,E,17.5,13.7,15.8,18,263,HIgh
FORD,F-150 4X4,PICKUP TRUCK - STANDARD,3.5,6,AS10,X,14.3,10.5,12.5,23,295,HIgh
FORD,F-150 4X4 (LT Tire Pkg),PICKUP TRUCK - STANDARD,3.5,6,AS10,X,14.7,10.7,12.9,22,303,HIgh
FORD,F-150 4X4 (Payload Pkg),PICKUP TRUCK - STANDARD,3.5,6,AS10,X,14.7,11.2,13.1,22,308,HIgh
FORD,F-150 4X4 Limited,PICKUP TRUCK - STANDARD,3.5,6,AS10,X,13.8,11.2,12.6,22,296,HIgh
FORD,F-150 FFV 4X4,PICKUP TRUCK - STANDARD,5.0,8,AS10,X,15.1,11.0,13.3,21,312,HIgh
FORD,F-150 FFV 4X4,PICKUP TRUCK - STANDARD,5.0,8,AS10,E,20.0,15.6,18.0,16,300,HIgh
FORD,F-150 FFV 4X4 (LT Tire Pkg),PICKUP TRUCK - STANDARD,5.0,8,AS10,X,15.7,11.8,13.9,20,326,HIgh
FORD,F-150 FFV 4X4 (LT Tire Pkg),PICKUP TRUCK - STANDARD,5.0,8,AS10,E,20.0,15.6,18.0,16,300,HIgh
FORD,F-150 FFV 4X4 (Payload Pkg),PICKUP TRUCK - STANDARD,5.0,8,AS10,X,16.8,12.4,14.8,19,347,HIgh
FORD,F-150 FFV 4X4 (Payload Pkg),PICKUP TRUCK - STANDARD,5.0,8,AS10,E,21.3,17.2,19.5,14,323,HIgh
FORD,F-150 Raptor 4X4,PICKUP TRUCK - STANDARD,3.5,6,AS10,X,15.3,13.1,14.3,20,336,HIgh
FORD,Flex,SUV - STANDARD,3.5,6,AS6,X,14.7,10.2,12.7,22,298,HIgh
FORD,Flex AWD,SUV - STANDARD,3.5,6,AS6,X,14.7,10.7,12.9,22,303,HIgh
FORD,Flex AWD GTDI,SUV - STANDARD,3.5,6,AS6,X,15.7,11.2,13.7,21,322,HIgh
FORD,Fiesta,SUBCOMPACT,1.6,4,AM6,X,8.6,6.4,7.6,37,178,Normal
FORD,Fiesta,SUBCOMPACT,1.6,4,M5,X,8.8,6.8,7.9,36,184,Normal
FORD,Fiesta ST,SUBCOMPACT,1.6,4,M6,X,9.2,7.4,8.4,34,196,Normal
FORD,Fusion,MID-SIZE,1.5,4,AS6,X,10.0,7.0,8.7,32,204,Normal
FORD,Fusion Hybrid,MID-SIZE,2.0,4,AV,X,5.5,5.6,5.6,50,131,Normal
FORD,GT,TWO-SEATER,3.5,6,AM7,Z,20.4,13.1,17.1,17,402,HIgh
FORD,Mustang,SUBCOMPACT,2.3,4,AS10,X,11.2,7.3,9.4,30,221,Normal
FORD,Mustang (Performance Pkg),SUBCOMPACT,2.3,4,AS10,X,11.8,8.4,10.3,27,242,Normal
FORD,Mustang,SUBCOMPACT,2.3,4,M6,X,11.2,7.9,9.7,29,227,Normal
FORD,Mustang (Performance Pkg),SUBCOMPACT,2.3,4,M6,X,11.8,8.7,10.4,27,244,Normal
FORD,Mustang,SUBCOMPACT,5.0,8,AS10,X,15.0,9.1,12.3,23,289,HIgh
FORD,Mustang,SUBCOMPACT,5.0,8,M6,X,16.1,9.9,13.3,21,311,HIgh
FORD,Mustang Bullitt,SUBCOMPACT,5.0,8,M6,X,16.1,9.9,13.3,21,311,HIgh
FORD,Mustang Convertible,SUBCOMPACT,2.3,4,AS10,X,11.9,8.4,10.4,27,243,Normal
FORD,Mustang Convertible,SUBCOMPACT,2.3,4,M6,X,11.8,8.4,10.3,27,241,Normal
FORD,Mustang Convertible,SUBCOMPACT,5.0,8,AS10,X,15.4,9.7,12.9,22,302,HIgh
FORD,Ranger 4WD,PICKUP TRUCK - STANDARD,2.3,4,AS10,X,11.8,9.8,10.9,26,256,HIgh
FORD,Shelby GT350 Mustang,SUBCOMPACT,5.2,8,M6,Z,17.2,11.3,14.6,19,341,HIgh
FORD,T-150 Wagon,VAN - PASSENGER,3.5,6,AS6,X,16.2,12.8,14.7,19,346,HIgh
FORD,T-150 Wagon,VAN - PASSENGER,3.7,6,AS6,X,16.9,13.1,15.2,19,355,HIgh
FORD,Taurus FFV,FULL-SIZE,3.5,6,AS6,X,13.5,9.0,11.5,25,270,HIgh
FORD,Taurus FFV,FULL-SIZE,3.5,6,AS6,E,17.8,12.1,15.2,19,254,HIgh
FORD,Taurus AWD,FULL-SIZE,3.5,6,AS6,X,14.6,10.0,12.5,23,294,HIgh
FORD,Taurus FFV AWD,FULL-SIZE,3.5,6,AS6,X,14.0,9.9,12.4,23,291,HIgh
FORD,Taurus FFV AWD,FULL-SIZE,3.5,6,AS6,E,18.5,13.0,16.0,18,267,HIgh
FORD,Transit Connect Van,SPECIAL PURPOSE VEHICLE,2.0,4,AS8,X,9.8,8.8,9.3,30,219,Normal
FORD,Transit Connect Van FFV,SPECIAL PURPOSE VEHICLE,2.0,4,AS8,X,9.8,8.8,9.3,30,219,Normal
FORD,Transit Connect Van FFV,SPECIAL PURPOSE VEHICLE,2.0,4,AS8,E,13.3,11.8,12.6,22,209,Normal
FORD,Transit Connect Van,SPECIAL PURPOSE VEHICLE,2.5,4,AS6,X,12.0,8.8,10.6,27,247,Normal
FORD,Transit Connect Wagon LWB,SPECIAL PURPOSE VEHICLE,2.0,4,AS8,X,9.9,8.2,9.2,31,214,Normal
FORD,Transit Connect Wagon LWB FFV,SPECIAL PURPOSE VEHICLE,2.0,4,AS8,X,9.9,8.2,9.2,31,214,Normal
FORD,Transit Connect Wagon LWB FFV,SPECIAL PURPOSE VEHICLE,2.0,4,AS8,E,13.7,11.1,12.5,23,208,Normal
FORD,Transit Connect Wagon LWB,SPECIAL PURPOSE VEHICLE,2.5,4,AS6,X,12.1,9.0,10.7,26,251,HIgh
GENESIS,G70,COMPACT,2.0,4,M6,Z,12.8,8.5,10.9,26,255,HIgh
GENESIS,G70 AWD,COMPACT,2.0,4,AS8,Z,11.5,8.7,10.3,27,241,Normal
GENESIS,G70 AWD,COMPACT,3.3,6,AS8,Z,13.3,9.5,11.6,24,274,HIgh
GENESIS,G80 AWD,FULL-SIZE,3.3,6,AS8,Z,13.8,9.7,11.9,24,282,HIgh
GENESIS,G80 AWD,FULL-SIZE,3.8,6,AS8,X,13.4,9.6,11.7,24,276,HIgh
GENESIS,G80 AWD,FULL-SIZE,5.0,8,AS8,Z,15.6,10.4,13.2,21,312,HIgh
GENESIS,G90 AWD,FULL-SIZE,3.3,6,AS8,Z,13.7,9.7,11.9,24,279,HIgh
GENESIS,G90 AWD,FULL-SIZE,5.0,8,AS8,Z,15.2,10.2,13.0,22,306,HIgh
GMC,Acadia,SUV - STANDARD,2.5,4,A6,X,11.1,9.2,10.2,28,237,Normal
GMC,Acadia,SUV - STANDARD,3.6,6,A6,X,13.1,9.4,11.4,25,268,HIgh
GMC,Acadia AWD,SUV - STANDARD,2.5,4,A6,X,11.3,9.4,10.5,27,248,Normal
GMC,Acadia AWD,SUV - STANDARD,3.6,6,A6,X,13.5,9.5,11.7,24,275,HIgh
GMC,Canyon,PICKUP TRUCK - SMALL,2.5,4,A6,X,12.1,9.2,10.8,26,253,HIgh
GMC,Canyon,PICKUP TRUCK - SMALL,2.5,4,M6,X,11.9,9.2,10.7,26,251,HIgh
GMC,Canyon,PICKUP TRUCK - SMALL,2.8,4,A6,D,11.8,7.9,10.1,28,270,HIgh
GMC,Canyon,PICKUP TRUCK - SMALL,3.6,6,A8,X,13.4,9.6,11.7,24,274,HIgh
GMC,Canyon 4WD,PICKUP TRUCK - SMALL,2.5,4,A6,X,12.7,9.8,11.4,25,267,HIgh
GMC,Canyon 4WD,PICKUP TRUCK - SMALL,2.8,4,A6,D,12.2,8.4,10.5,27,283,HIgh
GMC,Canyon 4WD,PICKUP TRUCK - SMALL,3.6,6,A8,X,14.0,9.9,12.2,23,286,HIgh
GMC,Sierra,PICKUP TRUCK - STANDARD,2.7,4,A8,X,11.9,10.3,11.1,25,261,HIgh
GMC,Sierra,PICKUP TRUCK - STANDARD,4.3,6,A6,X,15.1,11.5,13.5,21,317,HIgh
GMC,Sierra,PICKUP TRUCK - STANDARD,5.3,8,A6,X,15.9,11.4,13.9,20,326,HIgh
GMC,Sierra FFV,PICKUP TRUCK - STANDARD,5.3,8,A6,X,15.7,11.9,14.0,20,329,HIgh
GMC,Sierra FFV,PICKUP TRUCK - STANDARD,5.3,8,A6,E,21.1,15.0,18.4,15,306,HIgh
GMC,Sierra,PICKUP TRUCK - STANDARD,5.3,8,A8,X,14.3,10.4,12.5,23,294,HIgh
GMC,Sierra 4WD,PICKUP TRUCK - STANDARD,2.7,4,A8,X,12.6,10.9,11.8,24,277,HIgh
GMC,Sierra 4WD,PICKUP TRUCK - STANDARD,4.3,6,A6,X,15.8,11.9,14.0,20,329,HIgh
GMC,Sierra 4WD,PICKUP TRUCK - STANDARD,5.3,8,A6,X,15.9,11.7,14.0,20,330,HIgh
GMC,Sierra 4WD FFV,PICKUP TRUCK - STANDARD,5.3,8,A6,X,16.0,12.5,14.4,20,339,HIgh
GMC,Sierra 4WD FFV,PICKUP TRUCK - STANDARD,5.3,8,A6,E,22.0,16.1,19.4,15,323,HIgh
GMC,Sierra 4WD,PICKUP TRUCK - STANDARD,5.3,8,A8,X,15.3,11.2,13.5,21,316,HIgh
GMC,Sierra 4WD AT4,PICKUP TRUCK - STANDARD,5.3,8,A8,X,15.3,11.8,13.7,21,320,HIgh
GMC,Sierra 4WD,PICKUP TRUCK - STANDARD,6.2,8,A10,Z,15.5,11.9,13.9,20,326,HIgh
GMC,Sierra 4WD AT4,PICKUP TRUCK - STANDARD,6.2,8,A10,Z,15.7,12.4,14.2,20,332,HIgh
GMC,Sierra LTD,PICKUP TRUCK - STANDARD,5.3,8,A6,X,15.6,10.9,13.5,21,317,HIgh
GMC,Sierra LTD 4WD,PICKUP TRUCK - STANDARD,5.3,8,A6,X,15.8,11.4,13.8,20,325,HIgh
GMC,Terrain,SUV - SMALL,1.5,4,A9,X,9.2,7.9,8.6,33,201,Normal
GMC,Terrain,SUV - SMALL,1.6,4,A6,D,8.5,6.0,7.4,38,199,Normal
GMC,Terrain AWD,SUV - SMALL,1.5,4,A9,X,9.6,8.3,9.0,31,210,Normal
GMC,Terrain AWD,SUV - SMALL,1.6,4,A6,D,8.5,6.1,7.4,38,199,Normal
GMC,Terrain AWD,SUV - SMALL,2.0,4,A9,Z,11.2,9.0,10.2,28,239,Normal
GMC,Yukon,SUV - STANDARD,5.3,8,A6,X,15.7,10.5,13.4,21,314,HIgh
GMC,Yukon FFV,SUV - STANDARD,5.3,8,A6,X,15.7,10.5,13.4,21,314,HIgh
GMC,Yukon FFV,SUV - STANDARD,5.3,8,A6,E,21.2,13.9,17.9,16,298,HIgh
GMC,Yukon 4WD,SUV - STANDARD,5.3,8,A6,X,15.8,11.1,13.7,21,321,HIgh
GMC,Yukon 4WD FFV,SUV - STANDARD,5.3,8,A6,X,15.8,11.1,13.7,21,321,HIgh
GMC,Yukon 4WD FFV,SUV - STANDARD,5.3,8,A6,E,21.7,14.3,18.4,15,305,HIgh
GMC,Yukon 4WD,SUV - STANDARD,6.2,8,A10,Z,16.4,10.7,13.8,20,325,HIgh
GMC,Yukon XL,SUV - STANDARD,5.3,8,A6,X,15.7,10.5,13.4,21,314,HIgh
GMC,Yukon XL FFV,SUV - STANDARD,5.3,8,A6,X,15.7,10.5,13.4,21,314,HIgh
GMC,Yukon XL FFV,SUV - STANDARD,5.3,8,A6,E,21.2,13.9,17.9,16,298,HIgh
GMC,Yukon XL 4WD,SUV - STANDARD,5.3,8,A6,X,16.8,11.3,14.3,20,336,HIgh
GMC,Yukon XL 4WD FFV,SUV - STANDARD,5.3,8,A6,X,16.8,11.3,14.3,20,336,HIgh
GMC,Yukon XL 4WD FFV,SUV - STANDARD,5.3,8,A6,E,22.2,15.2,19.0,15,317,HIgh
GMC,Yukon XL 4WD,SUV - STANDARD,6.2,8,A10,Z,17.1,11.3,14.5,19,340,HIgh
HONDA,Accord,FULL-SIZE,1.5,4,AV,X,7.9,6.3,7.2,39,168,Normal
HONDA,Accord,FULL-SIZE,1.5,4,AV7,X,8.2,6.8,7.6,37,177,Normal
HONDA,Accord,FULL-SIZE,1.5,4,M6,X,8.9,6.7,7.9,36,185,Normal
HONDA,Accord,FULL-SIZE,2.0,4,M6,X,10.7,7.3,9.2,31,214,Normal
HONDA,Accord Sport/Touring,MID-SIZE,2.0,4,AS10,X,10.4,7.4,9.1,31,211,Normal
HONDA,Accord Hybrid,FULL-SIZE,2.0,4,AV,X,5.0,5.0,5.0,56,117,Normal
HONDA,Civic Coupe,COMPACT,1.5,4,AV7,X,7.8,6.4,7.2,39,167,Normal
HONDA,Civic Coupe,COMPACT,2.0,4,AV,X,7.8,6.1,7.1,40,164,Normal
HONDA,Civic Coupe,COMPACT,2.0,4,AV7,X,8.3,6.6,7.5,38,176,Normal
HONDA,Civic Coupe,COMPACT,2.0,4,M6,X,9.3,6.7,8.1,35,189,Normal
HONDA,Civic Coupe Si,COMPACT,1.5,4,M6,Z,8.4,6.2,7.4,38,173,Normal
HONDA,Civic Hatchback,FULL-SIZE,1.5,4,AV,X,7.7,6.0,6.9,41,162,Normal
HONDA,Civic Hatchback,FULL-SIZE,1.5,4,AV7,X,7.9,6.6,7.3,39,170,Normal
HONDA,Civic Hatchback,FULL-SIZE,1.5,4,M6,X,8.0,6.2,7.2,39,167,Normal
HONDA,Civic Hatchback Sport,FULL-SIZE,1.5,4,AV7,Z,7.9,6.6,7.3,39,170,Normal
HONDA,Civic Hatchback Sport,FULL-SIZE,1.5,4,M6,Z,8.0,6.2,7.2,39,167,Normal
HONDA,Civic Sedan,MID-SIZE,1.5,4,AV7,X,7.8,6.2,7.1,40,165,Normal
HONDA,Civic Sedan,MID-SIZE,2.0,4,AV,X,7.9,6.1,7.1,40,167,Normal
HONDA,Civic Sedan,MID-SIZE,2.0,4,M6,X,9.3,6.5,8.0,35,186,Normal
HONDA,Civic Sedan Si,MID-SIZE,1.5,4,M6,Z,8.4,6.2,7.4,38,173,Normal
HONDA,Civic Type R,FULL-SIZE,2.0,4,M6,Z,10.6,8.3,9.6,29,224,Normal
HONDA,CR-V,SUV - SMALL,1.5,4,AV,X,8.4,7.0,7.8,36,181,Normal
HONDA,CR-V AWD,SUV - SMALL,1.5,4,AV,X,8.7,7.2,8.0,35,188,Normal
HONDA,Fit,STATION WAGON - SMALL,1.5,4,AV,X,7.0,5.9,6.5,43,151,Normal
HONDA,Fit,STATION WAGON - SMALL,1.5,4,AV7,X,7.6,6.5,7.0,40,166,Normal
HONDA,Fit,STATION WAGON - SMALL,1.5,4,M6,X,8.1,6.6,7.4,38,174,Normal
HONDA,HR-V,STATION WAGON - SMALL,1.8,4,AV,X,8.4,7.0,7.8,36,181,Normal
HONDA,HR-V AWD,STATION WAGON - SMALL,1.8,4,AV,X,8.8,7.5,8.2,34,193,Normal
HONDA,HR-V AWD,STATION WAGON - SMALL,1.8,4,AV7,X,9.1,7.7,8.5,33,199,Normal
HONDA,Insight EX,MID-SIZE,1.5,4,AV,X,4.6,5.3,4.9,58,114,Normal
HONDA,Insight Touring,MID-SIZE,1.5,4,AV,X,4.6,5.3,4.9,58,114,Normal
HONDA,Odyssey,MINIVAN,3.5,6,AS9,X,12.6,8.4,10.7,26,252,HIgh
HONDA,Odyssey Touring,MINIVAN,3.5,6,AS10,X,12.2,8.5,10.6,27,247,Normal
HONDA,Passport AWD,SUV - SMALL,3.5,6,A9,X,12.5,9.8,11.3,25,265,HIgh
HONDA,Pilot,SUV - SMALL,3.5,6,A6,X,12.4,8.7,10.7,26,250,Normal
HONDA,Pilot AWD,SUV - SMALL,3.5,6,A6,X,13.0,9.3,11.3,25,266,HIgh
HONDA,Pilot AWD,SUV - SMALL,3.5,6,AS9,X,12.4,9.3,11.0,26,257,HIgh
HONDA,Ridgeline AWD,PICKUP TRUCK - STANDARD,3.5,6,A6,X,12.8,9.5,11.3,25,263,HIgh
HYUNDAI,Accent,COMPACT,1.6,4,AS6,X,8.2,6.2,7.3,39,172,Normal
HYUNDAI,Accent,COMPACT,1.6,4,M6,X,8.2,6.3,7.3,39,173,Normal
HYUNDAI,Elantra,MID-SIZE,1.6,4,AM7,X,8.9,7.0,8.1,35,189,Normal
HYUNDAI,Elantra,MID-SIZE,1.6,4,M6,X,10.7,7.8,9.4,30,221,Normal
HYUNDAI,Elantra,MID-SIZE,2.0,4,AS6,X,8.3,6.4,7.4,38,174,Normal
HYUNDAI,Elantra,MID-SIZE,2.0,4,M6,X,9.2,6.5,8.0,35,188,Normal
HYUNDAI,Elantra GT,FULL-SIZE,1.6,4,AM7,X,9.7,7.4,8.6,33,205,Normal
HYUNDAI,Elantra GT,FULL-SIZE,1.6,4,M6,X,10.3,7.9,9.2,31,218,Normal
HYUNDAI,Elantra GT,FULL-SIZE,2.0,4,AS6,X,9.4,7.1,8.4,34,200,Normal
HYUNDAI,Elantra GT,FULL-SIZE,2.0,4,M6,X,9.8,7.4,8.7,32,207,Normal
HYUNDAI,IONIQ,FULL-SIZE,1.6,4,AM6,X,4.3,4.4,4.3,66,104,Normal
HYUNDAI,IONIQ Blue,FULL-SIZE,1.6,4,AM6,X,4.2,4.0,4.1,69,96,Normal
HYUNDAI,Kona,SUV - SMALL,2.0,4,AS6,X,8.6,7.0,7.9,36,186,Normal
HYUNDAI,Kona AWD,SUV - SMALL,1.6,4,AM7,X,9.0,8.0,8.6,33,201,Normal
HYUNDAI,Kona AWD,SUV - SMALL,2.0,4,AS6,X,9.2,7.8,8.6,33,202,Normal
HYUNDAI,Santa Fe,SUV - SMALL,2.4,4,AS8,X,10.8,8.0,9.6,29,225,Normal
HYUNDAI,Santa Fe AWD,SUV - SMALL,2.0,4,AS8,X,12.3,9.8,11.2,25,262,HIgh
HYUNDAI,Santa Fe AWD,SUV - SMALL,2.4,4,AS8,X,11.2,8.7,10.1,28,237,Normal
HYUNDAI,Santa Fe XL,SUV - SMALL,3.3,6,AS6,X,13.2,9.4,11.5,25,268,HIgh
HYUNDAI,Santa Fe XL AWD,SUV - SMALL,3.3,6,AS6,X,13.4,9.7,11.7,24,276,HIgh
HYUNDAI,Santa Fe XL Ultimate AWD,SUV - SMALL,3.3,6,AS6,X,14.1,10.8,12.6,22,297,HIgh
HYUNDAI,Sonata,FULL-SIZE,2.0,4,AS8,X,10.4,7.4,9.1,31,212,Normal
HYUNDAI,Sonata,FULL-SIZE,2.4,4,AS6,X,9.3,7.1,8.3,34,198,Normal
HYUNDAI,Sonata SE,FULL-SIZE,2.4,4,AS6,X,9.2,6.8,8.1,35,190,Normal
HYUNDAI,Sonata Hybrid,MID-SIZE,2.0,4,AM6,X,6.0,5.3,5.7,50,135,Normal
HYUNDAI,Sonata Hybrid SE,MID-SIZE,2.0,4,AM6,X,5.9,5.1,5.6,50,132,Normal
HYUNDAI,Tucson,SUV - SMALL,2.0,4,AS6,X,10.0,7.9,9.1,31,216,Normal
HYUNDAI,Tucson AWD,SUV - SMALL,2.0,4,AS6,X,10.8,9.2,10.1,28,239,Normal
HYUNDAI,Tucson AWD,SUV - SMALL,2.4,4,AS6,X,11.0,9.1,10.1,28,240,Normal
HYUNDAI,Veloster,COMPACT,2.0,4,AS6,X,9.1,7.1,8.2,34,193,Normal
HYUNDAI,Veloster,COMPACT,2.0,4,M6,X,9.4,7.1,8.4,34,198,Normal
HYUNDAI,Veloster N,COMPACT,2.0,4,M6,X,10.6,8.3,9.5,30,226,Normal
HYUNDAI,Veloster Turbo,COMPACT,1.6,4,AM7,X,8.5,6.9,7.8,36,184,Normal
HYUNDAI,Veloster Turbo,COMPACT,1.6,4,M6,X,9.4,7.0,8.3,34,197,Normal
INFINITI,Q50 AWD,MID-SIZE,2.0,4,AS7,Z,10.7,8.6,9.7,29,229,Normal
INFINITI,Q50 AWD,MID-SIZE,3.0,6,AS7,Z,12.4,8.7,10.8,26,253,HIgh
INFINITI,Q50 AWD Red Sport,MID-SIZE,3.0,6,AS7,Z,12.5,9.3,11.1,25,261,HIgh
INFINITI,Q60 AWD,SUBCOMPACT,2.0,4,AS7,Z,11.2,8.5,10.0,28,233,Normal
INFINITI,Q60 AWD,SUBCOMPACT,3.0,6,AS7,Z,12.3,8.7,10.7,26,251,HIgh
INFINITI,Q60 AWD Red Sport,SUBCOMPACT,3.0,6,AS7,Z,12.5,9.2,11.0,26,259,HIgh
INFINITI,Q70 AWD,MID-SIZE,3.7,6,AS7,Z,13.2,9.8,11.7,24,275,HIgh
INFINITI,Q70 AWD,MID-SIZE,5.6,8,AS7,Z,14.9,10.2,12.8,22,301,HIgh
INFINITI,QX50 AWD,SUV - SMALL,2.0,4,AV8,Z,10.0,7.8,9.0,31,211,Normal
INFINITI,QX60 AWD,SUV - SMALL,3.5,6,AV7,Z,12.5,9.0,10.9,26,257,HIgh
INFINITI,QX80 4WD,SUV - STANDARD,5.6,8,AS7,Z,17.4,12.2,15.1,19,354,HIgh
JAGUAR,E-PACE P250,SUV - SMALL,2.0,4,AS9,Z,11.0,8.4,9.8,29,231,Normal
JAGUAR,F-PACE 20d,SUV - SMALL,2.0,4,AS8,D,8.9,7.2,8.1,35,218,Normal
JAGUAR,F-PACE 25t,SUV - SMALL,2.0,4,AS8,Z,10.7,8.8,9.9,29,227,Normal
JAGUAR,F-PACE 35t,SUV - SMALL,3.0,6,AS8,Z,13.3,10.0,11.8,24,277,HIgh
JAGUAR,F-TYPE Convertible,TWO-SEATER,2.0,4,AS8,Z,10.2,7.8,9.2,31,215,Normal
JAGUAR,F-TYPE Convertible,TWO-SEATER,3.0,6,AS8,Z,11.9,8.5,10.4,27,242,Normal
JAGUAR,F-TYPE Convertible,TWO-SEATER,3.0,6,M6,Z,14.9,9.8,12.6,22,296,HIgh
JAGUAR,F-TYPE Convertible R-Dynamic,TWO-SEATER,3.0,6,AS8,Z,12.4,8.8,10.8,26,253,HIgh
JAGUAR,F-TYPE Convertible R-Dynamic,TWO-SEATER,3.0,6,M6,Z,15.3,10.0,12.9,22,302,HIgh
JAGUAR,F-TYPE Convertible R-Dynamic AWD,TWO-SEATER,3.0,6,AS8,Z,13.0,9.2,11.3,25,265,HIgh
JAGUAR,F-TYPE Coupe,TWO-SEATER,2.0,4,AS8,Z,10.2,7.8,9.2,31,215,Normal
JAGUAR,F-TYPE Coupe,TWO-SEATER,3.0,6,AS8,Z,11.9,8.5,10.4,27,242,Normal
JAGUAR,F-TYPE Coupe,TWO-SEATER,3.0,6,M6,Z,14.9,9.8,12.6,22,296,HIgh
JAGUAR,F-TYPE Coupe R-Dynamic,TWO-SEATER,3.0,6,AS8,Z,12.4,8.8,10.8,26,253,HIgh
JAGUAR,F-TYPE Coupe R-Dynamic,TWO-SEATER,3.0,6,M6,Z,15.3,10.0,12.9,22,302,HIgh
JAGUAR,F-TYPE Coupe R-Dynamic AWD,TWO-SEATER,3.0,6,AS8,Z,13.0,9.2,11.3,25,265,HIgh
JAGUAR,F-TYPE R AWD Convertible,TWO-SEATER,5.0,8,AS8,Z,15.6,10.4,13.3,21,311,HIgh
JAGUAR,F-TYPE R AWD Coupe,TWO-SEATER,5.0,8,AS8,Z,15.6,10.4,13.3,21,311,HIgh
JAGUAR,XE 20d AWD,COMPACT,2.0,4,AS8,D,7.8,5.8,6.9,41,186,Normal
JAGUAR,XE 25t AWD,COMPACT,2.0,4,AS8,Z,9.8,6.9,8.5,33,200,Normal
JAGUAR,XE 35t AWD,COMPACT,3.0,6,AS8,Z,11.8,8.2,10.2,28,238,Normal
JAGUAR,XF 20d AWD,MID-SIZE,2.0,4,AS8,D,7.8,5.8,6.9,41,186,Normal
JAGUAR,XF 25t AWD,MID-SIZE,2.0,4,AS8,Z,10.1,7.2,8.8,32,207,Normal
JAGUAR,XF 35t AWD,MID-SIZE,3.0,6,AS8,Z,12.0,8.4,10.4,27,243,Normal
JAGUAR,XJ R-Sport AWD,FULL-SIZE,3.0,6,AS8,Z,14.0,9.0,11.8,24,276,HIgh
JAGUAR,XJL Portfolio AWD,FULL-SIZE,3.0,6,AS8,Z,14.0,9.4,11.9,24,280,HIgh
JAGUAR,XJR LWB,FULL-SIZE,5.0,8,AS8,Z,15.8,10.3,13.3,21,313,HIgh
JEEP,Cherokee,SUV - SMALL,2.0,4,A9,X,10.4,7.6,9.1,31,214,Normal
JEEP,Cherokee,SUV - SMALL,2.4,4,A9,X,10.8,7.6,9.3,30,219,Normal
JEEP,Cherokee,SUV - SMALL,3.2,6,A9,X,11.9,8.2,10.2,28,240,Normal
JEEP,Cherokee 4X4 Active Drive I,SUV - SMALL,2.0,4,A9,X,11.2,8.0,9.8,29,229,Normal
JEEP,Cherokee 4X4 Active Drive I,SUV - SMALL,2.4,4,A9,X,11.2,8.0,9.8,29,230,Normal
JEEP,Cherokee 4X4 Active Drive I,SUV - SMALL,3.2,6,A9,X,12.2,8.6,10.6,27,249,Normal
JEEP,Cherokee 4X4 Active Drive II,SUV - SMALL,2.0,4,A9,X,11.5,8.6,10.2,28,240,Normal
JEEP,Cherokee 4X4 Active Drive II,SUV - SMALL,3.2,6,A9,X,12.8,9.0,11.1,25,259,HIgh
JEEP,Cherokee 4X4 Active Drive Lock,SUV - SMALL,2.0,4,A9,X,11.8,9.2,10.6,27,249,Normal
JEEP,Cherokee 4X4 Active Drive Lock,SUV - SMALL,3.2,6,A9,X,12.9,9.9,11.6,24,269,HIgh
JEEP,Compass,SUV - SMALL,2.4,4,A6,X,10.6,7.6,9.3,30,218,Normal
JEEP,Compass,SUV - SMALL,2.4,4,M6,X,10.4,7.3,9.0,31,211,Normal
JEEP,Compass 4X4,SUV - SMALL,2.4,4,A9,X,10.8,7.8,9.5,30,222,Normal
JEEP,Compass 4X4,SUV - SMALL,2.4,4,M6,X,10.8,7.6,9.4,30,221,Normal
JEEP,Grand Cherokee 4X4,SUV - STANDARD,3.6,6,A8,X,12.7,9.6,11.3,25,265,HIgh
JEEP,Grand Cherokee 4X4,SUV - STANDARD,5.7,8,A8,X,16.7,10.9,14.1,20,331,HIgh
JEEP,Grand Cherokee 4X4 EcoDiesel,SUV - STANDARD,3.0,6,A8,D,11.2,8.5,10.0,28,268,HIgh
JEEP,Grand Cherokee 4X4 SRT,SUV - STANDARD,6.4,8,A8,Z,18.3,12.6,15.7,18,368,HIgh
JEEP,Grand Cherokee 4X4 Trackhawk,SUV - STANDARD,6.2,8,A8,Z,20.9,13.8,17.7,16,413,HIgh
JEEP,Renegade,SUV - SMALL,1.3,4,A9,X,9.8,7.4,8.7,32,204,Normal
JEEP,Renegade,SUV - SMALL,2.4,4,A9,X,10.8,7.8,9.5,30,222,Normal
JEEP,Renegade 4X4,SUV - SMALL,1.3,4,A9,X,10.1,8.1,9.2,31,216,Normal
JEEP,Renegade 4X4,SUV - SMALL,2.4,4,A9,X,11.2,8.2,9.8,29,230,Normal
JEEP,Renegade 4X4 Trailhawk,SUV - SMALL,1.3,4,A9,X,10.8,8.7,9.9,29,230,Normal
JEEP,Wrangler JL 4X4,SUV - SMALL,2.0,4,A8,X,10.5,9.4,10.0,28,233,Normal
JEEP,Wrangler JL 4X4,SUV - SMALL,3.6,6,A8,X,12.8,10.4,11.8,24,274,HIgh
JEEP,Wrangler JL 4X4,SUV - SMALL,3.6,6,M6,X,13.7,9.6,11.8,24,277,HIgh
JEEP,Wrangler JL Unlimited 4X4,SUV - SMALL,2.0,4,A8,X,10.9,10.0,10.5,27,245,Normal
JEEP,Wrangler JL Unlimited 4X4,SUV - SMALL,3.6,6,A8,X,12.9,10.2,11.7,24,275,HIgh
JEEP,Wrangler JL Unlimited 4X4,SUV - SMALL,3.6,6,M6,X,13.8,10.1,12.2,23,285,HIgh
KIA,Cadenza,FULL-SIZE,3.3,6,AS8,X,11.6,8.5,10.2,28,238,Normal
KIA,Forte,MID-SIZE,2.0,4,AV,X,7.7,5.9,6.9,41,164,Normal
KIA,Forte,MID-SIZE,2.0,4,M6,X,8.6,6.4,7.6,37,180,Normal
KIA,Niro,STATION WAGON - SMALL,1.6,4,AM6,X,4.6,5.1,4.8,59,114,Normal
KIA,Niro FE,STATION WAGON - SMALL,1.6,4,AM6,X,4.5,4.8,4.7,60,110,Normal
KIA,Niro Touring,STATION WAGON - SMALL,1.6,4,AM6,X,5.1,5.8,5.4,52,129,Normal
KIA,Optima,FULL-SIZE,2.0,4,AS6,X,11.2,7.9,9.7,29,230,Normal
KIA,Optima,FULL-SIZE,2.4,4,AS6,X,9.5,7.1,8.4,34,199,Normal
KIA,Optima Hybrid,MID-SIZE,2.0,4,AM6,X,6.1,5.2,5.7,50,133,Normal
KIA,Rio,COMPACT,1.6,4,AS6,X,8.5,6.4,7.5,38,177,Normal
KIA,Rio,COMPACT,1.6,4,M6,X,8.3,6.4,7.5,38,175,Normal
KIA,Sedona,MINIVAN,3.3,6,AS8,X,12.7,10.0,11.5,25,272,HIgh
KIA,Sorento,SUV - SMALL,2.4,4,AS6,X,10.7,8.2,9.6,29,225,Normal
KIA,Sorento AWD,SUV - SMALL,2.4,4,AS6,X,11.2,9.0,10.2,28,242,Normal
KIA,Sorento AWD,SUV - SMALL,3.3,6,AS8,X,12.5,9.7,11.2,25,265,HIgh
KIA,Soul,STATION WAGON - SMALL,1.6,4,AM7,X,9.1,7.7,8.5,33,199,Normal
KIA,Soul,STATION WAGON - SMALL,1.6,4,AS6,X,9.0,7.6,8.4,34,198,Normal
KIA,Soul,STATION WAGON - SMALL,2.0,4,AS6,X,9.5,7.8,8.7,32,206,Normal
KIA,Sportage,SUV - SMALL,2.4,4,AS6,X,10.3,7.8,9.2,31,218,Normal
KIA,Sportage AWD,SUV - SMALL,2.0,4,AS6,X,11.9,10.2,11.1,25,263,HIgh
KIA,Sportage AWD,SUV - SMALL,2.4,4,AS6,X,11.3,9.5,10.5,27,247,Normal
KIA,Stinger AWD,MID-SIZE,2.0,4,AS8,Z,11.1,8.1,9.7,29,229,Normal
KIA,Stinger AWD,MID-SIZE,3.3,6,AS8,Z,13.6,9.6,11.8,24,279,HIgh
LAMBORGHINI,Aventador Coupe,TWO-SEATER,6.5,12,AM7,Z,26.3,15.6,21.5,13,487,HIgh
LAMBORGHINI,Aventador Roadster,TWO-SEATER,6.5,12,AM7,Z,26.6,15.8,21.7,13,493,HIgh
LAMBORGHINI,Huracan Coupe,TWO-SEATER,5.2,10,AM7,Z,18.1,13.2,15.9,18,366,HIgh
LAMBORGHINI,Huracan Coupe AWD,TWO-SEATER,5.2,10,AM7,Z,17.9,13.0,15.7,18,370,HIgh
LAMBORGHINI,Huracan Spyder,TWO-SEATER,5.2,10,AM7,Z,18.1,13.2,15.9,18,366,HIgh
LAMBORGHINI,Huracan Spyder AWD,TWO-SEATER,5.2,10,AM7,Z,17.9,13.0,15.7,18,370,HIgh
LAMBORGHINI,Huracan Performante Coupe,TWO-SEATER,5.2,10,AM7,Z,17.9,13.0,15.7,18,370,HIgh
LAMBORGHINI,Huracan Performante Spyder,TWO-SEATER,5.2,10,AM7,Z,17.9,13.0,15.7,18,370,HIgh
LAMBORGHINI,Urus,SUV - STANDARD,4.0,8,AS8,Z,19.2,14.1,16.9,17,384,HIgh
LAND ROVER,Discovery,SUV - STANDARD,3.0,6,AS8,Z,14.8,11.4,13.3,21,311,HIgh
LAND ROVER,Discovery TD6 Diesel,SUV - STANDARD,3.0,6,AS8,D,11.3,9.2,10.4,27,279,HIgh
LAND ROVER,Discovery Sport,SUV - SMALL,2.0,4,AS9,Z,11.4,9.3,10.5,27,246,Normal
LAND ROVER,Range Rover 3.0,SUV - STANDARD,3.0,6,AS8,Z,14.1,10.3,12.4,23,291,HIgh
LAND ROVER,Range Rover TD6 Diesel,SUV - STANDARD,3.0,6,AS8,D,10.7,8.3,9.6,29,256,HIgh
LAND ROVER,Range Rover 5.0 Supercharged,SUV - STANDARD,5.0,8,AS8,Z,14.4,11.3,13.0,22,305,HIgh
LAND ROVER,Range Rover SVAutobiography LWB,SUV - STANDARD,5.0,8,AS8,Z,17.9,12.7,15.5,18,365,HIgh
LAND ROVER,Range Rover Sport 3.0,SUV - STANDARD,3.0,6,AS8,Z,14.1,10.3,12.4,23,291,HIgh
LAND ROVER,Range Rover Sport TD6 Diesel,SUV - STANDARD,3.0,6,AS8,D,10.7,8.3,9.6,29,256,HIgh
LAND ROVER,Range Rover Sport Supercharged,SUV - STANDARD,5.0,8,AS8,Z,14.1,10.7,12.6,22,294,HIgh
LAND ROVER,Range Rover Evoque,SUV - SMALL,2.0,4,AS9,Z,10.9,8.0,9.6,29,225,Normal
LAND ROVER,Range Rover Evoque Convertible,SUV - SMALL,2.0,4,AS9,Z,11.2,8.2,9.8,29,231,Normal
LAND ROVER,Range Rover Velar D180,SUV - SMALL,2.0,4,AS8,D,9.2,7.8,8.5,33,229,Normal
LAND ROVER,Range Rover Velar P300,SUV - SMALL,2.0,4,AS8,Z,11.7,9.2,10.6,27,248,Normal
LAND ROVER,Range Rover Velar P380,SUV - SMALL,3.0,6,AS8,Z,13.0,10.0,11.6,24,273,HIgh
LEXUS,ES 300h,MID-SIZE,2.5,4,AV6,X,5.5,5.2,5.3,53,124,Normal
LEXUS,ES 350,MID-SIZE,3.5,6,AS8,X,10.6,7.2,9.1,31,211,Normal
LEXUS,ES 350 F SPORT,MID-SIZE,3.5,6,AS8,X,10.9,7.5,9.4,30,219,Normal
LEXUS,GS 350 AWD,MID-SIZE,3.5,6,AS6,Z,12.3,9.1,10.9,26,254,HIgh
LEXUS,GS F,COMPACT,5.0,8,AS8,Z,14.9,9.7,12.5,23,293,HIgh
LEXUS,GX 460,SUV - STANDARD,4.6,8,AS6,Z,16.0,12.9,14.6,19,341,HIgh
LEXUS,IS 300,COMPACT,2.0,4,AS8,Z,11.0,7.6,9.5,30,220,Normal
LEXUS,IS 300 AWD,COMPACT,3.5,6,AS6,Z,12.3,9.1,10.9,26,254,HIgh
LEXUS,IS 350 AWD,COMPACT,3.5,6,AS6,Z,12.3,9.1,10.9,26,254,HIgh
LEXUS,LC 500,SUBCOMPACT,5.0,8,AS10,Z,15.1,9.5,12.6,22,294,HIgh
LEXUS,LC 500h,SUBCOMPACT,3.5,6,AV10,Z,9.0,7.1,8.1,35,189,Normal
LEXUS,LS 500 AWD,MID-SIZE,3.4,6,AS10,Z,13.1,8.7,11.1,25,261,HIgh
LEXUS,LS 500h AWD,MID-SIZE,3.5,6,AV10,Z,10.3,7.7,9.1,31,214,Normal
LEXUS,LX 570,SUV - STANDARD,5.7,8,AS8,Z,18.2,12.8,15.8,18,371,HIgh
LEXUS,NX 300 AWD,SUV - SMALL,2.0,4,AS6,Z,10.7,8.5,9.7,29,226,Normal
LEXUS,NX 300 AWD F SPORT,SUV - SMALL,2.0,4,AS6,Z,10.8,8.9,9.9,29,232,Normal
LEXUS,NX 300h AWD,SUV - SMALL,2.5,4,AV6,X,7.2,7.9,7.5,38,176,Normal
LEXUS,RC 300 AWD,SUBCOMPACT,3.5,6,AS6,Z,13.1,9.8,11.2,25,262,HIgh
LEXUS,RC 350 AWD,SUBCOMPACT,3.5,6,AS6,Z,13.1,9.8,11.2,25,262,HIgh
LEXUS,RC F,SUBCOMPACT,5.0,8,AS8,Z,15.2,9.5,12.6,22,289,HIgh
LEXUS,RX 350 AWD,SUV - SMALL,3.5,6,AS8,X,12.2,9.0,10.8,26,252,HIgh
LEXUS,RX 350 L AWD,SUV - SMALL,3.5,6,AS8,X,13.1,9.4,11.1,25,268,HIgh
LEXUS,RX 450h AWD,SUV - STANDARD,3.5,6,AV6,Z,7.5,8.4,7.9,36,185,Normal
LEXUS,RX 450h L AWD,SUV - STANDARD,3.5,6,AV6,Z,8.1,8.4,8.1,35,190,Normal
LEXUS,UX 200,MID-SIZE,2.0,4,AS10,X,8.0,6.3,7.2,39,168,Normal
LEXUS,UX 250h,COMPACT,2.0,4,AV6,X,5.5,5.7,5.6,50,130,Normal
LEXUS,UX 250h AWD,COMPACT,2.0,4,AV6,X,5.7,6.2,6.0,47,140,Normal
LINCOLN,Continental AWD,FULL-SIZE,2.7,6,AS6,X,14.0,9.4,12.0,24,281,HIgh
LINCOLN,Continental AWD,FULL-SIZE,3.0,6,AS6,X,14.5,9.8,12.3,23,289,HIgh
LINCOLN,Continental AWD,FULL-SIZE,3.7,6,AS6,X,14.3,9.7,12.2,23,287,HIgh
LINCOLN,MKC AWD,SUV - SMALL,2.0,4,AS6,X,12.3,9.3,11.0,26,257,HIgh
LINCOLN,MKC AWD (Start/Stop),SUV - SMALL,2.0,4,AS6,X,12.2,9.3,10.9,26,256,HIgh
LINCOLN,MKC AWD,SUV - SMALL,2.3,4,AS6,X,13.1,9.5,11.5,25,270,HIgh
LINCOLN,MKT AWD,SUV - STANDARD,3.5,6,AS6,X,15.7,11.2,13.7,21,322,HIgh
LINCOLN,MKT Livery AWD,SPECIAL PURPOSE VEHICLE,3.7,6,A6,X,14.7,10.3,12.7,22,297,HIgh
LINCOLN,MKZ AWD,MID-SIZE,2.0,4,AS6,X,12.1,8.4,10.4,27,245,Normal
LINCOLN,MKZ AWD,MID-SIZE,3.0,6,AS6,X,14.0,9.2,11.8,24,278,HIgh
LINCOLN,MKZ Hybrid,MID-SIZE,2.0,4,AV,X,5.7,6.2,5.9,48,139,Normal
LINCOLN,Nautilus,SUV - SMALL,2.0,4,AS8,X,12.0,9.6,10.7,26,250,Normal
LINCOLN,Nautilus,SUV - SMALL,2.7,6,AS8,X,12.6,9.2,11.0,26,259,HIgh
LINCOLN,Navigator 4X4,SUV - STANDARD,3.5,6,AS10,X,15.0,11.4,13.4,21,314,HIgh
MASERATI,Ghibli,MID-SIZE,3.0,6,AS8,Z,14.1,9.8,12.2,23,286,HIgh
MASERATI,Ghibli S,MID-SIZE,3.0,6,AS8,Z,14.7,9.9,12.6,22,295,HIgh
MASERATI,Ghibli SQ4,MID-SIZE,3.0,6,AS8,Z,14.7,9.9,12.6,22,295,HIgh
MASERATI,GranTurismo Convertible,SUBCOMPACT,4.7,8,AS6,Z,17.8,11.6,15.0,19,354,HIgh
MASERATI,Levante,SUV - STANDARD,3.0,6,AS8,Z,15.9,11.1,13.7,21,324,HIgh
MASERATI,Levante S,SUV - STANDARD,3.0,6,AS8,Z,16.1,11.4,14.0,20,330,HIgh
MASERATI,Levante GTS,SUV - STANDARD,3.8,8,AS8,Z,17.9,12.9,15.3,18,360,HIgh
MASERATI,Levante Trofeo,SUV - STANDARD,3.8,8,AS8,Z,17.9,12.9,15.3,18,360,HIgh
MASERATI,Quattroporte S,FULL-SIZE,3.0,6,AS8,Z,15.1,10.3,12.8,22,299,HIgh
MASERATI,Quattroporte SQ4,FULL-SIZE,3.0,6,AS8,Z,15.0,10.3,12.8,22,301,HIgh
MASERATI,Quattroporte GTS,FULL-SIZE,3.8,8,AS8,Z,16.0,10.8,13.7,21,321,HIgh
MAZDA,CX-3,COMPACT,2.0,4,AS6,X,8.3,6.9,7.7,37,179,Normal
MAZDA,CX-3,COMPACT,2.0,4,M6,X,8.8,7.0,8.0,35,186,Normal
MAZDA,CX-3 4WD,COMPACT,2.0,4,AS6,X,8.6,7.4,8.1,35,189,Normal
MAZDA,CX-5,SUV - SMALL,2.0,4,M6,X,9.7,7.7,8.8,32,206,Normal
MAZDA,CX-5,SUV - SMALL,2.5,4,AS6,X,9.7,7.8,8.8,32,206,Normal
MAZDA,CX-5 (Cylinder Deactivation),SUV - SMALL,2.5,4,AS6,X,9.3,7.6,8.5,33,201,Normal
MAZDA,CX-5 4WD,SUV - SMALL,2.5,4,AS6,X,10.2,8.2,9.3,30,217,Normal
MAZDA,CX-5 4WD (Cylinder Deactivation),SUV - SMALL,2.5,4,AS6,X,9.8,7.9,9.0,31,208,Normal
MAZDA,CX-5 Turbo 4WD,SUV - SMALL,2.5,4,AS6,X,10.8,8.7,9.8,29,230,Normal
MAZDA,CX-5 Diesel 4WD,SUV - SMALL,2.2,4,AS6,D,8.9,7.9,8.4,34,227,Normal
MAZDA,CX-9,SUV - SMALL,2.5,4,AS6,X,10.6,8.4,9.6,29,225,Normal
MAZDA,CX-9 4WD,SUV - SMALL,2.5,4,AS6,X,11.6,9.1,10.5,27,244,Normal
MAZDA,Mazda3 4-Door,COMPACT,2.0,4,AS6,X,8.4,6.6,7.6,37,178,Normal
MAZDA,Mazda3 4-Door (SIL),COMPACT,2.0,4,M6,X,8.7,6.4,7.7,37,180,Normal
MAZDA,Mazda3 4-Door,COMPACT,2.5,4,AS6,X,8.8,6.4,7.7,37,181,Normal
MAZDA,Mazda3 4-Door (Cylinder Deactivation),COMPACT,2.5,4,AS6,X,8.8,6.6,7.8,36,183,Normal
MAZDA,Mazda3 4-Door 4WD,COMPACT,2.5,4,AS6,X,9.2,7.0,8.2,34,192,Normal
MAZDA,Mazda3 5-Door,MID-SIZE,2.0,4,AS6,X,8.6,6.7,7.7,37,181,Normal
MAZDA,Mazda3 5-Door (SIL),MID-SIZE,2.0,4,M6,X,8.7,6.6,7.8,36,181,Normal
MAZDA,Mazda3 5-Door,MID-SIZE,2.5,4,AS6,X,9.0,6.8,8.0,35,187,Normal
MAZDA,Mazda3 5-Door,MID-SIZE,2.5,4,M6,X,9.2,6.6,8.1,35,189,Normal
MAZDA,Mazda3 5-Door 4WD,MID-SIZE,2.5,4,AS6,X,9.8,7.4,8.7,32,204,Normal
MAZDA,Mazda6,MID-SIZE,2.5,4,AS6,X,9.1,6.7,8.0,35,187,Normal
MAZDA,Mazda6 Turbo,MID-SIZE,2.5,4,AS6,X,10.0,7.5,8.9,32,208,Normal
MAZDA,MX-5,TWO-SEATER,2.0,4,AS6,Z,9.0,6.6,7.9,36,186,Normal
MAZDA,MX-5 (SIL),TWO-SEATER,2.0,4,M6,Z,9.0,7.0,8.1,35,189,Normal
MERCEDES-BENZ,A 220,SUBCOMPACT,2.0,4,AM7,Z,9.7,6.8,8.4,34,195,Normal
MERCEDES-BENZ,A 220 4MATIC,SUBCOMPACT,2.0,4,AM7,Z,9.6,7.1,8.5,33,199,Normal
MERCEDES-BENZ,A 250,STATION WAGON - SMALL,2.0,4,AM7,Z,9.4,6.8,8.3,34,192,Normal
MERCEDES-BENZ,A 250 4MATIC,STATION WAGON - SMALL,2.0,4,AM7,Z,9.9,7.0,8.6,33,201,Normal
MERCEDES-BENZ,AMG C 43 4MATIC,COMPACT,3.0,6,A9,Z,12.4,8.7,10.7,26,253,HIgh
MERCEDES-BENZ,AMG C 43 4MATIC Cabriolet,SUBCOMPACT,3.0,6,A9,Z,12.7,9.2,11.2,25,263,HIgh
MERCEDES-BENZ,AMG C 43 4MATIC Coupe,SUBCOMPACT,3.0,6,A9,Z,12.9,8.8,11.1,25,255,HIgh
MERCEDES-BENZ,AMG C 43 4MATIC Wagon,STATION WAGON - SMALL,3.0,6,A9,Z,12.4,8.9,10.8,26,255,HIgh
MERCEDES-BENZ,AMG C 63,COMPACT,4.0,8,A9,Z,13.2,8.7,11.2,25,263,HIgh
MERCEDES-BENZ,AMG C 63 S,COMPACT,4.0,8,A9,Z,13.2,8.7,11.2,25,263,HIgh
MERCEDES-BENZ,AMG C 63 S Cabriolet,SUBCOMPACT,4.0,8,A9,Z,13.9,9.7,12.0,24,282,HIgh
MERCEDES-BENZ,AMG C 63 S Coupe,SUBCOMPACT,4.0,8,A9,Z,13.9,9.2,11.8,24,277,HIgh
MERCEDES-BENZ,AMG CLA 45 4MATIC,MINICOMPACT,2.0,4,AM7,Z,10.3,7.9,9.2,31,217,Normal
MERCEDES-BENZ,AMG CLS 53 4MATIC+,COMPACT,3.0,6,A9,Z,12.4,8.7,10.7,26,235,Normal
MERCEDES-BENZ,AMG E 53 4MATIC+,MID-SIZE,3.0,6,A9,Z,11.2,8.3,9.9,29,232,Normal
MERCEDES-BENZ,AMG E 53 4MATIC+ Cabriolet,SUBCOMPACT,3.0,6,A9,Z,12.5,9.0,10.9,26,245,Normal
MERCEDES-BENZ,AMG E 53 4MATIC+ Coupe,SUBCOMPACT,3.0,6,A9,Z,12.3,8.5,10.6,27,237,Normal
MERCEDES-BENZ,AMG E 53 4MATIC+ Wagon,STATION WAGON - MID-SIZE,3.0,6,A9,Z,11.5,8.6,10.2,28,239,Normal
MERCEDES-BENZ,AMG E 63 S 4MATIC+,MID-SIZE,4.0,8,A9,Z,16.0,10.5,13.5,21,318,HIgh
MERCEDES-BENZ,AMG E 63 S 4MATIC+ Wagon,STATION WAGON - MID-SIZE,4.0,8,A9,Z,14.6,10.4,12.7,22,299,HIgh
MERCEDES-BENZ,AMG G 63,SUV - STANDARD,4.0,8,A9,Z,18.1,15.6,17.0,17,396,HIgh
MERCEDES-BENZ,AMG GLA 45 4MATIC,STATION WAGON - MID-SIZE,2.0,4,AM7,Z,10.7,8.3,9.6,29,225,Normal
MERCEDES-BENZ,AMG GLC 43 4MATIC,SUV - SMALL,3.0,6,A9,Z,12.5,9.6,11.2,25,262,HIgh
MERCEDES-BENZ,AMG GLC 43 4MATIC Coupe,SUV - SMALL,3.0,6,A9,Z,12.6,9.7,11.3,25,265,HIgh
MERCEDES-BENZ,AMG GLC 63 S 4MATIC+,SUV - SMALL,4.0,8,A9,Z,15.0,10.9,13.2,21,309,HIgh
MERCEDES-BENZ,AMG GLC 63 S 4MATIC+ Coupe,SUV - SMALL,4.0,8,A9,Z,15.0,10.9,13.2,21,309,HIgh
MERCEDES-BENZ,AMG GLE 43 4MATIC,SUV - STANDARD,3.0,6,A9,Z,14.0,10.6,12.4,23,292,HIgh
MERCEDES-BENZ,AMG GLE 43 4MATIC Coupe,SUV - STANDARD,3.0,6,A9,Z,14.1,10.9,12.6,22,297,HIgh
MERCEDES-BENZ,AMG GLE 63 S 4MATIC,SUV - STANDARD,4.7,8,A7,Z,17.7,13.4,15.8,18,370,HIgh
MERCEDES-BENZ,AMG GLE 63 S 4MATIC Coupe,SUV - STANDARD,4.7,8,A7,Z,17.2,12.8,15.2,19,357,HIgh
MERCEDES-BENZ,AMG GLS 63 4MATIC,SUV - STANDARD,4.7,8,A7,Z,17.8,13.2,15.7,18,370,HIgh
MERCEDES-BENZ,AMG GT 53 4MATIC+ Coupe,COMPACT,3.0,6,A9,Z,12.4,9.8,11.2,25,264,HIgh
MERCEDES-BENZ,AMG GT 63 4MATIC+ Coupe,COMPACT,4.0,8,A9,Z,15.5,11.5,13.7,21,323,HIgh
MERCEDES-BENZ,AMG GT 63 S 4MATIC+ Coupe,COMPACT,4.0,8,A9,Z,15.6,11.5,13.7,21,324,HIgh
MERCEDES-BENZ,AMG GT C Coupe,TWO-SEATER,4.0,8,AM7,Z,15.3,11.4,13.5,21,315,HIgh
MERCEDES-BENZ,AMG GT C Roadster,TWO-SEATER,4.0,8,AM7,Z,15.2,11.4,13.5,21,315,HIgh
MERCEDES-BENZ,AMG GT R Coupe,TWO-SEATER,4.0,8,AM7,Z,15.9,11.8,14.0,20,327,HIgh
MERCEDES-BENZ,AMG S 63 4MATIC+,FULL-SIZE,4.0,8,A9,Z,14.1,8.9,11.8,24,275,HIgh
MERCEDES-BENZ,AMG S 63 4MATIC+ Cabriolet,SUBCOMPACT,4.0,8,A9,Z,15.8,9.8,13.1,22,306,HIgh
MERCEDES-BENZ,AMG S 63 4MATIC+ Coupe,COMPACT,4.0,8,A9,Z,14.0,8.7,11.6,24,271,HIgh
MERCEDES-BENZ,AMG S 65,FULL-SIZE,6.0,12,A7,Z,18.6,10.9,15.1,19,356,HIgh
MERCEDES-BENZ,AMG S 65 Cabriolet,SUBCOMPACT,6.0,12,A9,Z,17.1,11.0,14.3,20,337,HIgh
MERCEDES-BENZ,AMG S 65 Coupe,COMPACT,6.0,12,A9,Z,17.6,11.0,14.6,19,343,HIgh
MERCEDES-BENZ,AMG SL 63,TWO-SEATER,5.5,8,A7,Z,15.3,10.2,13.0,22,303,HIgh
MERCEDES-BENZ,AMG SLC 43,TWO-SEATER,3.0,6,A9,Z,11.8,8.2,10.2,28,238,Normal
MERCEDES-BENZ,B 250,STATION WAGON - SMALL,2.0,4,AM7,Z,9.8,6.8,8.4,34,196,Normal
MERCEDES-BENZ,B 250 4MATIC,STATION WAGON - SMALL,2.0,4,AM7,Z,10.3,7.8,9.1,31,215,Normal
MERCEDES-BENZ,C 300 4MATIC,COMPACT,2.0,4,A9,Z,11.0,7.3,9.4,30,219,Normal
MERCEDES-BENZ,C 300 4MATIC Cabriolet,SUBCOMPACT,2.0,4,A9,Z,11.3,8.1,9.9,29,231,Normal
MERCEDES-BENZ,C 300 4MATIC Coupe,SUBCOMPACT,2.0,4,A9,Z,10.9,7.7,9.5,30,221,Normal
MERCEDES-BENZ,C 300 4MATIC Wagon,STATION WAGON - SMALL,2.0,4,A9,Z,10.9,7.7,9.5,30,221,Normal
MERCEDES-BENZ,CLA 250,MINICOMPACT,2.0,4,AM7,Z,9.6,6.6,8.2,34,193,Normal
MERCEDES-BENZ,CLA 250 4MATIC,MINICOMPACT,2.0,4,AM7,Z,9.9,7.3,8.7,32,204,Normal
MERCEDES-BENZ,CLS 450 4MATIC,COMPACT,3.0,6,A9,Z,11.3,7.9,9.8,29,213,Normal
MERCEDES-BENZ,E 300 4MATIC,MID-SIZE,2.0,4,A9,Z,11.0,8.1,9.7,29,228,Normal
MERCEDES-BENZ,E 450 4MATIC,MID-SIZE,3.0,6,A9,Z,11.8,8.5,10.3,27,244,Normal
MERCEDES-BENZ,E 450 4MATIC Cabriolet,SUBCOMPACT,3.0,6,A9,Z,12.7,10.1,11.6,24,271,HIgh
MERCEDES-BENZ,E 450 4MATIC Coupe,SUBCOMPACT,3.0,6,A9,Z,12.5,9.1,11.0,26,257,HIgh
MERCEDES-BENZ,E 450 4MATIC Wagon,STATION WAGON - MID-SIZE,3.0,6,A9,Z,12.3,8.9,10.8,26,254,HIgh
MERCEDES-BENZ,G 550,SUV - STANDARD,4.0,8,A9,Z,18.0,14.1,16.3,17,378,HIgh
MERCEDES-BENZ,GLA 250 4MATIC,SUV - SMALL,2.0,4,AM7,Z,10.1,7.6,9.0,31,209,Normal
MERCEDES-BENZ,GLC 300 4MATIC,SUV - SMALL,2.0,4,A9,Z,11.0,8.7,10.0,28,234,Normal
MERCEDES-BENZ,GLC 300 4MATIC Coupe,SUV - SMALL,2.0,4,A9,Z,10.8,9.0,10.0,28,234,Normal
MERCEDES-BENZ,GLE 400 4MATIC,SUV - STANDARD,3.0,6,A9,Z,13.5,10.3,12.1,23,282,HIgh
MERCEDES-BENZ,GLS 450 4MATIC,SUV - STANDARD,3.0,6,A9,Z,14.9,11.2,13.2,21,312,HIgh
MERCEDES-BENZ,GLS 550 4MATIC,SUV - STANDARD,4.7,8,A9,Z,17.2,12.6,15.1,19,355,HIgh
MERCEDES-BENZ,Maybach S 560 4MATIC,FULL-SIZE,4.0,8,A9,Z,14.4,9.5,12.2,23,286,HIgh
MERCEDES-BENZ,Maybach S 650,FULL-SIZE,6.0,12,A7,Z,18.4,11.1,15.1,19,355,HIgh
MERCEDES-BENZ,Metris Cargo,SPECIAL PURPOSE VEHICLE,2.0,4,A7,Z,11.5,9.8,10.7,26,251,HIgh
MERCEDES-BENZ,Metris Cargo LWB,SPECIAL PURPOSE VEHICLE,2.0,4,A7,Z,11.3,9.6,10.5,27,248,Normal
MERCEDES-BENZ,Metris Passenger,SPECIAL PURPOSE VEHICLE,2.0,4,A7,Z,12.3,10.3,11.4,25,268,HIgh
MERCEDES-BENZ,S 450 4MATIC SWB,MID-SIZE,3.0,6,A9,Z,12.8,8.5,10.8,26,253,HIgh
MERCEDES-BENZ,S 560 Cabriolet,SUBCOMPACT,4.0,8,A9,Z,13.8,9.2,11.7,24,275,HIgh
MERCEDES-BENZ,S 560 4MATIC,FULL-SIZE,4.0,8,A9,Z,13.5,8.6,11.3,25,265,HIgh
MERCEDES-BENZ,S 560 4MATIC SWB,MID-SIZE,4.0,8,A9,Z,13.5,8.6,11.3,25,265,HIgh
MERCEDES-BENZ,SL 450,TWO-SEATER,3.0,6,A9,Z,11.8,8.5,10.3,27,241,Normal
MERCEDES-BENZ,SL 550,TWO-SEATER,4.7,8,A9,Z,13.5,9.3,11.6,24,270,HIgh
MERCEDES-BENZ,SLC 300,TWO-SEATER,2.0,4,A9,Z,10.0,7.3,8.8,32,205,Normal
MINI,Cooper 3 Door,SUBCOMPACT,1.5,3,AS6,Z,8.8,6.8,7.9,36,184,Normal
MINI,Cooper 3 Door,SUBCOMPACT,1.5,3,M6,Z,8.5,6.2,7.5,38,175,Normal
MINI,Cooper 5 Door,SUBCOMPACT,1.5,3,AS6,Z,8.8,6.8,7.9,36,184,Normal
MINI,Cooper 5 Door,SUBCOMPACT,1.5,3,M6,Z,8.4,6.3,7.5,38,175,Normal
MINI,Cooper Clubman ALL4,MID-SIZE,1.5,3,AS8,Z,10.2,7.6,9.0,31,212,Normal
MINI,Cooper Clubman ALL4,MID-SIZE,1.5,3,M6,Z,10.5,7.4,9.1,31,214,Normal
MINI,Cooper Convertible,MINICOMPACT,1.5,3,AS6,Z,8.8,6.8,7.9,36,184,Normal
MINI,Cooper Convertible,MINICOMPACT,1.5,3,M6,Z,8.4,6.3,7.5,38,175,Normal
MINI,Cooper Countryman ALL4,STATION WAGON - SMALL,1.5,3,AS8,Z,10.3,7.9,9.2,31,215,Normal
MINI,Cooper Countryman ALL4,STATION WAGON - SMALL,1.5,3,M6,Z,10.5,7.4,9.1,31,214,Normal
MINI,Cooper S 3 Door,SUBCOMPACT,2.0,4,AS6,Z,9.3,7.3,8.4,34,197,Normal
MINI,Cooper S 3 Door,SUBCOMPACT,2.0,4,M6,Z,10.2,7.4,9.0,31,210,Normal
MINI,Cooper S 5 Door,SUBCOMPACT,2.0,4,AS6,Z,9.3,7.3,8.4,34,197,Normal
MINI,Cooper S 5 Door,SUBCOMPACT,2.0,4,M6,Z,10.2,7.4,9.0,31,210,Normal
MINI,Cooper S Clubman ALL4,MID-SIZE,2.0,4,AS8,Z,10.4,7.6,9.2,31,214,Normal
MINI,Cooper S Clubman ALL4,MID-SIZE,2.0,4,M6,Z,11.4,7.7,9.7,29,227,Normal
MINI,Cooper S Convertible,MINICOMPACT,2.0,4,AS6,Z,9.4,7.2,8.4,34,197,Normal
MINI,Cooper S Convertible,MINICOMPACT,2.0,4,M6,Z,10.2,7.4,9.0,31,210,Normal
MINI,Cooper S Countryman ALL4,MID-SIZE,2.0,4,AS8,Z,10.5,7.6,9.2,31,215,Normal
MINI,Cooper S Countryman ALL4,MID-SIZE,2.0,4,M6,Z,11.3,7.8,9.7,29,228,Normal
MINI,John Cooper Works 3 Door,SUBCOMPACT,2.0,4,AS6,Z,9.3,7.3,8.4,34,197,Normal
MINI,John Cooper Works 3 Door,SUBCOMPACT,2.0,4,M6,Z,10.2,7.4,9.0,31,210,Normal
MINI,John Cooper Works Clubman ALL4,MID-SIZE,2.0,4,AS8,Z,10.4,7.6,9.2,31,214,Normal
MINI,John Cooper Works Clubman ALL4,MID-SIZE,2.0,4,M6,Z,11.4,7.7,9.7,29,227,Normal
MINI,John Cooper Works Convertible,MINICOMPACT,2.0,4,AS6,Z,9.4,7.2,8.4,34,197,Normal
MINI,John Cooper Works Convertible,MINICOMPACT,2.0,4,M6,Z,10.8,7.7,9.4,30,220,Normal
MINI,John Cooper Works Countryman ALL4,MID-SIZE,2.0,4,AS8,Z,10.6,7.8,9.3,30,220,Normal
MINI,John Cooper Works Countryman ALL4,MID-SIZE,2.0,4,M6,Z,11.3,7.8,9.7,29,228,Normal
MITSUBISHI,Eclipse Cross 4WD,SUV - SMALL,1.5,4,AV8,X,9.6,8.9,9.3,30,216,Normal
MITSUBISHI,Mirage,COMPACT,1.2,3,AV,X,6.6,5.6,6.2,46,143,Normal
MITSUBISHI,Mirage,COMPACT,1.2,3,M5,X,7.1,5.8,6.5,43,151,Normal
MITSUBISHI,Mirage G4,COMPACT,1.2,3,AV,X,6.9,5.7,6.4,44,148,Normal
MITSUBISHI,Mirage G4,COMPACT,1.2,3,M5,X,7.2,5.9,6.6,43,153,Normal
MITSUBISHI,Outlander 4WD,SUV - SMALL,2.4,4,AV6,X,9.9,8.1,9.1,31,212,Normal
MITSUBISHI,Outlander 4WD,SUV - SMALL,3.0,6,AS6,Z,12.0,8.8,10.6,27,246,Normal
MITSUBISHI,RVR,SUV - SMALL,2.0,4,AV6,X,9.7,7.8,8.8,32,206,Normal
MITSUBISHI,RVR 4WD,SUV - SMALL,2.0,4,AV6,X,10.1,8.2,9.2,31,213,Normal
MITSUBISHI,RVR 4WD,SUV - SMALL,2.4,4,AV6,X,10.3,8.3,9.4,30,218,Normal
NISSAN,370Z,TWO-SEATER,3.7,6,AS7,Z,12.6,9.3,11.1,25,261,HIgh
NISSAN,370Z,TWO-SEATER,3.7,6,M6,Z,13.3,9.3,11.5,25,270,HIgh
NISSAN,370Z Roadster,TWO-SEATER,3.7,6,AS7,Z,13.0,9.7,11.5,25,271,HIgh
NISSAN,370Z Roadster,TWO-SEATER,3.7,6,M6,Z,13.6,9.7,11.8,24,279,HIgh
NISSAN,Altima,MID-SIZE,2.5,4,AV,X,8.6,6.1,7.4,38,174,Normal
NISSAN,Altima SR/Platinum,MID-SIZE,2.0,4,AV,X,9.1,6.9,8.1,35,190,Normal
NISSAN,Altima SR/Platinum,MID-SIZE,2.5,4,AV,X,8.5,6.3,7.5,38,177,Normal
NISSAN,Altima AWD,MID-SIZE,2.5,4,AV,X,9.1,6.5,7.9,36,186,Normal
NISSAN,Altima AWD SR/Platinum,MID-SIZE,2.5,4,AV,X,9.3,6.7,8.1,35,190,Normal
NISSAN,Armada 4WD,SUV - STANDARD,5.6,8,AS7,X,17.7,12.9,15.5,18,364,HIgh
NISSAN,Frontier,PICKUP TRUCK - SMALL,2.5,4,A5,X,13.7,10.7,12.3,23,290,HIgh
NISSAN,Frontier,PICKUP TRUCK - SMALL,4.0,6,A5,X,14.7,10.3,12.7,22,299,HIgh
NISSAN,Frontier 4WD,PICKUP TRUCK - SMALL,4.0,6,A5,X,15.8,11.5,13.9,20,326,HIgh
NISSAN,Frontier 4WD,PICKUP TRUCK - SMALL,4.0,6,M6,X,15.1,11.5,13.5,21,317,HIgh
NISSAN,GT-R,SUBCOMPACT,3.8,6,AM6,Z,14.2,10.7,12.6,22,295,HIgh
NISSAN,Kicks,MID-SIZE,1.6,4,AV,X,7.7,6.6,7.2,39,169,Normal
NISSAN,Maxima,MID-SIZE,3.5,6,AV7,Z,11.6,7.9,9.9,29,233,Normal
NISSAN,Micra,COMPACT,1.6,4,A4,X,9.0,6.8,8.0,35,188,Normal
NISSAN,Micra,COMPACT,1.6,4,M5,X,8.7,6.8,7.9,36,186,Normal
NISSAN,Murano,STATION WAGON - MID-SIZE,3.5,6,AV7,X,11.7,8.3,10.2,28,240,Normal
NISSAN,Murano AWD,STATION WAGON - MID-SIZE,3.5,6,AV7,X,11.7,8.5,10.3,27,242,Normal
NISSAN,NV200 Cargo Van,SPECIAL PURPOSE VEHICLE,2.0,4,AV,X,9.8,8.8,9.3,30,218,Normal
NISSAN,Pathfinder,SUV - SMALL,3.5,6,AV,X,11.6,8.5,10.2,28,240,Normal
NISSAN,Pathfinder 4WD,SUV - SMALL,3.5,6,AV,X,12.1,8.9,10.7,26,250,Normal
NISSAN,Pathfinder 4WD Platinum,SUV - SMALL,3.5,6,AV,X,12.4,9.2,11.0,26,259,HIgh
NISSAN,Qashqai,STATION WAGON - SMALL,2.0,4,AV7,X,8.6,7.2,8.0,35,188,Normal
NISSAN,Qashqai,STATION WAGON - SMALL,2.0,4,M6,X,10.1,8.1,9.2,31,217,Normal
NISSAN,Qashqai AWD,STATION WAGON - SMALL,2.0,4,AV7,X,9.1,7.6,8.4,34,198,Normal
NISSAN,Rogue,SUV - SMALL,2.5,4,AV,X,9.1,7.1,8.2,34,192,Normal
NISSAN,Rogue AWD,SUV - SMALL,2.5,4,AV,X,9.6,7.5,8.7,32,204,Normal
NISSAN,Sentra,MID-SIZE,1.8,4,AV,X,8.1,6.3,7.3,39,172,Normal
NISSAN,Sentra,MID-SIZE,1.8,4,M6,X,8.8,6.6,7.8,36,183,Normal
NISSAN,Sentra (Turbo),MID-SIZE,1.6,4,AV7,Z,8.9,7.3,8.2,34,193,Normal
NISSAN,Sentra (Turbo),MID-SIZE,1.6,4,M6,Z,9.1,7.3,8.3,34,195,Normal
NISSAN,Sentra Nismo,MID-SIZE,1.6,4,AV7,Z,9.4,7.8,8.7,32,205,Normal
NISSAN,Sentra Nismo,MID-SIZE,1.6,4,M6,Z,9.5,7.6,8.7,32,204,Normal
NISSAN,Titan,PICKUP TRUCK - STANDARD,5.6,8,AS7,X,15.0,11.2,13.3,21,312,HIgh
NISSAN,Titan 4WD,PICKUP TRUCK - STANDARD,5.6,8,AS7,X,15.2,11.1,13.4,21,315,HIgh
NISSAN,Titan 4WD Pro-4X,PICKUP TRUCK - STANDARD,5.6,8,AS7,X,15.9,11.9,14.1,20,331,HIgh
NISSAN,Versa,MID-SIZE,1.6,4,AV,X,7.6,6.2,7.0,40,164,Normal
NISSAN,Versa,MID-SIZE,1.6,4,M5,X,8.6,6.6,7.7,37,180,Normal
PORSCHE,911 Carrera,MINICOMPACT,3.0,6,AM7,Z,10.6,8.0,9.4,30,221,Normal
PORSCHE,911 Carrera,MINICOMPACT,3.0,6,M7,Z,11.8,8.1,10.1,28,237,Normal
PORSCHE,911 Carrera Cabriolet,MINICOMPACT,3.0,6,AM7,Z,10.8,8.3,9.7,29,227,Normal
PORSCHE,911 Carrera Cabriolet,MINICOMPACT,3.0,6,M7,Z,12.0,8.2,10.3,27,241,Normal
PORSCHE,911 Carrera GTS,MINICOMPACT,3.0,6,AM7,Z,11.5,9.1,10.4,27,243,Normal
PORSCHE,911 Carrera GTS,MINICOMPACT,3.0,6,M7,Z,13.0,8.9,11.2,25,260,HIgh
PORSCHE,911 Carrera GTS Cabriolet,MINICOMPACT,3.0,6,AM7,Z,11.8,9.2,10.7,26,249,Normal
PORSCHE,911 Carrera GTS Cabriolet,MINICOMPACT,3.0,6,M7,Z,12.7,9.0,11.0,26,258,HIgh
PORSCHE,911 Carrera S,MINICOMPACT,3.0,6,AM7,Z,10.8,8.3,9.7,29,226,Normal
PORSCHE,911 Carrera S,MINICOMPACT,3.0,6,M7,Z,12.1,8.3,10.3,27,242,Normal
PORSCHE,911 Carrera S Cabriolet,MINICOMPACT,3.0,6,AM7,Z,10.8,8.4,9.7,29,228,Normal
PORSCHE,911 Carrera S Cabriolet,MINICOMPACT,3.0,6,M7,Z,12.1,8.3,10.4,27,243,Normal
PORSCHE,911 Carrera T,MINICOMPACT,3.0,6,AM7,Z,11.9,9.1,10.6,27,248,Normal
PORSCHE,911 Carrera T,MINICOMPACT,3.0,6,M7,Z,14.6,9.4,12.3,23,286,HIgh
PORSCHE,911 Carrera 4,MINICOMPACT,3.0,6,AM7,Z,10.7,8.3,9.6,29,225,Normal
PORSCHE,911 Carrera 4,MINICOMPACT,3.0,6,M7,Z,12.1,8.3,10.4,27,242,Normal
PORSCHE,911 Carrera 4 Cabriolet,MINICOMPACT,3.0,6,AM7,Z,11.0,8.4,9.8,29,230,Normal
PORSCHE,911 Carrera 4 Cabriolet,MINICOMPACT,3.0,6,M7,Z,12.2,8.5,10.5,27,246,Normal
PORSCHE,911 Carrera 4 GTS,MINICOMPACT,3.0,6,AM7,Z,11.8,9.2,10.6,27,248,Normal
PORSCHE,911 Carrera 4 GTS,MINICOMPACT,3.0,6,M7,Z,12.8,8.9,11.0,26,257,HIgh
PORSCHE,911 Carrera 4 GTS Cabriolet,MINICOMPACT,3.0,6,AM7,Z,11.9,9.3,10.7,26,250,Normal
PORSCHE,911 Carrera 4 GTS Cabriolet,MINICOMPACT,3.0,6,M7,Z,12.9,9.1,11.2,25,260,HIgh
PORSCHE,911 Carrera 4S,MINICOMPACT,3.0,6,AM7,Z,11.1,8.5,9.9,29,232,Normal
PORSCHE,911 Carrera 4S,MINICOMPACT,3.0,6,M7,Z,12.1,8.4,10.4,27,243,Normal
PORSCHE,911 Carrera 4S Cabriolet,MINICOMPACT,3.0,6,AM7,Z,11.0,8.5,9.9,29,231,Normal
PORSCHE,911 Carrera 4S Cabriolet,MINICOMPACT,3.0,6,M7,Z,12.2,8.5,10.5,27,246,Normal
PORSCHE,911 GT2 RS,TWO-SEATER,3.8,6,AM7,Z,15.3,11.2,13.5,21,315,HIgh
PORSCHE,911 GT3,TWO-SEATER,4.0,6,AM7,Z,15.8,11.7,13.9,20,324,HIgh
PORSCHE,911 GT3,TWO-SEATER,4.0,6,M6,Z,18.0,11.5,15.1,19,352,HIgh
PORSCHE,911 GT3 RS,TWO-SEATER,4.0,6,AM7,Z,16.1,12.2,14.4,20,335,HIgh
PORSCHE,911 GT3 Touring,TWO-SEATER,4.0,6,M6,Z,16.4,11.2,14.1,20,334,HIgh
PORSCHE,911 Speedster,TWO-SEATER,4.0,6,M6,Z,17.4,12.4,15.1,19,350,HIgh
PORSCHE,911 Targa 4,MINICOMPACT,3.0,6,AM7,Z,10.9,8.4,9.8,29,228,Normal
PORSCHE,911 Targa 4,MINICOMPACT,3.0,6,M7,Z,12.2,8.5,10.5,27,246,Normal
PORSCHE,911 Targa 4 GTS,MINICOMPACT,3.0,6,AM7,Z,12.1,9.2,10.8,26,251,HIgh
PORSCHE,911 Targa 4 GTS,MINICOMPACT,3.0,6,M7,Z,13.2,9.2,11.4,25,266,HIgh
PORSCHE,911 Targa 4S,MINICOMPACT,3.0,6,AM7,Z,11.1,8.6,10.0,28,233,Normal
PORSCHE,911 Targa 4S,MINICOMPACT,3.0,6,M7,Z,12.2,8.5,10.5,27,246,Normal
PORSCHE,911 Turbo,MINICOMPACT,3.8,6,AM7,Z,12.6,9.9,11.4,25,266,HIgh
PORSCHE,911 Turbo Cabriolet,MINICOMPACT,3.8,6,AM7,Z,12.7,9.9,11.4,25,267,HIgh
PORSCHE,911 Turbo S,MINICOMPACT,3.8,6,AM7,Z,12.6,9.9,11.4,25,266,HIgh
PORSCHE,911 Turbo S Cabriolet,MINICOMPACT,3.8,6,AM7,Z,12.7,9.9,11.4,25,267,HIgh
PORSCHE,911 Turbo S Exclusive Cabriolet,MINICOMPACT,3.8,6,AM7,Z,14.3,10.9,12.7,22,297,HIgh
PORSCHE,Boxster,TWO-SEATER,2.0,4,AM7,Z,10.5,8.0,9.4,30,219,Normal
PORSCHE,Boxster,TWO-SEATER,2.0,4,M6,Z,11.0,8.3,9.8,29,229,Normal
PORSCHE,Boxster GTS,TWO-SEATER,2.5,4,AM7,Z,11.8,9.2,10.6,27,249,Normal
PORSCHE,Boxster GTS,TWO-SEATER,2.5,4,M6,Z,12.3,9.4,11.0,26,257,HIgh
PORSCHE,Boxster S,TWO-SEATER,2.5,4,AM7,Z,11.1,8.4,9.9,29,231,Normal
PORSCHE,Boxster S,TWO-SEATER,2.5,4,M6,Z,12.1,9.0,10.7,26,249,Normal
PORSCHE,Cayenne,SUV - STANDARD,3.0,6,AS8,Z,12.5,10.0,11.4,25,265,HIgh
PORSCHE,Cayenne S,SUV - STANDARD,2.9,6,AS8,Z,12.9,10.4,11.8,24,275,HIgh
PORSCHE,Cayenne Turbo,SUV - STANDARD,4.0,8,AS8,Z,15.6,12.4,14.1,20,329,HIgh
PORSCHE,Cayman,TWO-SEATER,2.0,4,AM7,Z,10.5,8.0,9.4,30,219,Normal
PORSCHE,Cayman,TWO-SEATER,2.0,4,M6,Z,11.0,8.3,9.8,29,229,Normal
PORSCHE,Cayman GTS,TWO-SEATER,2.5,4,AM7,Z,11.8,9.2,10.6,27,249,Normal
PORSCHE,Cayman GTS,TWO-SEATER,2.5,4,M6,Z,12.3,9.4,11.0,26,257,HIgh
PORSCHE,Cayman S,TWO-SEATER,2.5,4,AM7,Z,11.1,8.4,9.9,29,231,Normal
PORSCHE,Cayman S,TWO-SEATER,2.5,4,M6,Z,12.1,9.0,10.7,26,249,Normal
PORSCHE,Macan,SUV - SMALL,2.0,4,AM7,Z,12.2,10.2,11.3,25,264,HIgh
PORSCHE,Macan S,SUV - SMALL,3.0,6,AM7,Z,12.9,10.2,11.7,24,272,HIgh
PORSCHE,Panamera,FULL-SIZE,3.0,6,AM8,Z,12.4,8.7,10.7,26,250,Normal
PORSCHE,Panamera 4,FULL-SIZE,3.0,6,AM8,Z,12.4,9.0,10.9,26,253,HIgh
PORSCHE,Panamera 4 Executive,FULL-SIZE,3.0,6,AM8,Z,12.4,9.0,10.9,26,253,HIgh
PORSCHE,Panamera 4 ST,FULL-SIZE,3.0,6,AM8,Z,12.2,8.9,10.7,26,250,Normal
PORSCHE,Panamera 4S,FULL-SIZE,2.9,6,AM8,Z,13.1,8.9,11.2,25,261,HIgh
PORSCHE,Panamera 4S Executive,FULL-SIZE,2.9,6,AM8,Z,13.1,8.9,11.2,25,261,HIgh
PORSCHE,Panamera 4S ST,FULL-SIZE,2.9,6,AM8,Z,13.1,9.8,11.6,24,273,HIgh
PORSCHE,Panamera GTS,FULL-SIZE,4.0,8,AM8,Z,14.5,10.2,12.6,22,295,HIgh
PORSCHE,Panamera GTS ST,FULL-SIZE,4.0,8,AM8,Z,15.7,10.5,13.4,21,313,HIgh
PORSCHE,Panamera Turbo,FULL-SIZE,4.0,8,AM8,Z,12.8,9.2,11.2,25,261,HIgh
PORSCHE,Panamera Turbo Executive,FULL-SIZE,4.0,8,AM8,Z,12.8,9.2,11.2,25,261,HIgh
PORSCHE,Panamera Turbo ST,FULL-SIZE,4.0,8,AM8,Z,13.4,10.1,11.9,24,279,HIgh
RAM,1500 eTorque,PICKUP TRUCK - STANDARD,3.6,6,A8,X,11.9,9.4,10.8,26,253,HIgh
RAM,1500 HFE eTorque,PICKUP TRUCK - STANDARD,3.6,6,A8,X,11.6,9.0,10.4,27,246,Normal
RAM,1500,PICKUP TRUCK - STANDARD,5.7,8,A8,X,16.2,10.5,13.6,21,320,HIgh
RAM,1500 eTorque,PICKUP TRUCK - STANDARD,5.7,8,A8,X,14.1,10.3,12.4,23,290,HIgh
RAM,1500 4X4 eTorque,PICKUP TRUCK - STANDARD,3.6,6,A8,X,12.2,9.7,11.1,25,260,HIgh
RAM,1500 4X4,PICKUP TRUCK - STANDARD,5.7,8,A8,X,16.1,11.0,13.8,20,325,HIgh
RAM,1500 4X4 eTorque,PICKUP TRUCK - STANDARD,5.7,8,A8,X,14.3,11.1,12.9,22,302,HIgh
RAM,1500 Classic EcoDiesel,PICKUP TRUCK - STANDARD,3.0,6,A8,D,11.8,8.6,10.4,27,278,HIgh
RAM,1500 Classic FFV,PICKUP TRUCK - STANDARD,3.6,6,A8,X,13.9,9.6,11.9,24,280,HIgh
RAM,1500 Classic FFV,PICKUP TRUCK - STANDARD,3.6,6,A8,E,19.7,13.8,17.0,17,283,HIgh
RAM,1500 Classic,PICKUP TRUCK - STANDARD,5.7,8,A6,X,17.0,12.0,14.8,19,346,HIgh
RAM,1500 Classic,PICKUP TRUCK - STANDARD,5.7,8,A8,X,15.7,11.0,13.6,21,319,HIgh
RAM,1500 Classic 4X4 EcoDiesel,PICKUP TRUCK - STANDARD,3.0,6,A8,D,12.3,8.8,10.8,26,289,HIgh
RAM,1500 Classic 4X4 FFV,PICKUP TRUCK - STANDARD,3.6,6,A8,X,14.5,10.2,12.6,22,294,HIgh
RAM,1500 Classic 4X4 FFV,PICKUP TRUCK - STANDARD,3.6,6,A8,E,20.7,14.7,18.0,16,300,HIgh
RAM,1500 Classic 4X4,PICKUP TRUCK - STANDARD,5.7,8,A6,X,18.7,13.3,16.3,17,382,HIgh
RAM,1500 Classic 4X4,PICKUP TRUCK - STANDARD,5.7,8,A8,X,16.1,11.5,14.0,20,328,HIgh
RAM,ProMaster City,SPECIAL PURPOSE VEHICLE,2.4,4,A9,X,11.2,8.3,9.9,29,232,Normal
ROLLS-ROYCE,Cullinan,STATION WAGON - MID-SIZE,6.7,12,AS8,Z,20.0,11.8,16.3,17,382,HIgh
ROLLS-ROYCE,Dawn,COMPACT,6.6,12,AS8,Z,20.3,13.0,17.0,17,397,HIgh
ROLLS-ROYCE,Ghost,FULL-SIZE,6.6,12,AS8,Z,20.3,13.0,17.0,17,397,HIgh
ROLLS-ROYCE,Ghost EWB,FULL-SIZE,6.6,12,AS8,Z,20.3,13.0,17.0,17,397,HIgh
ROLLS-ROYCE,Phantom,FULL-SIZE,6.7,12,AS8,Z,20.0,11.8,16.3,17,382,HIgh
ROLLS-ROYCE,Phantom EWB,FULL-SIZE,6.7,12,AS8,Z,20.0,11.8,16.3,17,382,HIgh
ROLLS-ROYCE,Wraith,MID-SIZE,6.6,12,AS8,Z,19.6,12.9,16.6,17,388,HIgh
SUBARU,Ascent AWD,SUV - STANDARD,2.4,4,AV8,X,11.6,9.0,10.4,27,244,Normal
SUBARU,BRZ,MINICOMPACT,2.0,4,AS6,Z,9.7,7.2,8.6,33,200,Normal
SUBARU,BRZ,MINICOMPACT,2.0,4,M6,Z,11.2,8.3,9.9,29,231,Normal
SUBARU,Crosstrek AWD,SUV - SMALL,2.0,4,AV7,X,8.8,7.2,8.1,35,188,Normal
SUBARU,Crosstrek AWD,SUV - SMALL,2.0,4,M6,X,10.5,8.1,9.4,30,220,Normal
SUBARU,Forester AWD,SUV - SMALL,2.5,4,AV7,X,9.0,7.2,8.2,34,192,Normal
SUBARU,Impreza 4-Door AWD,MID-SIZE,2.0,4,AV7,X,8.3,6.4,7.5,38,174,Normal
SUBARU,Impreza 4-Door AWD,MID-SIZE,2.0,4,M5,X,10.1,7.5,8.9,32,209,Normal
SUBARU,Impreza 5-Door AWD,STATION WAGON - SMALL,2.0,4,AV7,X,8.4,6.6,7.6,37,177,Normal
SUBARU,Impreza 5-Door AWD,STATION WAGON - SMALL,2.0,4,M5,X,10.1,7.7,9.0,31,211,Normal
SUBARU,Legacy AWD,MID-SIZE,2.5,4,AV7,X,9.3,7.0,8.2,34,193,Normal
SUBARU,Legacy AWD,MID-SIZE,3.6,6,AV6,X,11.9,8.3,10.3,27,241,Normal
SUBARU,Outback AWD,SUV - SMALL,2.5,4,AV7,X,9.4,7.3,8.5,33,198,Normal
SUBARU,Outback AWD,SUV - SMALL,3.6,6,AV6,X,12.0,8.7,10.5,27,247,Normal
SUBARU,WRX AWD,COMPACT,2.0,4,AV8,Z,12.6,9.6,11.2,25,256,HIgh
SUBARU,WRX AWD,COMPACT,2.0,4,M6,Z,11.3,8.5,10.0,28,235,Normal
SUBARU,WRX STI AWD,COMPACT,2.5,4,M6,Z,14.3,10.7,12.7,22,296,HIgh
TOYOTA,4Runner 4WD,SUV - STANDARD,4.0,6,AS5,X,14.3,11.9,13.2,21,308,HIgh
TOYOTA,4Runner 4WD (Part-Time 4WD),SUV - STANDARD,4.0,6,AS5,X,14.3,11.9,13.2,21,308,HIgh
TOYOTA,86,MINICOMPACT,2.0,4,AS6,Z,9.9,7.3,8.7,32,204,Normal
TOYOTA,86,MINICOMPACT,2.0,4,M6,Z,11.3,8.3,9.9,29,232,Normal
TOYOTA,Avalon,MID-SIZE,3.5,6,AS8,X,10.9,7.6,9.4,30,220,Normal
TOYOTA,Camry,MID-SIZE,2.5,4,AS8,X,8.1,5.7,6.9,41,164,Normal
TOYOTA,Camry LE/SE,MID-SIZE,2.5,4,AS8,X,8.4,6.1,7.4,38,173,Normal
TOYOTA,Camry XLE/XSE,MID-SIZE,2.5,4,AS8,X,8.5,6.2,7.5,38,175,Normal
TOYOTA,Camry,MID-SIZE,3.5,6,AS8,X,10.5,7.1,9.0,31,210,Normal
TOYOTA,Camry XSE,MID-SIZE,3.5,6,AS8,X,10.7,7.4,9.2,31,215,Normal
TOYOTA,Camry Hybrid LE,MID-SIZE,2.5,4,AV6,X,4.9,4.8,4.9,58,113,Normal
TOYOTA,Camry Hybrid XLE/SE,MID-SIZE,2.5,4,AV6,X,5.3,5.0,5.1,55,121,Normal
TOYOTA,C-HR,COMPACT,2.0,4,AS7,X,8.7,7.5,8.2,34,189,Normal
TOYOTA,Corolla,MID-SIZE,1.8,4,AV,X,8.3,6.5,7.5,38,174,Normal
TOYOTA,Corolla,MID-SIZE,1.8,4,AV7,X,8.3,6.7,7.6,37,178,Normal
TOYOTA,Corolla,MID-SIZE,1.8,4,M6,X,8.5,6.6,7.6,37,178,Normal
TOYOTA,Corolla LE Eco,MID-SIZE,1.8,4,AV,X,7.8,5.9,6.9,41,163,Normal
TOYOTA,Corolla Hatchback,COMPACT,2.0,4,AV10,X,7.5,5.8,6.7,42,157,Normal
TOYOTA,Corolla Hatchback,COMPACT,2.0,4,M6,X,8.4,6.3,7.5,38,174,Normal
TOYOTA,Highlander,SUV - SMALL,3.5,6,AS8,X,11.8,8.7,10.3,27,243,Normal
TOYOTA,Highlander AWD,SUV - STANDARD,3.5,6,AS8,X,12.1,9.0,10.6,27,250,Normal
TOYOTA,Highlander AWD (Start/Stop System),SUV - STANDARD,3.5,6,AS8,X,12.0,8.9,10.6,27,248,Normal
TOYOTA,Highlander AWD LE,SUV - STANDARD,3.5,6,AS8,X,11.7,8.8,10.4,27,242,Normal
TOYOTA,Highlander Hybrid AWD,SUV - STANDARD,3.5,6,AV6,X,8.1,8.5,8.3,34,193,Normal
TOYOTA,Prius,MID-SIZE,1.8,4,AV,X,4.4,4.6,4.4,64,105,Normal
TOYOTA,Prius AWD,MID-SIZE,1.8,4,AV,X,4.5,4.9,4.7,60,109,Normal
TOYOTA,Prius c,COMPACT,1.5,4,AV,X,4.9,5.5,5.1,55,120,Normal
TOYOTA,RAV4,SUV - SMALL,2.5,4,AS8,X,8.8,6.7,7.8,36,183,Normal
TOYOTA,RAV4 AWD,SUV - SMALL,2.5,4,AS8,X,9.2,7.1,8.3,34,190,Normal
TOYOTA,RAV4 Hybrid AWD,SUV - SMALL,2.5,4,AV6,X,5.8,6.3,6.0,47,140,Normal
TOYOTA,Sequoia 4WD,SUV - STANDARD,5.7,8,AS6,X,18.4,13.8,16.4,17,384,HIgh
TOYOTA,Sienna,MINIVAN,3.5,6,AS8,X,12.4,8.9,10.8,26,254,HIgh
TOYOTA,Sienna AWD,MINIVAN,3.5,6,AS8,X,13.4,9.6,11.7,24,274,HIgh
TOYOTA,Tacoma,PICKUP TRUCK - SMALL,2.7,4,AS6,X,12.1,10.1,11.2,25,263,HIgh
TOYOTA,Tacoma 4WD,PICKUP TRUCK - SMALL,2.7,4,AS6,X,12.7,10.6,11.7,24,274,HIgh
TOYOTA,Tacoma 4WD,PICKUP TRUCK - SMALL,3.5,6,AS6,X,13.0,10.5,11.9,24,278,HIgh
TOYOTA,Tacoma 4WD,PICKUP TRUCK - SMALL,3.5,6,M6,X,13.8,11.4,12.7,22,299,HIgh
TOYOTA,Tacoma 4WD D-Cab Off-Road,PICKUP TRUCK - SMALL,3.5,6,M6,X,13.8,11.7,12.9,22,300,HIgh
TOYOTA,Tundra,PICKUP TRUCK - STANDARD,5.7,8,AS6,X,17.7,13.6,15.9,18,371,HIgh
TOYOTA,Tundra 4WD,PICKUP TRUCK - STANDARD,4.6,8,AS6,X,16.8,13.1,14.9,19,354,HIgh
TOYOTA,Tundra 4WD,PICKUP TRUCK - STANDARD,5.7,8,AS6,X,18.0,14.1,16.3,17,382,HIgh
TOYOTA,Yaris,COMPACT,1.5,4,AS6,X,7.3,5.8,6.6,43,155,Normal
TOYOTA,Yaris (SIL),COMPACT,1.5,4,M6,X,7.8,6.0,6.8,42,164,Normal
TOYOTA,Yaris Hatchback,COMPACT,1.5,4,A4,X,7.9,6.8,7.4,38,173,Normal
TOYOTA,Yaris Hatchback,COMPACT,1.5,4,M5,X,7.8,6.5,7.2,39,169,Normal
VOLKSWAGEN,Arteon 4MOTION,FULL-SIZE,2.0,4,AS8,Z,12.0,8.6,10.4,27,244,Normal
VOLKSWAGEN,Atlas,SUV - SMALL,2.0,4,AS8,X,11.6,9.1,10.5,27,245,Normal
VOLKSWAGEN,Atlas 4MOTION,SUV - STANDARD,3.6,6,AS8,X,13.8,10.2,12.2,23,286,HIgh
VOLKSWAGEN,Beetle,COMPACT,2.0,4,AS6,X,9.0,7.1,8.2,34,191,Normal
VOLKSWAGEN,Beetle Convertible,SUBCOMPACT,2.0,4,AS6,X,9.0,7.1,8.2,34,191,Normal
VOLKSWAGEN,Beetle Dune,COMPACT,2.0,4,AS6,X,9.1,6.9,8.1,35,189,Normal
VOLKSWAGEN,Beetle Dune Convertible,SUBCOMPACT,2.0,4,AS6,X,9.1,6.9,8.1,35,189,Normal
VOLKSWAGEN,Golf,COMPACT,1.4,4,AS8,X,8.1,6.4,7.4,38,172,Normal
VOLKSWAGEN,Golf,COMPACT,1.4,4,M6,X,8.2,6.3,7.4,38,172,Normal
VOLKSWAGEN,Golf GTI,COMPACT,2.0,4,AM7,X,9.6,7.5,8.6,33,202,Normal
VOLKSWAGEN,Golf GTI,COMPACT,2.0,4,M6,X,9.8,7.3,8.7,32,203,Normal
VOLKSWAGEN,Golf R,COMPACT,2.0,4,AM7,Z,10.2,7.9,9.2,31,213,Normal
VOLKSWAGEN,Golf R,COMPACT,2.0,4,M6,Z,11.4,8.2,9.9,29,232,Normal
VOLKSWAGEN,Golf Alltrack,STATION WAGON - SMALL,1.8,4,AM6,X,10.7,8.0,9.4,30,220,Normal
VOLKSWAGEN,Golf Alltrack,STATION WAGON - SMALL,1.8,4,M6,X,11.1,7.8,9.6,29,225,Normal
VOLKSWAGEN,Golf SportWagen,STATION WAGON - SMALL,1.4,4,AS8,X,8.6,6.5,7.6,37,178,Normal
VOLKSWAGEN,Golf SportWagen,STATION WAGON - SMALL,1.4,4,M6,X,8.2,6.3,7.4,38,172,Normal
VOLKSWAGEN,Golf SportWagen 4MOTION,STATION WAGON - SMALL,1.8,4,AM6,X,10.8,8.1,9.6,29,224,Normal
VOLKSWAGEN,Golf SportWagen 4MOTION,STATION WAGON - SMALL,1.8,4,M6,X,10.8,7.6,9.3,30,218,Normal
VOLKSWAGEN,Jetta,COMPACT,1.4,4,AS8,X,7.8,5.9,7.0,40,162,Normal
VOLKSWAGEN,Jetta,COMPACT,1.4,4,M6,X,7.9,5.9,7.0,40,163,Normal
VOLKSWAGEN,Jetta GLI,COMPACT,2.0,4,AM7,X,9.3,7.2,8.4,34,196,Normal
VOLKSWAGEN,Jetta GLI,COMPACT,2.0,4,M6,X,9.6,7.3,8.5,33,200,Normal
VOLKSWAGEN,Passat,MID-SIZE,2.0,4,AS6,X,9.3,6.5,8.1,35,188,Normal
VOLKSWAGEN,Tiguan,SUV - SMALL,2.0,4,AS8,X,10.7,8.0,9.5,30,221,Normal
VOLKSWAGEN,Tiguan 4MOTION,SUV - SMALL,2.0,4,AS8,X,11.1,8.1,9.8,29,228,Normal
VOLVO,S60 T5,COMPACT,2.0,4,AS8,Z,9.9,6.6,8.4,34,197,Normal
VOLVO,S60 T6 AWD,COMPACT,2.0,4,AS8,Z,11.1,7.3,9.4,30,218,Normal
VOLVO,S90 T5 AWD,MID-SIZE,2.0,4,AS8,Z,10.6,7.4,9.2,31,215,Normal
VOLVO,S90 T6 AWD,MID-SIZE,2.0,4,AS8,Z,11.1,7.3,9.4,30,219,Normal
VOLVO,V60 T5,STATION WAGON - SMALL,2.0,4,AS8,Z,9.9,6.6,8.4,34,197,Normal
VOLVO,V60 T6 AWD,STATION WAGON - SMALL,2.0,4,AS8,Z,11.1,7.3,9.4,30,219,Normal
VOLVO,V60 CC T5 AWD,STATION WAGON - SMALL,2.0,4,AS8,Z,10.8,7.6,9.3,30,218,Normal
VOLVO,V90 T6 AWD,STATION WAGON - MID-SIZE,2.0,4,AS8,Z,11.1,7.3,9.4,30,219,Normal
VOLVO,V90 CC T6 AWD,STATION WAGON - MID-SIZE,2.0,4,AS8,Z,11.6,8.1,10.0,28,233,Normal
VOLVO,XC40 T5 AWD,SUV - SMALL,2.0,4,AS8,Z,10.3,7.5,9.0,31,211,Normal
VOLVO,XC60 T5 AWD,SUV - SMALL,2.0,4,AS8,Z,11.3,8.5,10.0,28,233,Normal
VOLVO,XC60 T6 AWD,SUV - SMALL,2.0,4,AS8,Z,11.8,8.6,10.4,27,242,Normal
VOLVO,XC90 T5 AWD,SUV - STANDARD,2.0,4,AS8,Z,11.3,8.5,10.0,28,233,Normal
VOLVO,XC90 T6 AWD,SUV - STANDARD,2.0,4,AS8,Z,12.1,8.9,10.7,26,250,Normal
ACURA,ILX,COMPACT,2.4,4,AM8,Z,9.9,7.0,8.6,33,199,Normal
ACURA,MDX SH-AWD,SUV - SMALL,3.5,6,AS9,Z,12.3,9.2,10.9,26,254,HIgh
ACURA,MDX SH-AWD A-SPEC,SUV - SMALL,3.5,6,AS9,Z,12.2,9.5,11.0,26,258,HIgh
ACURA,MDX Hybrid AWD,SUV - SMALL,3.0,6,AM7,Z,9.1,9.0,9.0,31,210,Normal
ACURA,RDX AWD,SUV - SMALL,2.0,4,AS10,Z,11.0,8.6,9.9,29,232,Normal
ACURA,RDX AWD A-SPEC,SUV - SMALL,2.0,4,AS10,Z,11.3,9.1,10.3,27,241,Normal
ACURA,RLX Hybrid,MID-SIZE,3.5,6,AM7,Z,8.4,8.2,8.4,34,196,Normal
ACURA,TLX A-SPEC,COMPACT,2.4,4,AM8,Z,10.2,7.4,8.9,32,209,Normal
ACURA,TLX SH-AWD,COMPACT,3.5,6,AS9,Z,11.4,7.7,9.8,29,228,Normal
ACURA,TLX SH-AWD A-SPEC/Limited Edition,COMPACT,3.5,6,AS9,Z,12.0,8.2,10.3,27,240,Normal
ALFA ROMEO,4C Spider,TWO-SEATER,1.8,4,AM6,Z,9.7,6.9,8.4,34,197,Normal
ALFA ROMEO,Giulia,MID-SIZE,2.0,4,A8,Z,10.0,7.2,8.7,32,205,Normal
ALFA ROMEO,Giulia AWD,MID-SIZE,2.0,4,A8,Z,10.5,7.7,9.2,31,217,Normal
ALFA ROMEO,Giulia Quadrifoglio,MID-SIZE,2.9,6,A8,Z,13.5,9.3,11.6,24,271,HIgh
ALFA ROMEO,Stelvio,SUV - SMALL,2.0,4,A8,Z,10.3,8.1,9.3,30,218,Normal
ALFA ROMEO,Stelvio AWD,SUV - SMALL,2.0,4,A8,Z,10.8,8.3,9.6,29,226,Normal
ALFA ROMEO,Stelvio AWD Quadrifoglio,SUV - SMALL,2.9,6,A8,Z,13.9,10.3,12.3,23,288,HIgh
ASTON MARTIN,DB11 V8,MINICOMPACT,4.0,8,A8,Z,13.0,9.8,11.5,25,271,HIgh
ASTON MARTIN,DB11 AMR,MINICOMPACT,5.2,12,A8,Z,15.5,10.6,13.3,21,312,HIgh
ASTON MARTIN,DBS Superleggera,MINICOMPACT,5.2,12,A8,Z,16.4,10.7,13.8,20,324,HIgh
ASTON MARTIN,Vantage V8,TWO-SEATER,4.0,8,A8,Z,13.1,9.6,11.5,25,270,HIgh
ASTON MARTIN,Vantage V8,TWO-SEATER,4.0,8,M7,Z,16.7,11.2,14.2,20,333,HIgh
AUDI,A3,SUBCOMPACT,2.0,4,AM7,X,8.8,6.5,7.8,36,182,Normal
AUDI,A3 quattro,SUBCOMPACT,2.0,4,AM7,X,10.8,8.0,9.5,30,224,Normal
AUDI,A3 Cabriolet quattro,SUBCOMPACT,2.0,4,AM7,X,10.8,8.0,9.5,30,224,Normal
AUDI,A4 quattro,COMPACT,2.0,4,AM7,Z,10.0,7.3,8.8,32,205,Normal
AUDI,A4 allroad quattro,STATION WAGON - SMALL,2.0,4,AM7,Z,10.0,7.4,8.8,32,206,Normal
AUDI,A5 quattro,SUBCOMPACT,2.0,4,AM7,Z,10.0,7.3,8.8,32,205,Normal
AUDI,A5 Cabriolet quattro,SUBCOMPACT,2.0,4,AM7,Z,10.0,7.4,8.8,32,206,Normal
AUDI,A5 Sportback quattro,MID-SIZE,2.0,4,AM7,Z,10.0,7.3,8.8,32,205,Normal
AUDI,A6 quattro,MID-SIZE,2.0,4,AM7,Z,9.8,7.4,8.7,32,205,Normal
AUDI,A6 quattro,MID-SIZE,3.0,6,AM7,Z,10.9,8.2,9.7,29,226,Normal
AUDI,A6 allroad,MID-SIZE,3.0,6,AM7,Z,11.8,9.1,10.6,27,247,Normal
AUDI,A7 quattro,MID-SIZE,3.0,6,AM7,Z,10.9,8.2,9.7,29,226,Normal
AUDI,A8L,FULL-SIZE,3.0,6,AS8,Z,13.5,8.9,11.5,25,267,HIgh
AUDI,A8L,FULL-SIZE,4.0,8,AS8,Z,15.4,10.4,13.2,21,308,HIgh
AUDI,Q3 quattro,SUV - SMALL,2.0,4,AS8,X,12.3,8.6,10.6,27,248,Normal
AUDI,Q5,SUV - SMALL,2.0,4,AM7,Z,10.7,8.4,9.7,29,226,Normal
AUDI,Q7,SUV - STANDARD,3.0,6,AS8,Z,13.8,11.4,12.7,22,296,HIgh
AUDI,Q8,SUV - STANDARD,3.0,6,AS8,Z,13.8,11.4,12.7,22,296,HIgh
AUDI,R8 Coupe,TWO-SEATER,5.2,10,AM7,Z,17.5,11.7,14.9,19,347,HIgh
AUDI,R8 Spyder,TWO-SEATER,5.2,10,AM7,Z,17.5,11.7,14.9,19,347,HIgh
AUDI,RS 3,SUBCOMPACT,2.5,5,AM7,Z,12.1,8.4,10.4,27,243,Normal
AUDI,S3,SUBCOMPACT,2.0,4,AM7,Z,10.7,8.0,9.5,30,222,Normal
AUDI,S4,COMPACT,3.0,6,AS8,Z,11.8,8.9,10.5,27,245,Normal
AUDI,S5,SUBCOMPACT,3.0,6,AS8,Z,11.8,8.9,10.5,27,245,Normal
AUDI,S5 Cabriolet,SUBCOMPACT,3.0,6,AS8,Z,12.1,9.1,10.8,26,252,HIgh
AUDI,S5 Sportback,MID-SIZE,3.0,6,AS8,Z,11.8,8.9,10.5,27,245,Normal
AUDI,S6,MID-SIZE,2.9,6,AS8,Z,12.9,8.5,10.9,26,255,HIgh
AUDI,S7,MID-SIZE,2.9,6,AS8,Z,12.9,8.5,10.9,26,255,HIgh
AUDI,S8,FULL-SIZE,4.0,8,AS8,Z,17.6,10.7,14.5,19,339,HIgh
AUDI,SQ5,SUV - SMALL,3.0,6,AS8,Z,13.1,10.3,11.8,24,276,HIgh
AUDI,TT Coupe quattro,SUBCOMPACT,2.0,4,AM7,X,10.3,7.7,9.1,31,213,Normal
AUDI,TT Roadster quattro,TWO-SEATER,2.0,4,AM7,X,10.3,7.7,9.1,31,213,Normal
AUDI,TT RS,SUBCOMPACT,2.5,5,AM7,Z,12.1,8.2,10.3,27,241,Normal
AUDI,TTS Coupe,SUBCOMPACT,2.0,4,AM7,Z,10.4,8.2,9.4,30,220,Normal
BENTLEY,Bentayga,SUV - STANDARD,4.0,8,AS8,Z,16.4,10.1,13.6,21,315,HIgh
BENTLEY,Bentayga,SUV - STANDARD,6.0,12,AS8,Z,20.0,13.8,17.2,16,401,HIgh
BENTLEY,Continental GT,COMPACT,4.0,8,AM8,Z,15.1,9.1,12.4,23,291,HIgh
BENTLEY,Continental GT,COMPACT,6.0,12,AM8,Z,19.0,11.6,15.7,18,364,HIgh
BENTLEY,Continental GT Convertible,SUBCOMPACT,4.0,8,AM8,Z,15.1,9.1,12.4,23,291,HIgh
BENTLEY,Continental GT Convertible,SUBCOMPACT,6.0,12,AM8,Z,19.2,12.2,16.0,18,373,HIgh
BENTLEY,Flying Spur,MID-SIZE,6.0,12,AM8,Z,19.2,12.2,16.0,18,373,HIgh
BMW,230i Cabriolet,SUBCOMPACT,2.0,4,AS8,Z,10.1,7.0,8.7,32,204,Normal
BMW,230i xDrive Cabriolet,SUBCOMPACT,2.0,4,AS8,Z,10.9,7.5,9.4,30,219,Normal
BMW,230i Coupe,SUBCOMPACT,2.0,4,AS8,Z,9.5,7.4,8.5,33,200,Normal
BMW,230i xDrive Coupe,SUBCOMPACT,2.0,4,AS8,Z,10.9,7.5,9.4,30,219,Normal
BMW,330i xDrive Sedan,COMPACT,2.0,4,AS8,Z,9.5,6.9,8.3,34,195,Normal
BMW,430i xDrive Cabriolet,SUBCOMPACT,2.0,4,AS8,Z,10.6,7.3,9.1,31,213,Normal
BMW,430i Coupe,COMPACT,2.0,4,AS8,Z,10.1,7.0,8.7,32,204,Normal
BMW,430i xDrive Coupe,COMPACT,2.0,4,AS8,Z,10.9,7.5,9.4,30,219,Normal
BMW,430i xDrive Gran Coupe,COMPACT,2.0,4,AS8,Z,10.9,7.5,9.4,30,219,Normal
BMW,440i xDrive Cabriolet,SUBCOMPACT,3.0,6,AS8,Z,12.4,8.5,10.7,26,249,Normal
BMW,440i Coupe,COMPACT,3.0,6,AS8,Z,11.4,8.1,9.9,29,231,Normal
BMW,440i xDrive Coupe,COMPACT,3.0,6,AS8,Z,11.4,8.3,10.0,28,233,Normal
BMW,440i xDrive Coupe,COMPACT,3.0,6,M6,Z,13.0,8.5,11.0,26,257,HIgh
BMW,440i xDrive Gran Coupe,COMPACT,3.0,6,AS8,Z,11.4,8.3,10.0,28,233,Normal
BMW,530i xDrive Sedan,MID-SIZE,2.0,4,AS8,Z,9.9,7.5,8.8,32,206,Normal
BMW,540i xDrive Sedan,MID-SIZE,3.0,6,AS8,Z,10.7,8.1,9.5,30,222,Normal
BMW,750i xDrive Sedan,FULL-SIZE,4.4,8,AS8,Z,14.5,9.9,12.4,23,290,HIgh
BMW,750Li xDrive Sedan,FULL-SIZE,4.4,8,AS8,Z,14.5,9.9,12.4,23,290,HIgh
BMW,Alpina B7 xDrive,FULL-SIZE,4.4,8,AS8,Z,14.5,9.9,12.4,23,290,HIgh
BMW,M2 Competition,SUBCOMPACT,3.0,6,AM7,Z,14.1,10.3,12.4,23,290,HIgh
BMW,M2 Competition,SUBCOMPACT,3.0,6,M6,Z,13.4,9.6,11.7,24,273,HIgh
BMW,M240i Cabriolet,SUBCOMPACT,3.0,6,AS8,Z,11.4,8.1,9.9,29,231,Normal
BMW,M240i Cabriolet,SUBCOMPACT,3.0,6,M6,Z,12.7,8.8,10.9,26,255,HIgh
BMW,M240i xDrive Cabriolet,SUBCOMPACT,3.0,6,AS8,Z,11.4,8.3,10.0,28,233,Normal
BMW,M240i Coupe,SUBCOMPACT,3.0,6,AS8,Z,11.4,8.1,9.9,29,231,Normal
BMW,M240i Coupe M Performance,SUBCOMPACT,3.0,6,AS8,Z,11.4,8.1,9.9,29,231,Normal
BMW,M240i Coupe,SUBCOMPACT,3.0,6,M6,Z,12.7,8.8,10.9,26,255,HIgh
BMW,M240i Coupe M Performance,SUBCOMPACT,3.0,6,M6,Z,12.7,8.8,10.9,26,255,HIgh
BMW,M240i xDrive Coupe,SUBCOMPACT,3.0,6,AS8,Z,11.4,8.3,10.0,28,233,Normal
BMW,M240i xDrive Coupe M Performance,SUBCOMPACT,3.0,6,AS8,Z,11.4,8.3,10.0,28,233,Normal
BMW,M340i xDrive Sedan,COMPACT,3.0,6,AS8,Z,11.4,8.3,10.0,28,233,Normal
BMW,M4 Cabriolet,SUBCOMPACT,3.0,6,AM7,Z,14.5,10.5,12.7,22,299,HIgh
BMW,M4 Cabriolet Competition,SUBCOMPACT,3.0,6,AM7,Z,14.5,10.5,12.7,22,299,HIgh
BMW,M4 Cabriolet,SUBCOMPACT,3.0,6,M6,Z,13.8,9.4,11.9,24,280,HIgh
BMW,M4 Cabriolet Competition,SUBCOMPACT,3.0,6,M6,Z,13.8,9.4,11.9,24,280,HIgh
BMW,M4 Coupe,COMPACT,3.0,6,AM7,Z,14.1,10.3,12.4,23,290,HIgh
BMW,M4 Coupe Competition,COMPACT,3.0,6,AM7,Z,14.1,10.3,12.4,23,290,HIgh
BMW,M4 Coupe,COMPACT,3.0,6,M6,Z,13.4,9.6,11.7,24,273,HIgh
BMW,M4 Coupe Competition,COMPACT,3.0,6,M6,Z,13.4,9.6,11.7,24,273,HIgh
BMW,M4 CS,COMPACT,3.0,6,AM7,Z,14.1,10.3,12.4,23,290,HIgh
BMW,M5 Sedan,MID-SIZE,4.4,8,AS8,Z,16.0,11.0,13.8,20,322,HIgh
BMW,M5 Competition,MID-SIZE,4.4,8,AS8,Z,16.0,11.0,13.8,20,322,HIgh
BMW,M550i xDrive Sedan,MID-SIZE,4.4,8,AS8,Z,13.6,9.3,11.7,24,273,HIgh
BMW,M760i xDrive Sedan,FULL-SIZE,6.6,12,AS8,Z,17.8,11.9,15.1,19,354,HIgh
BMW,M8 Cabriolet,SUBCOMPACT,4.4,8,AS8,Z,16.0,11.0,13.8,20,322,HIgh
BMW,M8 Cabriolet Competition,SUBCOMPACT,4.4,8,AS8,Z,16.0,11.0,13.8,20,322,HIgh
BMW,M8 Coupe,SUBCOMPACT,4.4,8,AS8,Z,16.0,11.0,13.8,20,322,HIgh
BMW,M8 Coupe Competition,SUBCOMPACT,4.4,8,AS8,Z,16.0,11.0,13.8,20,322,HIgh
BMW,M8 Gran Coupe,MID-SIZE,4.4,8,AS8,Z,16.0,11.0,13.8,20,322,HIgh
BMW,M8 Gran Coupe Competition,MID-SIZE,4.4,8,AS8,Z,16.0,11.0,13.8,20,322,HIgh
BMW,M850i xDrive Cabriolet,SUBCOMPACT,4.4,8,AS8,Z,14.5,9.9,12.4,23,290,HIgh
BMW,M850i xDrive Coupe,SUBCOMPACT,4.4,8,AS8,Z,13.6,9.3,11.7,24,273,HIgh
BMW,M850i xDrive Gran Coupe,MID-SIZE,4.4,8,AS8,Z,14.5,9.9,12.4,23,290,HIgh
BMW,X1 xDrive28i,SUV - SMALL,2.0,4,AS8,Z,10.3,7.7,9.1,31,213,Normal
BMW,X2 xDrive28i,SUV - SMALL,2.0,4,AS8,Z,9.9,7.6,8.8,32,207,Normal
BMW,X2 M35i,SUV - SMALL,2.0,4,AS8,Z,10.0,7.8,9.0,31,210,Normal
BMW,X3 xDrive30i,SUV - SMALL,2.0,4,AS8,Z,10.0,8.2,9.2,31,215,Normal
BMW,X3 M,SUV - SMALL,3.0,6,AS8,Z,16.6,12.1,14.6,19,339,HIgh
BMW,X3 M Competition,SUV - SMALL,3.0,6,AS8,Z,16.6,12.1,14.6,19,339,HIgh
BMW,X3 M40i,SUV - SMALL,3.0,6,AS8,Z,11.3,8.7,10.1,28,235,Normal
BMW,X4 xDrive30i,SUV - SMALL,2.0,4,AS8,Z,10.0,8.2,9.2,31,215,Normal
BMW,X4 M,SUV - SMALL,3.0,6,AS8,Z,16.6,12.1,14.6,19,339,HIgh
BMW,X4 M Competition,SUV - SMALL,3.0,6,AS8,Z,16.6,12.1,14.6,19,339,HIgh
BMW,X4 M40i,SUV - SMALL,3.0,6,AS8,Z,11.3,8.7,10.1,28,235,Normal
BMW,X5 xDrive40i,SUV - STANDARD,3.0,6,AS8,Z,11.7,9.1,10.5,27,245,Normal
BMW,X5 xDrive50i,SUV - STANDARD,4.4,8,AS8,Z,14.5,10.7,12.8,22,302,HIgh
BMW,X5 M50i,SUV - STANDARD,4.4,8,AS8,Z,14.5,10.7,12.8,22,302,HIgh
BMW,X6 xDrive40i,SUV - STANDARD,3.0,6,AS8,Z,11.7,9.1,10.5,27,245,Normal
BMW,X6 M50i,SUV - STANDARD,4.4,8,AS8,Z,14.5,10.7,12.8,22,302,HIgh
BMW,X7 xDrive40i,SUV - STANDARD,3.0,6,AS8,Z,12.0,9.4,10.8,26,254,HIgh
BMW,X7 xDrive50i,SUV - STANDARD,4.4,8,AS8,Z,15.5,11.4,13.6,21,318,HIgh
BMW,X7 M50i,SUV - STANDARD,4.4,8,AS8,Z,15.5,11.4,13.6,21,318,HIgh
BMW,Z4 sDrive30i,TWO-SEATER,2.0,4,AS8,Z,9.5,7.4,8.5,33,200,Normal
BMW,Z4 M40i,TWO-SEATER,3.0,6,AS8,Z,10.3,8.0,9.3,30,216,Normal
BUGATTI,Chiron,TWO-SEATER,8.0,16,AM7,Z,26.8,16.6,22.2,13,522,HIgh
BUICK,Enclave,SUV - STANDARD,3.6,6,A9,X,13.0,9.1,11.2,25,263,HIgh
BUICK,Enclave AWD,SUV - STANDARD,3.6,6,A9,X,13.6,9.6,11.8,24,277,HIgh
BUICK,Encore,SUV - SMALL,1.4,4,AS6,X,9.4,7.8,8.7,32,204,Normal
BUICK,Encore AWD,SUV - SMALL,1.4,4,AS6,X,10.0,8.0,9.1,31,214,Normal
BUICK,Encore GX,SUV - SMALL,1.2,3,AV,X,9.0,7.7,8.4,34,198,Normal
BUICK,Encore GX AWD,SUV - SMALL,1.3,3,A9,X,9.0,8.0,8.5,33,199,Normal
BUICK,Envision AWD,SUV - SMALL,2.0,4,A9,Z,11.7,9.4,10.7,26,250,Normal
BUICK,Envision AWD,SUV - SMALL,2.5,4,A6,X,11.1,8.6,10.0,28,234,Normal
BUICK,Regal,MID-SIZE,2.0,4,AS9,Z,10.3,7.4,9.0,31,211,Normal
BUICK,Regal AWD,MID-SIZE,2.0,4,AS8,Z,11.0,8.0,9.6,29,227,Normal
BUICK,Regal AWD,MID-SIZE,3.6,6,AS9,X,12.5,8.8,10.9,26,255,HIgh
CADILLAC,CT4,COMPACT,2.0,4,AS8,Z,10.1,6.8,8.7,32,203,Normal
CADILLAC,CT4,COMPACT,2.7,4,AS10,Z,11.5,8.0,9.9,29,232,Normal
CADILLAC,CT4 AWD,COMPACT,2.0,4,AS8,Z,10.4,7.4,9.1,31,213,Normal
CADILLAC,CT4 AWD,COMPACT,2.7,4,AS10,Z,11.7,8.4,10.2,28,238,Normal
CADILLAC,CT4-V,COMPACT,2.7,4,AS10,Z,11.5,8.2,10.0,28,234,Normal
CADILLAC,CT4-V AWD,COMPACT,2.7,4,AS10,Z,11.7,8.4,10.2,28,238,Normal
CADILLAC,CT5,MID-SIZE,2.0,4,AS10,Z,10.4,7.3,9.0,31,209,Normal
CADILLAC,CT5,MID-SIZE,3.0,6,AS10,Z,12.6,9.1,11.0,26,256,HIgh
CADILLAC,CT5 AWD,MID-SIZE,2.0,4,AS10,Z,11.0,7.7,9.5,30,221,Normal
CADILLAC,CT5 AWD,MID-SIZE,3.0,6,AS10,Z,13.3,9.3,11.5,25,268,HIgh
CADILLAC,CT5-V,MID-SIZE,3.0,6,AS10,Z,13.1,9.1,11.3,25,263,HIgh
CADILLAC,CT5-V AWD,MID-SIZE,3.0,6,AS10,Z,13.8,9.4,11.8,24,276,HIgh
CADILLAC,CT6 AWD,FULL-SIZE,3.6,6,AS10,X,12.9,8.7,11.0,26,259,HIgh
CADILLAC,CT6 AWD,FULL-SIZE,4.2,8,AS10,Z,17.3,9.5,13.8,20,324,HIgh
CADILLAC,Escalade 4WD,SUV - STANDARD,6.2,8,A10,Z,16.7,11.1,14.2,20,333,HIgh
CADILLAC,XT4,SUV - SMALL,2.0,4,AS9,Z,9.8,7.8,8.9,32,209,Normal
CADILLAC,XT4 AWD,SUV - SMALL,2.0,4,AS9,Z,10.9,8.2,9.7,29,227,Normal
CADILLAC,XT5,SUV - SMALL,2.0,4,AS9,Z,11.0,8.3,9.8,29,227,Normal
CADILLAC,XT5 AWD,SUV - SMALL,2.0,4,AS9,Z,11.2,8.9,10.1,28,235,Normal
CADILLAC,XT5 AWD,SUV - SMALL,3.6,6,AS9,X,13.4,9.4,11.6,24,270,HIgh
CADILLAC,XT6 AWD,SUV - SMALL,3.6,6,AS9,X,13.5,9.7,11.8,24,277,HIgh
CHEVROLET,Blazer,SUV - SMALL,2.0,4,A9,X,11.0,8.3,9.8,29,225,Normal
CHEVROLET,Blazer,SUV - SMALL,2.5,4,A9,X,11.3,8.9,10.2,28,238,Normal
CHEVROLET,Blazer AWD,SUV - SMALL,2.0,4,A9,X,11.3,8.7,10.1,28,232,Normal
CHEVROLET,Blazer AWD,SUV - SMALL,3.6,6,A9,X,13.1,9.4,11.4,25,269,HIgh
CHEVROLET,Camaro,SUBCOMPACT,2.0,4,AS8,Z,10.9,7.6,9.4,30,219,Normal
CHEVROLET,Camaro,SUBCOMPACT,2.0,4,M6,Z,11.9,7.9,10.1,28,235,Normal
CHEVROLET,Camaro,SUBCOMPACT,3.6,6,AS10,X,12.5,8.1,10.5,27,247,Normal
CHEVROLET,Camaro,SUBCOMPACT,3.6,6,M6,X,14.3,9.0,11.9,24,280,HIgh
CHEVROLET,Camaro SS,SUBCOMPACT,6.2,8,AS10,Z,14.6,8.9,12.1,23,282,HIgh
CHEVROLET,Camaro SS,SUBCOMPACT,6.2,8,M6,Z,14.9,9.9,12.6,22,296,HIgh
CHEVROLET,Camaro ZL1,SUBCOMPACT,6.2,8,AS10,Z,18.3,11.2,15.1,19,355,HIgh
CHEVROLET,Camaro ZL1,SUBCOMPACT,6.2,8,M6,Z,17.2,12.0,14.8,19,349,HIgh
CHEVROLET,Colorado,PICKUP TRUCK - SMALL,2.5,4,A6,X,12.1,9.2,10.8,26,252,HIgh
CHEVROLET,Colorado,PICKUP TRUCK - SMALL,2.8,4,A6,D,11.8,7.9,10.1,28,270,HIgh
CHEVROLET,Colorado,PICKUP TRUCK - SMALL,3.6,6,A8,X,13.4,9.6,11.7,24,273,HIgh
CHEVROLET,Colorado 4WD,PICKUP TRUCK - SMALL,2.5,4,A6,X,12.6,9.7,11.3,25,265,HIgh
CHEVROLET,Colorado 4WD,PICKUP TRUCK - SMALL,2.8,4,A6,D,12.3,8.5,10.6,27,284,HIgh
CHEVROLET,Colorado 4WD,PICKUP TRUCK - SMALL,3.6,6,A8,X,14.0,9.9,12.2,23,286,HIgh
CHEVROLET,Colorado ZR2 4WD,PICKUP TRUCK - SMALL,2.8,4,A6,D,13.3,10.6,12.1,23,326,HIgh
CHEVROLET,Colorado ZR2 4WD,PICKUP TRUCK - SMALL,3.6,6,A8,X,15.0,13.0,14.1,20,331,HIgh
CHEVROLET,Corvette,TWO-SEATER,6.2,8,AS8,Z,15.4,8.7,12.4,23,290,HIgh
CHEVROLET,Equinox,SUV - SMALL,1.5,4,A6,X,8.9,7.7,8.4,34,196,Normal
CHEVROLET,Equinox AWD,SUV - SMALL,1.5,4,A6,X,9.3,8.0,8.7,32,204,Normal
CHEVROLET,Equinox AWD,SUV - SMALL,2.0,4,A9,Z,10.9,8.3,9.7,29,228,Normal
CHEVROLET,Impala,FULL-SIZE,3.6,6,AS6,X,12.8,8.5,10.9,26,255,HIgh
CHEVROLET,Impala,FULL-SIZE,3.6,6,AS6,E,17.2,11.6,14.7,19,246,Normal
CHEVROLET,Malibu,MID-SIZE,1.5,4,AV,X,8.2,6.6,7.5,38,189,Normal
CHEVROLET,Malibu,MID-SIZE,2.0,4,A9,Z,10.5,7.4,9.1,31,214,Normal
CHEVROLET,Silverado,PICKUP TRUCK - STANDARD,2.7,4,A8,X,11.9,10.3,11.1,25,262,HIgh
CHEVROLET,Silverado WT,PICKUP TRUCK - STANDARD,2.7,4,A8,X,12.5,10.8,11.7,24,275,HIgh
CHEVROLET,Silverado,PICKUP TRUCK - STANDARD,3.0,6,A10,D,10.2,7.2,8.9,32,238,Normal
CHEVROLET,Silverado,PICKUP TRUCK - STANDARD,4.3,6,A6,X,15.1,11.5,13.5,21,318,HIgh
CHEVROLET,Silverado,PICKUP TRUCK - STANDARD,5.3,8,A6,X,15.9,11.4,13.9,20,326,HIgh
CHEVROLET,Silverado FFV,PICKUP TRUCK - STANDARD,5.3,8,A6,X,16.0,12.6,14.4,20,339,HIgh
CHEVROLET,Silverado FFV,PICKUP TRUCK - STANDARD,5.3,8,A6,E,22.2,16.2,19.5,14,326,HIgh
CHEVROLET,Silverado,PICKUP TRUCK - STANDARD,5.3,8,A8,X,13.9,10.1,12.2,23,286,HIgh
CHEVROLET,Silverado 4WD,PICKUP TRUCK - STANDARD,2.7,4,A8,X,12.5,10.8,11.7,24,275,HIgh
CHEVROLET,Silverado WT 4WD,PICKUP TRUCK - STANDARD,2.7,4,A8,X,12.7,11.0,12.0,24,280,HIgh
CHEVROLET,Silverado 4WD,PICKUP TRUCK - STANDARD,3.0,6,A10,D,10.4,8.0,9.4,30,252,HIgh
CHEVROLET,Silverado 4WD,PICKUP TRUCK - STANDARD,4.3,6,A6,X,15.7,12.0,14.1,20,331,HIgh
CHEVROLET,Silverado 4WD Custom Trail Boss,PICKUP TRUCK - STANDARD,4.3,6,A6,X,16.3,12.9,14.8,19,349,HIgh
CHEVROLET,Silverado 4WD,PICKUP TRUCK - STANDARD,5.3,8,A6,X,15.9,11.8,14.1,20,331,HIgh
CHEVROLET,Silverado 4WD FFV,PICKUP TRUCK - STANDARD,5.3,8,A6,X,16.6,13.0,15.0,19,350,HIgh
CHEVROLET,Silverado 4WD FFV,PICKUP TRUCK - STANDARD,5.3,8,A6,E,22.3,18.1,20.5,14,342,HIgh
CHEVROLET,Silverado 4WD Custom Trail Boss,PICKUP TRUCK - STANDARD,5.3,8,A6,X,16.7,13.1,15.1,19,354,HIgh
CHEVROLET,Silverado 4WD,PICKUP TRUCK - STANDARD,5.3,8,A8,X,14.7,10.7,12.9,22,303,HIgh
CHEVROLET,Silverado 4WD,PICKUP TRUCK - STANDARD,5.3,8,A10,X,14.3,10.6,12.6,22,296,HIgh
CHEVROLET,Silverado 4WD LT Trail Boss,PICKUP TRUCK - STANDARD,5.3,8,A10,X,14.7,11.2,13.1,22,307,HIgh
CHEVROLET,Silverado 4WD,PICKUP TRUCK - STANDARD,6.2,8,A10,Z,15.0,12.0,13.7,21,321,HIgh
CHEVROLET,Silverado 4WD Custom Trail Boss,PICKUP TRUCK - STANDARD,6.2,8,A10,Z,16.8,13.3,15.2,19,357,HIgh
CHEVROLET,Silverado 4WD LT Trail Boss,PICKUP TRUCK - STANDARD,6.2,8,A10,Z,15.7,12.4,14.2,20,332,HIgh
CHEVROLET,Spark,SUBCOMPACT,1.4,4,AV,X,7.9,6.2,7.1,40,167,Normal
CHEVROLET,Spark,SUBCOMPACT,1.4,4,M5,X,8.0,6.2,7.2,39,170,Normal
CHEVROLET,Suburban,SUV - STANDARD,5.3,8,A6,X,15.7,10.5,13.4,21,314,HIgh
CHEVROLET,Suburban FFV,SUV - STANDARD,5.3,8,A6,X,15.7,10.5,13.4,21,314,HIgh
CHEVROLET,Suburban FFV,SUV - STANDARD,5.3,8,A6,E,21.2,13.9,17.9,16,298,HIgh
CHEVROLET,Suburban 4WD,SUV - STANDARD,5.3,8,A6,X,16.8,11.3,14.4,20,337,HIgh
CHEVROLET,Suburban 4WD FFV,SUV - STANDARD,5.3,8,A6,X,16.8,11.3,14.4,20,337,HIgh
CHEVROLET,Suburban 4WD FFV,SUV - STANDARD,5.3,8,A6,E,22.2,15.3,19.1,15,319,HIgh
CHEVROLET,Suburban 4WD,SUV - STANDARD,6.2,8,A10,Z,17.2,11.4,14.6,19,343,HIgh
CHEVROLET,Tahoe,SUV - STANDARD,5.3,8,A6,X,15.7,10.5,13.4,21,314,HIgh
CHEVROLET,Tahoe FFV,SUV - STANDARD,5.3,8,A6,X,15.7,10.5,13.4,21,314,HIgh
CHEVROLET,Tahoe FFV,SUV - STANDARD,5.3,8,A6,E,21.2,13.9,17.9,16,298,HIgh
CHEVROLET,Tahoe 4WD,SUV - STANDARD,5.3,8,A6,X,16.0,11.2,13.8,20,325,HIgh
CHEVROLET,Tahoe 4WD FFV,SUV - STANDARD,5.3,8,A6,X,16.0,11.2,13.8,20,325,HIgh
CHEVROLET,Tahoe 4WD FFV,SUV - STANDARD,5.3,8,A6,E,21.7,14.3,18.4,15,305,HIgh
CHEVROLET,Tahoe 4WD,SUV - STANDARD,6.2,8,A10,Z,16.5,10.9,13.9,20,327,HIgh
CHEVROLET,Traverse,SUV - STANDARD,3.6,6,A9,X,13.0,8.8,11.1,25,261,HIgh
CHEVROLET,Traverse AWD,SUV - STANDARD,3.6,6,A9,X,13.6,9.6,11.8,24,276,HIgh
CHEVROLET,Trax,SUV - SMALL,1.4,4,AS6,X,9.1,7.6,8.4,34,196,Normal
CHEVROLET,Trax AWD,SUV - SMALL,1.4,4,AS6,X,10.0,8.0,9.1,31,214,Normal
CHRYSLER,300,FULL-SIZE,3.6,6,A8,X,12.4,7.8,10.3,27,242,Normal
CHRYSLER,300,FULL-SIZE,5.7,8,A8,X,14.7,9.4,12.3,23,289,HIgh
CHRYSLER,300 AWD,FULL-SIZE,3.6,6,A8,X,12.8,8.7,11.0,26,258,HIgh
CHRYSLER,Pacifica (Stop-Start),MINIVAN,3.6,6,A9,X,12.4,8.4,10.6,27,249,Normal
CHRYSLER,Voyager (Stop-Start),MINIVAN,3.6,6,A9,X,12.4,8.4,10.6,27,249,Normal
DODGE,Challenger,MID-SIZE,3.6,6,A8,X,12.4,7.8,10.3,27,242,Normal
DODGE,Challenger (MDS),MID-SIZE,5.7,8,A8,X,14.7,9.4,12.3,23,289,HIgh
DODGE,Challenger,MID-SIZE,5.7,8,M6,Z,15.6,10.1,13.1,22,307,HIgh
DODGE,Challenger (MDS),MID-SIZE,6.4,8,A8,Z,15.8,9.6,13.0,22,305,HIgh
DODGE,Challenger,MID-SIZE,6.4,8,M6,Z,16.7,10.4,13.9,20,325,HIgh
DODGE,Challenger AWD,MID-SIZE,3.6,6,A8,X,12.8,8.7,11.0,26,258,HIgh
DODGE,Challenger Widebody (MDS),MID-SIZE,6.4,8,A8,Z,15.8,9.6,13.0,22,305,HIgh
DODGE,Challenger Widebody (MDS),MID-SIZE,6.4,8,M6,Z,16.7,10.4,13.9,20,325,HIgh
DODGE,Challenger SRT Hellcat,MID-SIZE,6.2,8,A8,Z,17.6,10.7,14.5,19,339,HIgh
DODGE,Challenger SRT Hellcat,MID-SIZE,6.2,8,M6,Z,18.1,11.4,15.1,19,352,HIgh
DODGE,Challenger SRT Hellcat Widebody,MID-SIZE,6.2,8,A8,Z,18.6,11.2,15.3,18,358,HIgh
DODGE,Challenger SRT Hellcat Widebody,MID-SIZE,6.2,8,M6,Z,18.1,11.4,15.1,19,352,HIgh
DODGE,Charger,FULL-SIZE,3.6,6,A5,X,13.7,9.0,11.6,24,271,HIgh
DODGE,Charger,FULL-SIZE,3.6,6,A8,X,12.4,7.8,10.3,27,242,Normal
DODGE,Charger (MDS),FULL-SIZE,5.7,8,A8,X,14.7,9.4,12.3,23,289,HIgh
DODGE,Charger (MDS),FULL-SIZE,6.4,8,A8,Z,15.8,9.6,13.0,22,305,HIgh
DODGE,Charger AWD,FULL-SIZE,3.6,6,A8,X,12.8,8.7,11.0,26,258,HIgh
DODGE,Charger Widebody (MDS),FULL-SIZE,6.4,8,A8,Z,15.8,9.6,13.0,22,305,HIgh
DODGE,Charger SRT Hellcat Widebody,FULL-SIZE,6.2,8,A8,Z,19.0,11.5,15.6,18,368,HIgh
DODGE,Durango AWD,SUV - STANDARD,3.6,6,A8,X,12.7,9.6,11.3,25,265,HIgh
DODGE,Durango AWD,SUV - STANDARD,5.7,8,A8,X,16.7,10.9,14.1,20,331,HIgh
DODGE,Durango AWD SRT,SUV - STANDARD,6.4,8,A8,Z,18.3,12.2,15.6,18,363,HIgh
DODGE,Grand Caravan,MINIVAN,3.6,6,A6,X,13.7,9.4,11.8,24,276,HIgh
DODGE,Journey,SUV - SMALL,2.4,4,A4,X,12.7,9.2,11.1,25,261,HIgh
FIAT,124 Spider,TWO-SEATER,1.4,4,A6,X,9.3,6.5,8.0,35,187,Normal
FIAT,124 Spider,TWO-SEATER,1.4,4,M6,X,9.0,6.7,7.9,36,185,Normal
FIAT,500L,STATION WAGON - SMALL,1.4,4,A6,X,10.7,7.9,9.4,30,221,Normal
FIAT,500X AWD,SUV - SMALL,1.3,4,A9,X,10.0,7.9,9.1,31,213,Normal
FORD,EcoSport,SUV - SMALL,1.0,3,AS6,X,8.6,8.1,8.4,34,197,Normal
FORD,EcoSport AWD,SUV - SMALL,2.0,4,AS6,X,10.2,8.1,9.2,31,216,Normal
FORD,Edge,SUV - SMALL,2.0,4,A8,X,11.2,8.1,9.8,29,229,Normal
FORD,Edge AWD,SUV - SMALL,2.0,4,A8,X,11.4,8.3,10.0,28,233,Normal
FORD,Edge AWD,SUV - SMALL,2.0,4,AS8,X,11.4,8.3,10.0,28,233,Normal
FORD,Edge AWD,SUV - SMALL,2.7,6,AS8,X,12.5,9.2,11.0,26,258,HIgh
FORD,Escape,SUV - SMALL,1.5,3,A8,X,8.6,7.1,7.9,36,185,Normal
FORD,Escape AWD,SUV - SMALL,1.5,3,A8,X,8.9,7.6,8.3,34,196,Normal
FORD,Escape AWD,SUV - SMALL,2.0,4,AS8,X,10.4,7.5,9.1,31,213,Normal
FORD,Escape Hybrid,SUV - SMALL,2.5,4,AV,X,5.4,6.3,5.8,49,136,Normal
FORD,Escape Hybrid AWD,SUV - SMALL,2.5,4,AV,X,5.5,6.4,5.9,48,139,Normal
FORD,Expedition 4X4,SUV - STANDARD,3.5,6,AS10,X,14.1,10.6,12.5,23,294,HIgh
FORD,Expedition MAX 4X4,SUV - STANDARD,3.5,6,AS10,X,14.7,11.2,13.1,22,308,HIgh
FORD,Explorer AWD,SUV - STANDARD,2.3,4,AS10,X,11.6,8.7,10.3,27,241,Normal
FORD,Explorer AWD,SUV - STANDARD,3.0,6,AS10,X,13.3,9.8,11.8,24,278,HIgh
FORD,Explorer Hybrid AWD,SUV - STANDARD,3.3,6,AS10,X,10.1,9.0,9.6,29,225,Normal
FORD,F-150,PICKUP TRUCK - STANDARD,2.7,6,AS10,X,12.0,8.9,10.6,27,249,Normal
FORD,F-150,PICKUP TRUCK - STANDARD,3.0,6,AS10,D,11.1,8.3,9.8,29,264,HIgh
FORD,F-150 (LT Tire Pkg),PICKUP TRUCK - STANDARD,3.0,6,AS10,D,11.1,8.3,9.8,29,264,HIgh
FORD,F-150 FFV,PICKUP TRUCK - STANDARD,3.3,6,AS6,X,12.1,9.3,10.8,26,254,HIgh
FORD,F-150 FFV,PICKUP TRUCK - STANDARD,3.3,6,AS6,E,16.6,12.6,14.8,19,245,Normal
FORD,F-150,PICKUP TRUCK - STANDARD,3.5,6,AS10,X,14.3,10.7,12.7,22,298,HIgh
FORD,F-150 FFV,PICKUP TRUCK - STANDARD,5.0,8,AS10,X,14.3,10.6,12.6,22,297,HIgh
FORD,F-150 FFV,PICKUP TRUCK - STANDARD,5.0,8,AS10,E,20.0,14.8,17.6,16,293,HIgh
FORD,F-150 FFV (LT Tire Pkg),PICKUP TRUCK - STANDARD,5.0,8,AS10,X,14.4,11.2,13.0,22,305,HIgh
FORD,F-150 FFV (LT Tire Pkg),PICKUP TRUCK - STANDARD,5.0,8,AS10,E,20.0,14.9,17.7,16,294,HIgh
FORD,F-150 FFV (Payload Pkg),PICKUP TRUCK - STANDARD,5.0,8,AS10,X,15.1,11.8,13.6,21,319,HIgh
FORD,F-150 FFV (Payload Pkg),PICKUP TRUCK - STANDARD,5.0,8,AS10,E,19.9,15.8,18.0,16,300,HIgh
FORD,F-150 4X4,PICKUP TRUCK - STANDARD,2.7,6,AS10,X,13.1,10.2,11.8,24,277,HIgh
FORD,F-150 4X4,PICKUP TRUCK - STANDARD,3.0,6,AS10,D,11.9,9.4,10.8,26,290,HIgh
FORD,F-150 4X4 XL/XLT,PICKUP TRUCK - STANDARD,3.0,6,AS10,D,11.3,8.5,10.0,28,270,HIgh
FORD,F-150 FFV 4X4,PICKUP TRUCK - STANDARD,3.3,6,AS6,X,12.9,10.2,11.7,24,274,HIgh
FORD,F-150 FFV 4X4,PICKUP TRUCK - STANDARD,3.3,6,AS6,E,17.6,13.8,15.9,18,265,HIgh
FORD,F-150 4X4,PICKUP TRUCK - STANDARD,3.5,6,AS10,X,14.6,10.9,13.0,22,304,HIgh
FORD,F-150 4X4 Limited,PICKUP TRUCK - STANDARD,3.5,6,AS10,X,13.8,11.2,12.6,22,296,HIgh
FORD,F-150 FFV 4X4,PICKUP TRUCK - STANDARD,5.0,8,AS10,X,15.1,11.6,13.5,21,317,HIgh
FORD,F-150 FFV 4X4,PICKUP TRUCK - STANDARD,5.0,8,AS10,E,20.3,14.7,17.8,16,296,HIgh
FORD,F-150 Raptor 4X4,PICKUP TRUCK - STANDARD,3.5,6,AS10,X,15.3,13.1,14.3,20,336,HIgh
FORD,Fusion,MID-SIZE,1.5,4,AS6,X,10.0,7.0,8.7,32,203,Normal
FORD,Fusion Hybrid,MID-SIZE,2.0,4,AV,X,5.5,5.7,5.6,50,131,Normal
FORD,GT,TWO-SEATER,3.5,6,AM7,Z,19.8,12.8,16.6,17,393,HIgh
FORD,Mustang,SUBCOMPACT,2.3,4,AS10,X,11.2,7.3,9.4,30,221,Normal
FORD,Mustang (Performance Pkg),SUBCOMPACT,2.3,4,AS10,X,11.8,8.4,10.3,27,242,Normal
FORD,Mustang,SUBCOMPACT,2.3,4,M6,X,11.2,7.9,9.7,29,226,Normal
FORD,Mustang (Performance Pkg),SUBCOMPACT,2.3,4,M6,X,11.8,8.7,10.4,27,244,Normal
FORD,Mustang,SUBCOMPACT,5.0,8,AS10,X,15.0,9.1,12.3,23,289,HIgh
FORD,Mustang,SUBCOMPACT,5.0,8,M6,X,16.1,9.9,13.3,21,312,HIgh
FORD,Mustang Bullitt,SUBCOMPACT,5.0,8,M6,X,16.4,10.2,13.6,21,319,HIgh
FORD,Mustang Convertible,SUBCOMPACT,2.3,4,AS10,X,11.8,8.4,10.3,27,242,Normal
FORD,Mustang Convertible (Performance Pkg),SUBCOMPACT,2.3,4,AS10,X,11.8,8.7,10.4,27,244,Normal
FORD,Mustang Convertible,SUBCOMPACT,2.3,4,M6,X,11.8,8.4,10.3,27,240,Normal
FORD,Mustang Convertible (Performance Pkg),SUBCOMPACT,2.3,4,M6,X,12.1,9.1,10.7,26,252,HIgh
FORD,Mustang Convertible,SUBCOMPACT,5.0,8,AS10,X,15.4,9.7,12.9,22,303,HIgh
FORD,Ranger 4WD,PICKUP TRUCK - STANDARD,2.3,4,AS10,X,11.8,9.8,10.9,26,256,HIgh
FORD,Shelby GT350 Mustang,SUBCOMPACT,5.2,8,M6,Z,17.1,11.4,14.5,19,342,HIgh
FORD,Shelby GT500 Mustang,SUBCOMPACT,5.2,8,AM7,Z,19.9,12.7,16.7,17,392,HIgh
FORD,T-150 Wagon FFV,VAN - PASSENGER,3.5,6,AS10,X,16.2,12.3,14.5,19,340,HIgh
FORD,T-150 Wagon FFV,VAN - PASSENGER,3.5,6,AS10,E,21.5,16.2,19.1,15,316,HIgh
FORD,T-150 Wagon FFV 4WD,VAN - PASSENGER,3.5,6,AS10,X,16.7,12.8,15.0,19,352,HIgh
FORD,T-150 Wagon FFV 4WD,VAN - PASSENGER,3.5,6,AS10,E,22.1,16.8,19.8,14,328,HIgh
FORD,Transit Connect Van FFV,SPECIAL PURPOSE VEHICLE,2.0,4,AS8,X,9.8,8.8,9.3,30,219,Normal
FORD,Transit Connect Van FFV,SPECIAL PURPOSE VEHICLE,2.0,4,AS8,E,13.3,11.8,12.6,22,209,Normal
FORD,Transit Connect Van LWB,SPECIAL PURPOSE VEHICLE,2.0,4,AS8,X,9.8,8.8,9.3,30,219,Normal
FORD,Transit Connect Van LWB,SPECIAL PURPOSE VEHICLE,2.5,4,AS6,X,12.0,8.8,10.6,27,247,Normal
FORD,Transit Connect Wagon LWB,SPECIAL PURPOSE VEHICLE,2.0,4,AS8,X,9.9,8.2,9.2,31,214,Normal
FORD,Transit Connect Wagon LWB FFV,SPECIAL PURPOSE VEHICLE,2.0,4,AS8,X,9.9,8.2,9.2,31,214,Normal
FORD,Transit Connect Wagon LWB FFV,SPECIAL PURPOSE VEHICLE,2.0,4,AS8,E,13.7,11.1,12.5,23,208,Normal
FORD,Transit Connect Wagon LWB,SPECIAL PURPOSE VEHICLE,2.5,4,AS6,X,12.1,9.0,10.7,26,251,HIgh
GENESIS,G70,COMPACT,2.0,4,M6,Z,12.8,8.5,10.9,26,255,HIgh
GENESIS,G70 AWD,COMPACT,2.0,4,AS8,Z,11.4,8.6,10.2,28,238,Normal
GENESIS,G70 AWD,COMPACT,3.3,6,AS8,Z,14.1,9.5,12.0,24,284,HIgh
GENESIS,G80 AWD,FULL-SIZE,3.3,6,AS8,Z,13.8,9.7,11.9,24,282,HIgh
GENESIS,G80 AWD,FULL-SIZE,3.8,6,AS8,X,13.4,9.6,11.7,24,276,HIgh
GENESIS,G80 AWD,FULL-SIZE,5.0,8,AS8,Z,15.6,10.4,13.2,21,312,HIgh
GENESIS,G90 AWD,FULL-SIZE,3.3,6,AS8,Z,13.6,9.5,11.8,24,280,HIgh
GENESIS,G90 AWD,FULL-SIZE,5.0,8,AS8,Z,15.4,10.2,13.1,22,311,HIgh
GMC,Acadia,SUV - STANDARD,2.0,4,A9,X,11.0,8.3,9.8,29,225,Normal
GMC,Acadia,SUV - STANDARD,2.5,4,A9,X,11.3,8.9,10.2,28,238,Normal
GMC,Acadia,SUV - STANDARD,3.6,6,A9,X,12.6,8.8,10.9,26,257,HIgh
GMC,Acadia AWD,SUV - STANDARD,2.0,4,A9,X,11.3,8.7,10.1,28,232,Normal
GMC,Acadia AWD,SUV - STANDARD,3.6,6,A9,X,13.1,9.4,11.4,25,269,HIgh
GMC,Canyon,PICKUP TRUCK - SMALL,2.5,4,A6,X,12.1,9.2,10.8,26,252,HIgh
GMC,Canyon,PICKUP TRUCK - SMALL,2.8,4,A6,D,11.8,7.9,10.1,28,270,HIgh
GMC,Canyon,PICKUP TRUCK - SMALL,3.6,6,A8,X,13.4,9.6,11.7,24,273,HIgh
GMC,Canyon 4WD,PICKUP TRUCK - SMALL,2.5,4,A6,X,12.6,9.7,11.3,25,265,HIgh
GMC,Canyon 4WD,PICKUP TRUCK - SMALL,2.8,4,A6,D,12.3,8.5,10.6,27,284,HIgh
GMC,Canyon 4WD,PICKUP TRUCK - SMALL,3.6,6,A8,X,14.0,9.9,12.2,23,286,HIgh
GMC,Sierra,PICKUP TRUCK - STANDARD,2.7,4,A8,X,11.9,10.3,11.1,25,262,HIgh
GMC,Sierra WT,PICKUP TRUCK - STANDARD,2.7,4,A8,X,12.5,10.8,11.7,24,275,HIgh
GMC,Sierra,PICKUP TRUCK - STANDARD,3.0,6,A10,D,10.2,7.8,9.1,31,245,Normal
GMC,Sierra,PICKUP TRUCK - STANDARD,4.3,6,A6,X,15.1,11.5,13.5,21,318,HIgh
GMC,Sierra,PICKUP TRUCK - STANDARD,5.3,8,A6,X,15.9,11.4,13.9,20,326,HIgh
GMC,Sierra FFV,PICKUP TRUCK - STANDARD,5.3,8,A6,X,16.0,12.6,14.4,20,339,HIgh
GMC,Sierra FFV,PICKUP TRUCK - STANDARD,5.3,8,A6,E,22.2,16.2,19.5,14,326,HIgh
GMC,Sierra,PICKUP TRUCK - STANDARD,5.3,8,A8,X,14.0,10.1,12.2,23,288,HIgh
GMC,Sierra 4WD,PICKUP TRUCK - STANDARD,2.7,4,A8,X,12.5,10.8,11.7,24,275,HIgh
GMC,Sierra WT 4WD,PICKUP TRUCK - STANDARD,2.7,4,A8,X,12.7,11.0,12.0,24,280,HIgh
GMC,Sierra 4WD,PICKUP TRUCK - STANDARD,3.0,6,A10,D,10.5,9.1,9.9,29,265,HIgh
GMC,Sierra 4WD AT4,PICKUP TRUCK - STANDARD,3.0,6,A10,D,10.5,9.1,9.9,29,265,HIgh
GMC,Sierra 4WD,PICKUP TRUCK - STANDARD,4.3,6,A6,X,15.7,12.0,14.1,20,331,HIgh
GMC,Sierra 4WD,PICKUP TRUCK - STANDARD,5.3,8,A6,X,15.9,11.8,14.1,20,331,HIgh
GMC,Sierra 4WD FFV,PICKUP TRUCK - STANDARD,5.3,8,A6,X,16.4,12.6,14.7,19,344,HIgh
GMC,Sierra 4WD FFV,PICKUP TRUCK - STANDARD,5.3,8,A6,E,21.8,16.8,19.5,14,325,HIgh
GMC,Sierra 4WD AT4,PICKUP TRUCK - STANDARD,5.3,8,A6,X,16.7,13.1,15.1,19,354,HIgh
GMC,Sierra 4WD,PICKUP TRUCK - STANDARD,5.3,8,A8,X,14.7,10.8,13.0,22,304,HIgh
GMC,Sierra 4WD AT4,PICKUP TRUCK - STANDARD,5.3,8,A8,X,15.1,11.4,13.4,21,314,HIgh
GMC,Sierra 4WD,PICKUP TRUCK - STANDARD,5.3,8,A10,X,14.3,10.6,12.7,22,298,HIgh
GMC,Sierra 4WD AT4,PICKUP TRUCK - STANDARD,5.3,8,A10,X,14.7,11.2,13.1,22,307,HIgh
GMC,Sierra 4WD,PICKUP TRUCK - STANDARD,6.2,8,A10,Z,15.5,11.9,13.9,20,326,HIgh
GMC,Sierra 4WD AT4,PICKUP TRUCK - STANDARD,6.2,8,A10,Z,15.7,12.4,14.2,20,332,HIgh
GMC,Terrain,SUV - SMALL,1.5,4,A9,X,9.2,7.8,8.6,33,202,Normal
GMC,Terrain AWD,SUV - SMALL,1.5,4,A9,X,9.5,8.3,9.0,31,210,Normal
GMC,Terrain AWD,SUV - SMALL,2.0,4,A9,Z,11.2,9.0,10.2,28,239,Normal
GMC,Yukon,SUV - STANDARD,5.3,8,A6,X,15.7,10.5,13.4,21,314,HIgh
GMC,Yukon FFV,SUV - STANDARD,5.3,8,A6,X,15.7,10.5,13.4,21,314,HIgh
GMC,Yukon FFV,SUV - STANDARD,5.3,8,A6,E,21.2,13.9,17.9,16,298,HIgh
GMC,Yukon 4WD,SUV - STANDARD,5.3,8,A6,X,16.0,11.2,13.8,20,325,HIgh
GMC,Yukon 4WD FFV,SUV - STANDARD,5.3,8,A6,X,16.0,11.2,13.8,20,325,HIgh
GMC,Yukon 4WD FFV,SUV - STANDARD,5.3,8,A6,E,21.7,14.3,18.4,15,305,HIgh
GMC,Yukon 4WD,SUV - STANDARD,6.2,8,A10,Z,16.5,10.9,13.9,20,327,HIgh
GMC,Yukon XL,SUV - STANDARD,5.3,8,A6,X,15.7,10.5,13.4,21,314,HIgh
GMC,Yukon XL FFV,SUV - STANDARD,5.3,8,A6,X,15.7,10.5,13.4,21,314,HIgh
GMC,Yukon XL FFV,SUV - STANDARD,5.3,8,A6,E,21.2,13.9,17.9,16,298,HIgh
GMC,Yukon XL 4WD,SUV - STANDARD,5.3,8,A6,X,16.8,11.3,14.4,20,337,HIgh
GMC,Yukon XL 4WD FFV,SUV - STANDARD,5.3,8,A6,X,16.8,11.3,14.4,20,337,HIgh
GMC,Yukon XL 4WD FFV,SUV - STANDARD,5.3,8,A6,E,22.2,15.3,19.1,15,319,HIgh
GMC,Yukon XL 4WD,SUV - STANDARD,6.2,8,A10,Z,17.2,11.4,14.6,19,343,HIgh
HONDA,Accord,FULL-SIZE,1.5,4,AV,X,7.9,6.3,7.2,39,170,Normal
HONDA,Accord,FULL-SIZE,1.5,4,AV7,X,8.2,6.8,7.6,37,177,Normal
HONDA,Accord,FULL-SIZE,1.5,4,M6,X,8.9,6.7,7.9,36,185,Normal
HONDA,Accord,FULL-SIZE,2.0,4,M6,X,10.7,7.3,9.2,31,214,Normal
HONDA,Accord Sport/Touring,MID-SIZE,2.0,4,AS10,X,10.4,7.4,9.1,31,211,Normal
HONDA,Accord Hybrid,FULL-SIZE,2.0,4,AV,X,5.0,5.0,5.0,56,117,Normal
HONDA,Civic Coupe,COMPACT,1.5,4,AV7,X,7.8,6.4,7.2,39,167,Normal
HONDA,Civic Coupe,COMPACT,2.0,4,AV,X,7.8,6.1,7.1,40,164,Normal
HONDA,Civic Coupe,COMPACT,2.0,4,AV7,X,8.3,6.6,7.5,38,176,Normal
HONDA,Civic Coupe,COMPACT,2.0,4,M6,X,9.3,6.7,8.1,35,189,Normal
HONDA,Civic Coupe Si,COMPACT,1.5,4,M6,Z,8.9,6.4,7.8,36,183,Normal
HONDA,Civic Hatchback,FULL-SIZE,1.5,4,AV,X,7.7,6.0,6.9,41,162,Normal
HONDA,Civic Hatchback,FULL-SIZE,1.5,4,M6,X,8.0,6.2,7.2,39,167,Normal
HONDA,Civic Hatchback Sport,FULL-SIZE,1.5,4,AV7,Z,8.0,6.6,7.4,38,172,Normal
HONDA,Civic Hatchback Sport,FULL-SIZE,1.5,4,M6,Z,8.0,6.2,7.2,39,167,Normal
HONDA,Civic Sedan,MID-SIZE,1.5,4,AV7,X,7.8,6.2,7.1,40,165,Normal
HONDA,Civic Sedan,MID-SIZE,2.0,4,AV,X,7.9,6.1,7.1,40,167,Normal
HONDA,Civic Sedan,MID-SIZE,2.0,4,AV7,X,8.2,6.5,7.4,38,172,Normal
HONDA,Civic Sedan,MID-SIZE,2.0,4,M6,X,9.3,6.5,8.0,35,186,Normal
HONDA,Civic Sedan Si,MID-SIZE,1.5,4,M6,Z,8.9,6.4,7.8,36,183,Normal
HONDA,Civic Type R,FULL-SIZE,2.0,4,M6,Z,10.5,8.4,9.6,29,223,Normal
HONDA,CR-V,SUV - SMALL,1.5,4,AV,X,8.3,7.0,7.7,37,180,Normal
HONDA,CR-V AWD,SUV - SMALL,1.5,4,AV,X,8.7,7.4,8.1,35,189,Normal
HONDA,Fit,STATION WAGON - SMALL,1.5,4,AV,X,7.0,5.9,6.5,43,151,Normal
HONDA,Fit,STATION WAGON - SMALL,1.5,4,AV7,X,7.6,6.5,7.0,40,166,Normal
HONDA,Fit,STATION WAGON - SMALL,1.5,4,M6,X,8.1,6.6,7.4,38,174,Normal
HONDA,HR-V,STATION WAGON - SMALL,1.8,4,AV,X,8.4,7.0,7.8,36,181,Normal
HONDA,HR-V AWD,STATION WAGON - SMALL,1.8,4,AV,X,8.8,7.5,8.2,34,193,Normal
HONDA,HR-V AWD,STATION WAGON - SMALL,1.8,4,AV7,X,9.1,7.7,8.5,33,200,Normal
HONDA,Insight EX/Touring,MID-SIZE,1.5,4,AV,X,4.6,5.3,4.9,58,115,Normal
HONDA,Odyssey,MINIVAN,3.5,6,AS10,X,12.2,8.5,10.6,27,248,Normal
HONDA,Passport AWD,SUV - SMALL,3.5,6,AS9,X,12.5,9.8,11.3,25,265,HIgh
HONDA,Pilot AWD,SUV - SMALL,3.5,6,A6,X,13.0,9.3,11.3,25,266,HIgh
HONDA,Pilot AWD,SUV - SMALL,3.5,6,AS9,X,12.4,9.3,11.0,26,257,HIgh
HONDA,Ridgeline AWD,PICKUP TRUCK - STANDARD,3.5,6,AS9,X,12.6,10.0,11.4,25,269,HIgh
HYUNDAI,Accent,COMPACT,1.6,4,AV,X,7.3,6.0,6.7,42,160,Normal
HYUNDAI,Accent,COMPACT,1.6,4,M6,X,7.8,6.1,7.0,40,168,Normal
HYUNDAI,Elantra,MID-SIZE,1.6,4,AM7,X,8.9,7.0,8.1,35,192,Normal
HYUNDAI,Elantra,MID-SIZE,1.6,4,M6,X,10.1,7.6,9.0,31,214,Normal
HYUNDAI,Elantra,MID-SIZE,2.0,4,AV,X,7.8,5.6,6.8,42,161,Normal
HYUNDAI,Elantra,MID-SIZE,2.0,4,M6,X,9.1,6.3,7.9,36,187,Normal
HYUNDAI,Elantra GT,FULL-SIZE,1.6,4,AM7,X,9.7,7.4,8.6,33,205,Normal
HYUNDAI,Elantra GT,FULL-SIZE,1.6,4,M6,X,10.3,7.9,9.2,31,218,Normal
HYUNDAI,Elantra GT,FULL-SIZE,2.0,4,AS6,X,9.4,7.1,8.4,34,199,Normal
HYUNDAI,Elantra GT,FULL-SIZE,2.0,4,M6,X,9.8,7.4,8.7,32,207,Normal
HYUNDAI,IONIQ,FULL-SIZE,1.6,4,AM6,X,4.2,4.2,4.2,67,99,Normal
HYUNDAI,IONIQ Blue,FULL-SIZE,1.6,4,AM6,X,4.2,4.0,4.1,69,96,Normal
HYUNDAI,Kona,SUV - SMALL,2.0,4,AS6,X,8.6,7.0,7.9,36,187,Normal
HYUNDAI,Kona AWD,SUV - SMALL,1.6,4,AM7,X,9.0,8.0,8.6,33,201,Normal
HYUNDAI,Kona AWD,SUV - SMALL,2.0,4,AS6,X,9.2,7.8,8.6,33,202,Normal
HYUNDAI,Palisade,SUV - STANDARD,3.8,6,AS8,X,11.9,8.8,10.5,27,250,Normal
HYUNDAI,Palisade AWD,SUV - STANDARD,3.8,6,AS8,X,12.3,9.6,11.1,25,265,HIgh
HYUNDAI,Santa Fe,SUV - SMALL,2.4,4,AS8,X,10.8,8.0,9.6,29,225,Normal
HYUNDAI,Santa Fe AWD,SUV - SMALL,2.0,4,AS8,X,12.0,9.2,10.7,26,255,HIgh
HYUNDAI,Santa Fe AWD,SUV - SMALL,2.4,4,AS8,X,11.3,8.8,10.1,28,238,Normal
HYUNDAI,Sonata,FULL-SIZE,1.6,4,AS8,X,8.6,6.6,7.7,37,181,Normal
HYUNDAI,Sonata,FULL-SIZE,2.5,4,AS8,X,8.8,6.4,7.7,37,182,Normal
HYUNDAI,Sonata Hybrid,FULL-SIZE,2.0,4,AM6,X,5.3,4.6,5.0,56,117,Normal
HYUNDAI,Tucson,SUV - SMALL,2.0,4,AS6,X,10.0,7.9,9.1,31,216,Normal
HYUNDAI,Tucson AWD,SUV - SMALL,2.0,4,AS6,X,10.8,9.2,10.1,28,239,Normal
HYUNDAI,Tucson AWD,SUV - SMALL,2.4,4,AS6,X,11.0,9.1,10.1,28,241,Normal
HYUNDAI,Veloster Turbo,COMPACT,1.6,4,AM7,X,8.5,6.9,7.8,36,184,Normal
HYUNDAI,Veloster Turbo,COMPACT,1.6,4,M6,X,9.4,7.0,8.3,34,196,Normal
HYUNDAI,Veloster,COMPACT,2.0,4,AS6,X,9.1,7.1,8.2,34,193,Normal
HYUNDAI,Veloster N,COMPACT,2.0,4,M6,X,10.6,8.3,9.5,30,226,Normal
HYUNDAI,Venue,MID-SIZE,1.6,4,AV,X,8.0,7.0,7.5,38,178,Normal
HYUNDAI,Venue,MID-SIZE,1.6,4,M6,X,8.6,6.8,7.8,36,184,Normal
INFINITI,Q50 AWD,MID-SIZE,3.0,6,AS7,Z,12.5,8.7,10.8,26,254,HIgh
INFINITI,Q50 AWD Red Sport,MID-SIZE,3.0,6,AS7,Z,12.5,9.3,11.1,25,261,HIgh
INFINITI,Q60 AWD,SUBCOMPACT,3.0,6,AS7,Z,12.3,8.7,10.7,26,251,HIgh
INFINITI,Q60 AWD Red Sport,SUBCOMPACT,3.0,6,AS7,Z,12.5,9.2,11.0,26,259,HIgh
INFINITI,QX50 AWD,SUV - SMALL,2.0,4,AV8,Z,10.8,8.3,9.7,29,228,Normal
INFINITI,QX60 AWD,SUV - SMALL,3.5,6,AV7,Z,12.5,9.0,10.9,26,257,HIgh
INFINITI,QX80 4WD,SUV - STANDARD,5.6,8,AS7,Z,17.8,12.3,15.3,18,360,HIgh
JAGUAR,E-PACE P250,SUV - SMALL,2.0,4,AS9,Z,11.0,8.4,9.8,29,231,Normal
JAGUAR,E-PACE P300,SUV - SMALL,2.0,4,AS9,Z,11.2,8.6,10.1,28,236,Normal
JAGUAR,F-PACE 25t,SUV - SMALL,2.0,4,AS8,Z,10.7,8.8,9.9,29,227,Normal
JAGUAR,F-PACE 30t,SUV - SMALL,2.0,4,AS8,Z,10.9,8.7,9.9,29,232,Normal
JAGUAR,F-PACE S,SUV - SMALL,3.0,6,AS8,Z,13.3,10.0,11.8,24,277,HIgh
JAGUAR,F-PACE SVR,SUV - SMALL,5.0,8,AS8,Z,14.5,11.0,12.9,22,303,HIgh
JAGUAR,F-TYPE P300 Convertible,TWO-SEATER,2.0,4,AS8,Z,10.2,7.8,9.2,31,215,Normal
JAGUAR,F-TYPE Convertible,TWO-SEATER,3.0,6,AS8,Z,11.9,8.5,10.4,27,242,Normal
JAGUAR,F-TYPE Convertible R-Dynamic,TWO-SEATER,3.0,6,AS8,Z,12.4,8.8,10.8,26,253,HIgh
JAGUAR,F-TYPE Convertible R-Dynamic AWD,TWO-SEATER,3.0,6,AS8,Z,13.0,9.2,11.3,25,265,HIgh
JAGUAR,F-TYPE R AWD Convertible,TWO-SEATER,5.0,8,AS8,Z,15.2,9.8,12.7,22,299,HIgh
JAGUAR,F-TYPE SVR AWD Convertible,TWO-SEATER,5.0,8,AS8,Z,15.2,9.8,12.7,22,299,HIgh
JAGUAR,F-TYPE P300 Coupe,TWO-SEATER,2.0,4,AS8,Z,10.2,7.8,9.2,31,215,Normal
JAGUAR,F-TYPE Coupe,TWO-SEATER,3.0,6,AS8,Z,11.9,8.5,10.4,27,242,Normal
JAGUAR,F-TYPE Coupe R-Dynamic,TWO-SEATER,3.0,6,AS8,Z,12.4,8.8,10.8,26,253,HIgh
JAGUAR,F-TYPE Coupe R-Dynamic AWD,TWO-SEATER,3.0,6,AS8,Z,13.0,9.2,11.3,25,265,HIgh
JAGUAR,F-TYPE R AWD Coupe,TWO-SEATER,5.0,8,AS8,Z,15.2,9.8,12.7,22,299,HIgh
JAGUAR,F-TYPE SVR AWD Coupe,TWO-SEATER,5.0,8,AS8,Z,15.2,9.8,12.7,22,299,HIgh
JAGUAR,XE P250 AWD,COMPACT,2.0,4,AS8,Z,9.8,6.9,8.5,33,200,Normal
JAGUAR,XE P300 AWD,COMPACT,2.0,4,AS8,Z,10.7,7.7,9.4,30,220,Normal
JAGUAR,XF 25t AWD,MID-SIZE,2.0,4,AS8,Z,10.1,7.2,8.8,32,207,Normal
JAGUAR,XF 30t AWD,MID-SIZE,2.0,4,AS8,Z,10.6,7.6,9.2,31,217,Normal
JAGUAR,XF S AWD,MID-SIZE,3.0,6,AS8,Z,12.0,8.4,10.4,27,243,Normal
JEEP,Cherokee,SUV - SMALL,2.0,4,A9,X,10.4,7.6,9.1,31,214,Normal
JEEP,Cherokee,SUV - SMALL,2.4,4,A9,X,10.8,7.6,9.3,30,219,Normal
JEEP,Cherokee,SUV - SMALL,3.2,6,A9,X,11.9,8.2,10.2,28,240,Normal
JEEP,Cherokee 4X4 Active Drive I,SUV - SMALL,2.0,4,A9,X,11.2,8.0,9.8,29,229,Normal
JEEP,Cherokee 4X4 Active Drive I,SUV - SMALL,2.4,4,A9,X,11.2,8.0,9.8,29,230,Normal
JEEP,Cherokee 4X4 Active Drive I,SUV - SMALL,3.2,6,A9,X,12.2,8.6,10.6,27,249,Normal
JEEP,Cherokee 4X4 Active Drive II,SUV - SMALL,2.0,4,A9,X,11.5,8.6,10.2,28,240,Normal
JEEP,Cherokee 4X4 Active Drive II,SUV - SMALL,3.2,6,A9,X,12.8,9.0,11.1,25,259,HIgh
JEEP,Cherokee 4X4 Active Drive Lock,SUV - SMALL,2.0,4,A9,X,11.8,9.2,10.6,27,249,Normal
JEEP,Cherokee 4X4 Active Drive Lock,SUV - SMALL,3.2,6,A9,X,12.9,9.9,11.6,24,269,HIgh
JEEP,Compass,SUV - SMALL,2.4,4,A6,X,10.6,7.6,9.3,30,218,Normal
JEEP,Compass,SUV - SMALL,2.4,4,M6,X,10.4,7.3,9.0,31,211,Normal
JEEP,Compass 4X4,SUV - SMALL,2.4,4,A9,X,10.8,7.8,9.5,30,222,Normal
JEEP,Compass 4X4,SUV - SMALL,2.4,4,M6,X,10.8,7.6,9.4,30,221,Normal
JEEP,Gladiator 4X4,PICKUP TRUCK - STANDARD,3.6,6,A8,X,13.7,10.7,12.3,23,290,HIgh
JEEP,Gladiator 4X4,PICKUP TRUCK - STANDARD,3.6,6,M6,X,14.3,10.4,12.6,22,296,HIgh
JEEP,Grand Cherokee 4X4,SUV - STANDARD,3.6,6,A8,X,12.7,9.6,11.3,25,265,HIgh
JEEP,Grand Cherokee 4X4,SUV - STANDARD,5.7,8,A8,X,16.7,10.9,14.1,20,331,HIgh
JEEP,Grand Cherokee 4X4 Trackhawk,SUV - STANDARD,6.2,8,A8,Z,20.9,13.8,17.7,16,413,HIgh
JEEP,Grand Cherokee 4X4 SRT,SUV - STANDARD,6.4,8,A8,Z,18.3,12.6,15.7,18,368,HIgh
JEEP,Renegade,SUV - SMALL,1.3,4,A9,X,9.8,7.4,8.7,32,204,Normal
JEEP,Renegade,SUV - SMALL,2.4,4,A9,X,10.8,7.8,9.5,30,222,Normal
JEEP,Renegade 4X4,SUV - SMALL,1.3,4,A9,X,10.1,8.1,9.2,31,216,Normal
JEEP,Renegade 4X4 Trailhawk,SUV - SMALL,1.3,4,A9,X,10.8,8.7,9.9,29,230,Normal
JEEP,Renegade 4X4,SUV - SMALL,2.4,4,A9,X,11.2,8.2,9.8,29,230,Normal
JEEP,Wrangler 4X4,SUV - SMALL,2.0,4,A8,X,10.7,9.8,10.3,27,241,Normal
JEEP,Wrangler 4X4,SUV - SMALL,3.6,6,A8,X,12.8,10.4,11.8,24,274,HIgh
JEEP,Wrangler 4X4 eTorque,SUV - SMALL,3.6,6,A8,X,12.0,9.8,11.0,26,259,HIgh
JEEP,Wrangler 4X4,SUV - SMALL,3.6,6,M6,X,13.7,9.6,11.8,24,277,HIgh
JEEP,Wrangler Unlimited 4X4,SUV - SMALL,2.0,4,A8,X,11.5,10.9,11.2,25,263,HIgh
JEEP,Wrangler Unlimited 4X4 eTorque,SUV - SMALL,2.0,4,A8,X,11.3,10.5,10.9,26,257,HIgh
JEEP,Wrangler Unlimited 4X4 EcoDiesel,SUV - SMALL,3.0,6,A8,D,10.6,8.1,9.5,30,255,HIgh
JEEP,Wrangler Unlimited 4X4,SUV - SMALL,3.6,6,A8,X,12.9,10.7,11.9,24,280,HIgh
JEEP,Wrangler Unlimited 4X4 eTorque,SUV - SMALL,3.6,6,A8,X,12.6,10.7,11.8,24,276,HIgh
JEEP,Wrangler Unlimited 4X4,SUV - SMALL,3.6,6,M6,X,13.8,10.1,12.2,23,285,HIgh
KIA,Forte,MID-SIZE,1.6,4,AM7,X,8.7,6.6,7.8,36,184,Normal
KIA,Forte,MID-SIZE,2.0,4,AV,X,7.9,5.9,7.0,40,165,Normal
KIA,Forte,MID-SIZE,2.0,4,M6,X,8.6,6.4,7.6,37,180,Normal
KIA,Forte 5,FULL-SIZE,1.6,4,AM7,X,8.9,6.9,8.0,35,190,Normal
KIA,Forte 5,FULL-SIZE,2.0,4,AV,X,8.0,6.0,7.1,40,169,Normal
KIA,Niro,STATION WAGON - SMALL,1.6,4,AM6,X,4.6,5.1,4.8,59,114,Normal
KIA,Niro FE,STATION WAGON - SMALL,1.6,4,AM6,X,4.5,4.8,4.7,60,110,Normal
KIA,Niro Touring,STATION WAGON - SMALL,1.6,4,AM6,X,5.1,5.8,5.4,52,129,Normal
KIA,Optima,FULL-SIZE,2.4,4,AS6,X,9.5,7.1,8.4,34,199,Normal
KIA,Optima Hybrid,MID-SIZE,2.0,4,AM6,X,5.9,5.2,5.6,50,132,Normal
KIA,Rio,COMPACT,1.6,4,AV,X,7.2,5.9,6.6,43,151,Normal
KIA,Rio,COMPACT,1.6,4,M6,X,7.8,6.0,7.0,40,167,Normal
KIA,Sedona,MINIVAN,3.3,6,AS8,X,12.7,9.9,11.5,25,271,HIgh
KIA,Sorento AWD,SUV - SMALL,2.4,4,AS6,X,11.2,9.0,10.2,28,242,Normal
KIA,Sorento AWD,SUV - SMALL,3.3,6,AS8,X,12.3,9.5,11.1,25,261,HIgh
KIA,Soul,STATION WAGON - SMALL,2.0,4,AV,X,8.6,7.1,7.9,36,188,Normal
KIA,Soul,STATION WAGON - SMALL,2.0,4,M6,X,9.6,7.6,8.7,32,206,Normal
KIA,Sportage,SUV - SMALL,2.4,4,AS6,X,10.1,7.6,9.0,31,214,Normal
KIA,Sportage AWD,SUV - SMALL,2.0,4,AS6,X,12.1,9.6,11.0,26,261,HIgh
KIA,Sportage AWD,SUV - SMALL,2.4,4,AS6,X,10.8,9.1,10.0,28,239,Normal
KIA,Stinger AWD,MID-SIZE,3.3,6,AS8,Z,13.6,9.6,11.8,24,279,HIgh
KIA,Telluride AWD,SUV - SMALL,3.8,6,AS8,X,12.5,9.6,11.2,25,264,HIgh
LAMBORGHINI,Aventador Coupe,TWO-SEATER,6.5,12,AM7,Z,26.2,15.5,21.4,13,485,HIgh
LAMBORGHINI,Aventador Roadster,TWO-SEATER,6.5,12,AM7,Z,26.6,15.8,21.7,13,493,HIgh
LAMBORGHINI,Huracan Coupe,TWO-SEATER,5.2,10,AM7,Z,18.0,12.9,15.7,18,370,HIgh
LAMBORGHINI,Huracan Coupe AWD,TWO-SEATER,5.2,10,AM7,Z,18.0,12.9,15.7,18,370,HIgh
LAMBORGHINI,Huracan Spyder,TWO-SEATER,5.2,10,AM7,Z,18.0,12.9,15.7,18,370,HIgh
LAMBORGHINI,Huracan Spyder AWD,TWO-SEATER,5.2,10,AM7,Z,18.0,12.9,15.7,18,370,HIgh
LAMBORGHINI,Urus,SUV - STANDARD,4.0,8,AS8,Z,19.2,14.1,16.9,17,384,HIgh
LAND ROVER,Discovery,SUV - STANDARD,3.0,6,AS8,Z,14.8,11.4,13.3,21,311,HIgh
LAND ROVER,Discovery TD6 Diesel,SUV - STANDARD,3.0,6,AS8,D,11.3,9.2,10.4,27,279,HIgh
LAND ROVER,Discovery Sport P250,SUV - SMALL,2.0,4,AS9,Z,12.6,9.7,11.3,25,266,HIgh
LAND ROVER,Discovery Sport P290,SUV - SMALL,2.0,4,AS9,Z,12.3,9.8,11.1,25,262,HIgh
LAND ROVER,Range Rover 3.0,SUV - STANDARD,3.0,6,AS8,Z,12.2,9.4,11.0,26,258,HIgh
LAND ROVER,Range Rover TD6 Diesel,SUV - STANDARD,3.0,6,AS8,D,10.7,8.3,9.6,29,256,HIgh
LAND ROVER,Range Rover 5.0 Supercharged,SUV - STANDARD,5.0,8,AS8,Z,14.4,11.2,12.9,22,305,HIgh
LAND ROVER,Range Rover 5.0 Supercharged LWB,SUV - STANDARD,5.0,8,AS8,Z,14.4,11.3,13.0,22,305,HIgh
LAND ROVER,Range Rover SVAutobiography Dynamic,SUV - STANDARD,5.0,8,AS8,Z,17.1,12.6,15.1,19,354,HIgh
LAND ROVER,Range Rover SVAutobiography LWB,SUV - STANDARD,5.0,8,AS8,Z,17.9,12.7,15.5,18,365,HIgh
LAND ROVER,Range Rover Sport 3.0,SUV - STANDARD,3.0,6,AS8,Z,12.6,9.6,11.3,25,264,HIgh
LAND ROVER,Range Rover Sport TD6 Diesel,SUV - STANDARD,3.0,6,AS8,D,10.7,8.3,9.6,29,256,HIgh
LAND ROVER,Range Rover Sport Supercharged,SUV - STANDARD,5.0,8,AS8,Z,14.1,10.7,12.6,22,294,HIgh
LAND ROVER,Range Rover Sport SVR,SUV - STANDARD,5.0,8,AS8,Z,16.2,12.0,14.3,20,336,HIgh
LAND ROVER,Range Rover Evoque P250,SUV - SMALL,2.0,4,AS9,Z,11.8,8.7,10.4,27,245,Normal
LAND ROVER,Range Rover Evoque P300,SUV - SMALL,2.0,4,AS9,Z,11.4,8.9,10.3,27,242,Normal
LAND ROVER,Range Rover Velar P250,SUV - SMALL,2.0,4,AS8,Z,11.2,8.9,10.2,28,238,Normal
LAND ROVER,Range Rover Velar P300,SUV - SMALL,2.0,4,AS8,Z,11.7,9.2,10.6,27,248,Normal
LAND ROVER,Range Rover Velar P340,SUV - SMALL,3.0,6,AS8,Z,13.0,10.0,11.6,24,273,HIgh
LAND ROVER,Range Rover Velar P380,SUV - SMALL,3.0,6,AS8,Z,13.0,10.0,11.6,24,273,HIgh
LAND ROVER,Range Rover Velar SVAutobiography Dynamic,SUV - SMALL,5.0,8,AS8,Z,15.2,11.5,13.5,21,318,HIgh
LEXUS,ES 300h,MID-SIZE,2.5,4,AS6,X,5.5,5.2,5.3,53,124,Normal
LEXUS,ES 350,MID-SIZE,3.5,6,AS8,X,10.7,7.2,9.1,31,213,Normal
LEXUS,ES 350 F SPORT,MID-SIZE,3.5,6,AS8,X,10.9,7.5,9.4,30,219,Normal
LEXUS,GS 350 AWD,MID-SIZE,3.5,6,AS6,Z,12.3,9.1,10.9,26,254,HIgh
LEXUS,GS F,COMPACT,5.0,8,AS8,Z,14.9,9.7,12.5,23,293,HIgh
LEXUS,GX 460,SUV - STANDARD,4.6,8,AS6,Z,16.2,12.3,14.5,19,337,HIgh
LEXUS,IS 300,COMPACT,2.0,4,AS8,Z,11.0,7.6,9.5,30,220,Normal
LEXUS,IS 300 AWD,COMPACT,3.5,6,AS6,Z,12.3,9.1,10.9,26,254,HIgh
LEXUS,IS 350 AWD,COMPACT,3.5,6,AS6,Z,12.3,9.1,10.9,26,254,HIgh
LEXUS,LC 500,SUBCOMPACT,5.0,8,AS10,Z,15.1,9.5,12.6,22,294,HIgh
LEXUS,LC 500h,SUBCOMPACT,3.5,6,AV10,Z,9.0,7.1,8.1,35,189,Normal
LEXUS,LS 500 AWD,MID-SIZE,3.4,6,AS10,Z,13.2,8.7,11.1,25,262,HIgh
LEXUS,LS 500h AWD,MID-SIZE,3.5,6,AV10,Z,10.3,7.7,9.1,31,214,Normal
LEXUS,LX 570,SUV - STANDARD,5.7,8,AS8,Z,19.2,14.3,16.9,17,395,HIgh
LEXUS,NX 300 AWD,SUV - SMALL,2.0,4,AS6,Z,10.7,8.5,9.7,29,226,Normal
LEXUS,NX 300 AWD F SPORT,SUV - SMALL,2.0,4,AS6,Z,10.8,8.9,9.9,29,232,Normal
LEXUS,NX 300h AWD,SUV - SMALL,2.5,4,AV6,X,7.2,7.9,7.5,38,176,Normal
LEXUS,RC 300 AWD,SUBCOMPACT,3.5,6,AS6,Z,13.1,9.8,11.2,25,262,HIgh
LEXUS,RC 350 AWD,SUBCOMPACT,3.5,6,AS6,Z,13.1,9.8,11.2,25,262,HIgh
LEXUS,RC F,SUBCOMPACT,5.0,8,AS8,Z,14.4,9.6,12.2,23,285,HIgh
LEXUS,RX 350 AWD,SUV - SMALL,3.5,6,AS8,X,12.2,9.0,10.8,26,252,HIgh
LEXUS,RX 350 L AWD,SUV - SMALL,3.5,6,AS8,X,13.1,9.4,11.1,25,268,HIgh
LEXUS,RX 450h AWD,SUV - STANDARD,3.5,6,AV6,Z,7.5,8.4,7.9,36,185,Normal
LEXUS,RX 450h L AWD,SUV - STANDARD,3.5,6,AV6,Z,8.1,8.4,8.1,35,190,Normal
LEXUS,UX 200,MID-SIZE,2.0,4,AS10,X,8.0,6.3,7.2,39,168,Normal
LEXUS,UX 250h AWD,COMPACT,2.0,4,AV6,X,5.7,6.2,6.0,47,140,Normal
LINCOLN,Aviator,SUV - STANDARD,3.0,6,AS10,X,13.7,9.7,11.9,24,280,HIgh
LINCOLN,Continental AWD,FULL-SIZE,2.7,6,AS6,X,14.0,9.5,12.0,24,281,HIgh
LINCOLN,Continental AWD,FULL-SIZE,3.0,6,AS6,X,14.5,9.8,12.3,23,289,HIgh
LINCOLN,Continental AWD,FULL-SIZE,3.7,6,AS6,X,14.3,9.7,12.2,23,287,HIgh
LINCOLN,Corsair AWD,SUV - SMALL,2.0,4,AS8,X,11.1,8.1,9.8,29,229,Normal
LINCOLN,Corsair AWD,SUV - SMALL,2.3,4,AS8,X,11.1,8.2,9.8,29,230,Normal
LINCOLN,MKZ AWD,MID-SIZE,2.0,4,AS6,X,12.1,8.4,10.4,27,245,Normal
LINCOLN,MKZ Hybrid,MID-SIZE,2.0,4,AV,X,5.5,5.7,5.6,50,131,Normal
LINCOLN,Nautilus AWD,SUV - SMALL,2.0,4,AS8,X,12.0,9.6,10.7,26,250,Normal
LINCOLN,Nautilus AWD,SUV - SMALL,2.7,6,AS8,X,12.5,9.2,11.0,26,258,HIgh
LINCOLN,Navigator 4X4,SUV - STANDARD,3.5,6,AS10,X,15.0,11.5,13.4,21,315,HIgh
MASERATI,Ghibli,MID-SIZE,3.0,6,AS8,Z,14.1,9.8,12.2,23,286,HIgh
MASERATI,Ghibli S,MID-SIZE,3.0,6,AS8,Z,14.1,9.8,12.2,23,286,HIgh
MASERATI,Ghibli S Q4,MID-SIZE,3.0,6,AS8,Z,14.7,9.9,12.6,22,295,HIgh
MASERATI,Levante,SUV - STANDARD,3.0,6,AS8,Z,15.9,11.1,13.7,21,324,HIgh
MASERATI,Levante S,SUV - STANDARD,3.0,6,AS8,Z,15.9,11.1,13.7,21,324,HIgh
MASERATI,Levante GTS,SUV - STANDARD,3.8,8,AS8,Z,17.3,12.9,15.3,18,360,HIgh
MASERATI,Levante Trofeo,SUV - STANDARD,3.8,8,AS8,Z,17.3,12.9,15.3,18,360,HIgh
MASERATI,Quattroporte S,FULL-SIZE,3.0,6,AS8,Z,14.1,9.8,12.2,23,286,HIgh
MASERATI,Quattroporte S Q4,FULL-SIZE,3.0,6,AS8,Z,15.0,10.3,12.8,22,301,HIgh
MASERATI,Quattroporte GTS,FULL-SIZE,3.8,8,AS8,Z,16.0,10.8,13.7,21,321,HIgh
MAZDA,CX-3,COMPACT,2.0,4,AS6,X,8.3,6.9,7.7,37,179,Normal
MAZDA,CX-3 (SIL),COMPACT,2.0,4,M6,X,8.8,7.0,8.0,35,186,Normal
MAZDA,CX-3 4WD,COMPACT,2.0,4,AS6,X,8.6,7.4,8.1,35,189,Normal
MAZDA,CX-30,SUV - SMALL,2.0,4,AS6,X,8.9,7.1,8.1,35,189,Normal
MAZDA,CX-30,SUV - SMALL,2.5,4,AS6,X,9.3,7.1,8.3,34,194,Normal
MAZDA,CX-30 4WD,SUV - SMALL,2.0,4,AS6,X,9.4,7.7,8.6,33,202,Normal
MAZDA,CX-30 4WD,SUV - SMALL,2.5,4,AS6,X,9.9,7.7,8.9,32,208,Normal
MAZDA,CX-30 4WD (Cylinder Deactivation),SUV - SMALL,2.5,4,AS6,X,9.5,7.4,8.6,33,200,Normal
MAZDA,CX-5,SUV - SMALL,2.5,4,AS6,X,9.7,7.8,8.8,32,206,Normal
MAZDA,CX-5 (Cylinder Deactivation),SUV - SMALL,2.5,4,AS6,X,9.3,7.6,8.5,33,201,Normal
MAZDA,CX-5 4WD,SUV - SMALL,2.5,4,AS6,X,10.2,8.2,9.3,30,217,Normal
MAZDA,CX-5 4WD (Cylinder Deactivation),SUV - SMALL,2.5,4,AS6,X,9.8,7.9,9.0,31,208,Normal
MAZDA,CX-5 Turbo 4WD,SUV - SMALL,2.5,4,AS6,X,10.8,8.7,9.8,29,230,Normal
MAZDA,CX-9 4WD,SUV - SMALL,2.5,4,AS6,X,11.6,9.1,10.5,27,244,Normal
MAZDA,Mazda3 4-Door,COMPACT,2.0,4,AS6,X,8.4,6.6,7.6,37,178,Normal
MAZDA,Mazda3 4-Door (SIL),COMPACT,2.0,4,M6,X,8.7,6.4,7.7,37,180,Normal
MAZDA,Mazda3 4-Door,COMPACT,2.5,4,AS6,X,8.8,6.4,7.7,37,181,Normal
MAZDA,Mazda3 4-Door (Cylinder Deactivation),COMPACT,2.5,4,AS6,X,8.8,6.6,7.8,36,183,Normal
MAZDA,Mazda3 4-Door 4WD,COMPACT,2.5,4,AS6,X,9.2,7.0,8.2,34,192,Normal
MAZDA,Mazda3 5-Door,MID-SIZE,2.0,4,AS6,X,8.6,6.7,7.7,37,181,Normal
MAZDA,Mazda3 5-Door (SIL),MID-SIZE,2.0,4,M6,X,8.7,6.6,7.8,36,181,Normal
MAZDA,Mazda3 5-Door,MID-SIZE,2.5,4,AS6,X,9.0,6.8,8.0,35,187,Normal
MAZDA,Mazda3 5-Door (SIL),MID-SIZE,2.5,4,M6,X,9.2,6.6,8.1,35,189,Normal
MAZDA,Mazda3 5-Door 4WD,MID-SIZE,2.5,4,AS6,X,9.8,7.4,8.7,32,204,Normal
MAZDA,Mazda6,MID-SIZE,2.5,4,AS6,X,9.0,6.7,8.0,35,188,Normal
MAZDA,Mazda6 Turbo,MID-SIZE,2.5,4,AS6,X,10.0,7.5,8.9,32,208,Normal
MAZDA,MX-5,TWO-SEATER,2.0,4,AS6,Z,9.0,6.6,7.9,36,186,Normal
MAZDA,MX-5 (SIL),TWO-SEATER,2.0,4,M6,Z,9.0,7.0,8.1,35,189,Normal
MERCEDES-BENZ,AMG C 43 4MATIC,COMPACT,3.0,6,A9,Z,12.4,8.7,10.7,26,253,HIgh
MERCEDES-BENZ,AMG C 43 4MATIC Cabriolet,SUBCOMPACT,3.0,6,A9,Z,12.7,9.2,11.2,25,263,HIgh
MERCEDES-BENZ,AMG C 43 4MATIC Coupe,SUBCOMPACT,3.0,6,A9,Z,12.9,8.8,11.1,25,255,HIgh
MERCEDES-BENZ,AMG C 43 4MATIC Wagon,STATION WAGON - SMALL,3.0,6,A9,Z,12.4,8.9,10.8,26,255,HIgh
MERCEDES-BENZ,AMG C 63,COMPACT,4.0,8,A9,Z,13.2,8.7,11.2,25,263,HIgh
MERCEDES-BENZ,AMG C 63 S,COMPACT,4.0,8,A9,Z,13.2,8.7,11.2,25,263,HIgh
MERCEDES-BENZ,AMG C 63 S Cabriolet,SUBCOMPACT,4.0,8,A9,Z,13.9,9.7,12.0,24,282,HIgh
MERCEDES-BENZ,AMG C 63 S Coupe,SUBCOMPACT,4.0,8,A9,Z,13.9,9.2,11.8,24,277,HIgh
MERCEDES-BENZ,AMG CLS 53 4MATIC+,COMPACT,3.0,6,A9,Z,12.4,8.7,10.7,26,235,Normal
MERCEDES-BENZ,AMG E 53 4MATIC+,MID-SIZE,3.0,6,A9,Z,11.2,8.3,9.9,29,232,Normal
MERCEDES-BENZ,AMG E 53 4MATIC+ Cabriolet,SUBCOMPACT,3.0,6,A9,Z,12.5,9.0,10.9,26,245,Normal
MERCEDES-BENZ,AMG E 53 4MATIC+ Coupe,SUBCOMPACT,3.0,6,A9,Z,12.3,8.5,10.6,27,237,Normal
MERCEDES-BENZ,AMG E 63 S 4MATIC+,MID-SIZE,4.0,8,A9,Z,16.0,10.5,13.5,21,318,HIgh
MERCEDES-BENZ,AMG E 63 S 4MATIC+ Wagon,STATION WAGON - MID-SIZE,4.0,8,A9,Z,14.6,10.4,12.7,22,299,HIgh
MERCEDES-BENZ,AMG G 63,SUV - STANDARD,4.0,8,A9,Z,18.1,15.6,17.0,17,396,HIgh
MERCEDES-BENZ,AMG GLC 63 S 4MATIC+,SUV - SMALL,4.0,8,A9,Z,15.0,10.9,13.2,21,309,HIgh
MERCEDES-BENZ,AMG GLC 63 S 4MATIC+ Coupe,SUV - SMALL,4.0,8,A9,Z,15.0,10.9,13.2,21,309,HIgh
MERCEDES-BENZ,AMG GT R Coupe,TWO-SEATER,4.0,8,AM7,Z,15.9,11.8,14.0,20,327,HIgh
MERCEDES-BENZ,AMG S 63 4MATIC+,FULL-SIZE,4.0,8,A9,Z,14.1,8.9,11.8,24,275,HIgh
MERCEDES-BENZ,AMG S 63 4MATIC+ Cabriolet,SUBCOMPACT,4.0,8,A9,Z,15.8,9.8,13.1,22,306,HIgh
MERCEDES-BENZ,AMG S 63 4MATIC+ Coupe,COMPACT,4.0,8,A9,Z,14.0,8.7,11.6,24,271,HIgh
MERCEDES-BENZ,AMG S 65,FULL-SIZE,6.0,12,A7,Z,18.6,10.9,15.1,19,356,HIgh
MERCEDES-BENZ,C 300 4MATIC,COMPACT,2.0,4,A9,Z,11.0,7.3,9.4,30,219,Normal
MERCEDES-BENZ,C 300 4MATIC Cabriolet,SUBCOMPACT,2.0,4,A9,Z,11.3,8.1,9.9,29,231,Normal
MERCEDES-BENZ,C 300 4MATIC Coupe,SUBCOMPACT,2.0,4,A9,Z,10.9,7.7,9.5,30,221,Normal
MERCEDES-BENZ,C 300 4MATIC Wagon,STATION WAGON - SMALL,2.0,4,A9,Z,10.9,7.7,9.5,30,221,Normal
MERCEDES-BENZ,CLS 450 4MATIC,COMPACT,3.0,6,A9,Z,11.3,7.9,9.8,29,213,Normal
MERCEDES-BENZ,E 450 4MATIC Cabriolet,SUBCOMPACT,3.0,6,A9,Z,12.7,10.1,11.6,24,271,HIgh
MERCEDES-BENZ,E 450 4MATIC Coupe,SUBCOMPACT,3.0,6,A9,Z,12.5,9.1,11.0,26,257,HIgh
MERCEDES-BENZ,G 550,SUV - STANDARD,4.0,8,A9,Z,18.0,14.1,16.3,17,378,HIgh
MERCEDES-BENZ,Maybach S 560 4MATIC,FULL-SIZE,4.0,8,A9,Z,14.4,9.5,12.2,23,286,HIgh
MERCEDES-BENZ,Maybach S 650,FULL-SIZE,6.0,12,A7,Z,18.4,11.1,15.1,19,355,HIgh
MERCEDES-BENZ,S 450 4MATIC SWB,MID-SIZE,3.0,6,A9,Z,12.8,8.5,10.8,26,253,HIgh
MERCEDES-BENZ,S 560 4MATIC,FULL-SIZE,4.0,8,A9,Z,13.5,8.6,11.3,25,265,HIgh
MERCEDES-BENZ,S 560 4MATIC SWB,MID-SIZE,4.0,8,A9,Z,13.5,8.6,11.3,25,265,HIgh
MERCEDES-BENZ,SL 550,TWO-SEATER,4.7,8,A9,Z,13.5,9.3,11.6,24,270,HIgh
MERCEDES-BENZ,SLC 300,TWO-SEATER,2.0,4,A9,Z,10.0,7.3,8.8,32,205,Normal
MINI,Cooper 3 Door,SUBCOMPACT,1.5,3,AM7,Z,8.3,6.4,7.5,38,174,Normal
MINI,Cooper 5 Door,SUBCOMPACT,1.5,3,AM7,Z,8.3,6.4,7.5,38,174,Normal
MINI,Cooper Clubman ALL4,MID-SIZE,1.5,3,AS8,Z,9.7,7.0,8.5,33,197,Normal
MINI,Cooper Convertible,MINICOMPACT,1.5,3,AM7,Z,8.3,6.4,7.5,38,174,Normal
MINI,Cooper Countryman ALL4,MID-SIZE,1.5,3,AS8,Z,9.8,7.1,8.6,33,200,Normal
MINI,Cooper S 3 Door,SUBCOMPACT,2.0,4,AM7,Z,8.9,6.6,7.9,36,184,Normal
MINI,Cooper S 5 Door,SUBCOMPACT,2.0,4,AM7,Z,8.9,6.6,7.9,36,184,Normal
MINI,Cooper S Clubman ALL4,MID-SIZE,2.0,4,AS8,Z,10.2,7.4,8.9,32,207,Normal
MINI,Cooper S Convertible,MINICOMPACT,2.0,4,AM7,Z,9.2,6.9,8.1,35,191,Normal
MINI,Cooper S Countryman ALL4,MID-SIZE,2.0,4,AS8,Z,10.4,7.5,9.1,31,212,Normal
MINI,John Cooper Works 3 Door,SUBCOMPACT,2.0,4,AS8,Z,9.2,6.9,8.1,35,190,Normal
MINI,John Cooper Works Clubman ALL4,MID-SIZE,2.0,4,AS8,Z,10.1,7.6,9.0,31,210,Normal
MINI,John Cooper Works Convertible,MINICOMPACT,2.0,4,AS8,Z,9.4,7.1,8.3,34,194,Normal
MINI,John Cooper Works Countryman ALL4,MID-SIZE,2.0,4,AS8,Z,10.0,7.8,9.0,31,210,Normal
MITSUBISHI,Eclipse Cross 4WD,SUV - SMALL,1.5,4,AV8,X,9.6,8.9,9.3,30,216,Normal
MITSUBISHI,Mirage,COMPACT,1.2,3,AV,X,6.6,5.6,6.2,46,143,Normal
MITSUBISHI,Mirage,COMPACT,1.2,3,M5,X,7.1,5.8,6.5,43,151,Normal
MITSUBISHI,Outlander 4WD,SUV - SMALL,2.4,4,AV6,X,9.9,8.1,9.1,31,212,Normal
MITSUBISHI,Outlander 4WD,SUV - SMALL,3.0,6,A6,Z,12.0,8.8,10.6,27,246,Normal
MITSUBISHI,RVR,SUV - SMALL,2.0,4,AV6,X,9.7,7.8,8.8,32,206,Normal
MITSUBISHI,RVR 4WD,SUV - SMALL,2.0,4,AV6,X,10.1,8.2,9.2,31,213,Normal
MITSUBISHI,RVR 4WD,SUV - SMALL,2.4,4,AV6,X,10.3,8.3,9.4,30,218,Normal
NISSAN,370Z,TWO-SEATER,3.7,6,AS7,Z,12.6,9.3,11.1,25,261,HIgh
NISSAN,370Z,TWO-SEATER,3.7,6,M6,Z,13.3,9.3,11.5,25,270,HIgh
NISSAN,370Z Roadster,TWO-SEATER,3.7,6,AS7,Z,13.0,9.7,11.5,25,271,HIgh
NISSAN,370Z Roadster,TWO-SEATER,3.7,6,M6,Z,13.6,9.7,11.8,24,279,HIgh
NISSAN,Altima AWD,MID-SIZE,2.5,4,AV,X,9.1,6.5,7.9,36,186,Normal
NISSAN,Altima AWD SR/Platinum,MID-SIZE,2.5,4,AV,X,9.3,6.7,8.1,35,190,Normal
NISSAN,Armada 4WD,SUV - STANDARD,5.6,8,AS7,X,17.5,12.9,15.4,18,362,HIgh
NISSAN,Frontier,PICKUP TRUCK - STANDARD,3.8,6,AS9,X,13.1,9.8,11.6,24,273,HIgh
NISSAN,Frontier 4WD,PICKUP TRUCK - STANDARD,3.8,6,AS9,X,13.8,10.2,12.2,23,287,HIgh
NISSAN,GT-R,SUBCOMPACT,3.8,6,AM6,Z,14.4,10.9,12.8,22,300,HIgh
NISSAN,Kicks,MID-SIZE,1.6,4,AV,X,7.7,6.6,7.2,39,169,Normal
NISSAN,Maxima,MID-SIZE,3.5,6,AV7,Z,11.6,7.9,9.9,29,233,Normal
NISSAN,Murano,STATION WAGON - MID-SIZE,3.5,6,AV7,X,11.7,8.3,10.2,28,240,Normal
NISSAN,Murano AWD,STATION WAGON - MID-SIZE,3.5,6,AV7,X,11.7,8.5,10.3,27,242,Normal
NISSAN,NV200 Cargo Van,SPECIAL PURPOSE VEHICLE,2.0,4,AV,X,9.8,8.8,9.3,30,218,Normal
NISSAN,Qashqai,STATION WAGON - SMALL,2.0,4,AV8,X,8.8,7.4,8.2,34,192,Normal
NISSAN,Qashqai,STATION WAGON - SMALL,2.0,4,M6,X,10.1,8.2,9.2,31,217,Normal
NISSAN,Qashqai AWD,STATION WAGON - SMALL,2.0,4,AV8,X,9.0,7.7,8.4,34,198,Normal
NISSAN,Pathfinder,SUV - SMALL,3.5,6,AV,X,11.6,8.5,10.2,28,240,Normal
NISSAN,Pathfinder 4WD,SUV - SMALL,3.5,6,AV,X,12.1,8.9,10.7,26,251,HIgh
NISSAN,Pathfinder 4WD Platinum,SUV - SMALL,3.5,6,AV,X,12.4,9.2,11.0,26,257,HIgh
NISSAN,Rogue,SUV - SMALL,2.5,4,AV,X,9.1,7.1,8.2,34,192,Normal
NISSAN,Rogue AWD,SUV - SMALL,2.5,4,AV,X,9.6,7.5,8.7,32,204,Normal
NISSAN,Sentra,MID-SIZE,2.0,4,AV,X,8.0,6.0,7.1,40,167,Normal
NISSAN,Sentra SR,MID-SIZE,2.0,4,AV,X,8.2,6.2,7.3,39,171,Normal
NISSAN,Sentra,MID-SIZE,2.0,4,M6,X,9.4,6.4,8.0,35,188,Normal
NISSAN,Titan 4WD,PICKUP TRUCK - STANDARD,5.6,8,AS9,Z,15.1,11.1,13.3,21,313,HIgh
NISSAN,Titan 4WD Pro-4X,PICKUP TRUCK - STANDARD,5.6,8,AS9,Z,15.1,11.2,13.3,21,313,HIgh
NISSAN,Versa,COMPACT,1.6,4,AV,X,7.4,5.9,6.7,42,158,Normal
NISSAN,Versa,COMPACT,1.6,4,M5,X,8.6,6.7,7.7,37,181,Normal
PORSCHE,911 Carrera S,MINICOMPACT,3.0,6,AM8,Z,13.1,9.7,11.5,25,271,HIgh
PORSCHE,911 Carrera S Cabriolet,MINICOMPACT,3.0,6,AM8,Z,12.7,10.2,11.6,24,272,HIgh
PORSCHE,911 Carrera 4S,MINICOMPACT,3.0,6,AM8,Z,13.1,10.2,11.8,24,277,HIgh
PORSCHE,911 Carrera 4S Cabriolet,MINICOMPACT,3.0,6,AM8,Z,13.1,10.2,11.8,24,277,HIgh
PORSCHE,Cayenne,SUV - STANDARD,3.0,6,AS8,Z,12.5,10.3,11.5,25,269,HIgh
PORSCHE,Cayenne S,SUV - STANDARD,2.9,6,AS8,Z,13.1,10.5,11.9,24,278,HIgh
PORSCHE,Cayenne Turbo,SUV - STANDARD,4.0,8,AS8,Z,15.6,12.4,14.1,20,329,HIgh
PORSCHE,Macan,SUV - SMALL,2.0,4,AM7,Z,12.2,10.2,11.3,25,264,HIgh
PORSCHE,Macan S,SUV - SMALL,3.0,6,AM7,Z,12.9,10.2,11.7,24,272,HIgh
PORSCHE,Panamera,FULL-SIZE,3.0,6,AM8,Z,12.4,8.7,10.7,26,250,Normal
PORSCHE,Panamera 4,FULL-SIZE,3.0,6,AM8,Z,12.4,9.0,10.9,26,253,HIgh
PORSCHE,Panamera 4 Executive,FULL-SIZE,3.0,6,AM8,Z,12.4,9.0,10.9,26,253,HIgh
PORSCHE,Panamera 4 ST,FULL-SIZE,3.0,6,AM8,Z,12.2,8.9,10.7,26,250,Normal
PORSCHE,Panamera 4S,FULL-SIZE,2.9,6,AM8,Z,13.1,8.9,11.2,25,261,HIgh
PORSCHE,Panamera 4S Executive,FULL-SIZE,2.9,6,AM8,Z,13.1,8.9,11.2,25,261,HIgh
PORSCHE,Panamera 4S ST,FULL-SIZE,2.9,6,AM8,Z,13.1,9.8,11.6,24,273,HIgh
PORSCHE,Panamera GTS,FULL-SIZE,4.0,8,AM8,Z,14.5,10.2,12.6,22,295,HIgh
PORSCHE,Panamera GTS ST,FULL-SIZE,4.0,8,AM8,Z,15.7,10.5,13.4,21,313,HIgh
PORSCHE,Panamera Turbo,FULL-SIZE,4.0,8,AM8,Z,12.8,9.2,11.2,25,261,HIgh
PORSCHE,Panamera Turbo Executive,FULL-SIZE,4.0,8,AM8,Z,12.8,9.2,11.2,25,261,HIgh
PORSCHE,Panamera Turbo ST,FULL-SIZE,4.0,8,AM8,Z,13.4,10.1,11.9,24,279,HIgh
RAM,1500 EcoDiesel,PICKUP TRUCK - STANDARD,3.0,6,A8,D,10.5,7.3,9.0,31,243,Normal
RAM,1500 eTorque,PICKUP TRUCK - STANDARD,3.6,6,A8,X,11.9,9.4,10.8,26,253,HIgh
RAM,1500 HFE eTorque,PICKUP TRUCK - STANDARD,3.6,6,A8,X,11.6,9.0,10.4,27,245,Normal
RAM,1500,PICKUP TRUCK - STANDARD,5.7,8,A8,X,16.2,10.5,13.6,21,320,HIgh
RAM,1500 eTorque,PICKUP TRUCK - STANDARD,5.7,8,A8,X,14.1,10.3,12.4,23,290,HIgh
RAM,1500 4X4 EcoDiesel,PICKUP TRUCK - STANDARD,3.0,6,A8,D,11.1,8.0,9.7,29,260,HIgh
RAM,1500 4X4 eTorque,PICKUP TRUCK - STANDARD,3.6,6,A8,X,12.2,9.7,11.1,25,260,HIgh
RAM,1500 4X4,PICKUP TRUCK - STANDARD,5.7,8,A8,X,16.1,11.0,13.8,20,325,HIgh
RAM,1500 4X4 eTorque,PICKUP TRUCK - STANDARD,5.7,8,A8,X,14.2,10.9,12.8,22,299,HIgh
RAM,1500 Classic,PICKUP TRUCK - STANDARD,3.6,6,A8,X,13.9,9.6,11.9,24,280,HIgh
RAM,1500 Classic,PICKUP TRUCK - STANDARD,5.7,8,A8,X,15.7,11.0,13.6,21,319,HIgh
RAM,1500 Classic 4X4,PICKUP TRUCK - STANDARD,3.6,6,A8,X,14.5,10.2,12.6,22,294,HIgh
RAM,1500 Classic 4X4,PICKUP TRUCK - STANDARD,5.7,8,A8,X,16.2,11.6,14.1,20,330,HIgh
RAM,ProMaster City,SPECIAL PURPOSE VEHICLE,2.4,4,A9,X,11.2,8.3,9.9,29,232,Normal
ROLLS-ROYCE,Cullinan,STATION WAGON - MID-SIZE,6.7,12,AS8,Z,20.1,12.1,16.5,17,386,HIgh
ROLLS-ROYCE,Cullinan Black Badge,STATION WAGON - MID-SIZE,6.7,12,AS8,Z,20.1,12.1,16.5,17,386,HIgh
ROLLS-ROYCE,Dawn,COMPACT,6.6,12,AS8,Z,20.4,13.1,17.1,17,400,HIgh
ROLLS-ROYCE,Ghost,FULL-SIZE,6.6,12,AS8,Z,20.4,13.1,17.1,17,400,HIgh
ROLLS-ROYCE,Ghost EWB,FULL-SIZE,6.6,12,AS8,Z,20.4,13.1,17.1,17,400,HIgh
ROLLS-ROYCE,Phantom,FULL-SIZE,6.7,12,AS8,Z,20.0,11.8,16.3,17,382,HIgh
ROLLS-ROYCE,Phantom EWB,FULL-SIZE,6.7,12,AS8,Z,20.0,11.8,16.3,17,382,HIgh
ROLLS-ROYCE,Wraith,MID-SIZE,6.6,12,AS8,Z,19.6,12.8,16.5,17,387,HIgh
SUBARU,Ascent AWD,SUV - STANDARD,2.4,4,AV8,X,11.6,9.0,10.4,27,244,Normal
SUBARU,BRZ,MINICOMPACT,2.0,4,AS6,Z,9.7,7.2,8.6,33,200,Normal
SUBARU,BRZ,MINICOMPACT,2.0,4,M6,Z,11.2,8.2,9.9,29,231,Normal
SUBARU,BRZ tS,MINICOMPACT,2.0,4,M6,Z,11.6,8.6,10.2,28,239,Normal
SUBARU,Crosstrek AWD,SUV - SMALL,2.0,4,AV8,X,8.5,7.0,7.9,36,185,Normal
SUBARU,Crosstrek AWD,SUV - SMALL,2.0,4,M6,X,10.5,8.1,9.4,30,220,Normal
SUBARU,Forester AWD,SUV - SMALL,2.5,4,AV7,X,9.0,7.2,8.2,34,192,Normal
SUBARU,Impreza 4-Door AWD,MID-SIZE,2.0,4,AV7,X,8.3,6.4,7.5,38,174,Normal
SUBARU,Impreza 4-Door AWD,MID-SIZE,2.0,4,M5,X,10.1,7.6,9.0,31,210,Normal
SUBARU,Impreza 5-Door AWD,STATION WAGON - SMALL,2.0,4,AV7,X,8.4,6.6,7.6,37,178,Normal
SUBARU,Impreza 5-Door AWD,STATION WAGON - SMALL,2.0,4,M5,X,10.1,7.7,9.0,31,211,Normal
SUBARU,Legacy AWD,FULL-SIZE,2.4,4,AV8,X,9.9,7.3,8.7,32,205,Normal
SUBARU,Legacy AWD,FULL-SIZE,2.5,4,AV8,X,8.8,6.7,7.9,36,185,Normal
SUBARU,Outback AWD,SUV - SMALL,2.4,4,AV8,X,10.1,7.9,9.1,31,213,Normal
SUBARU,Outback AWD,SUV - SMALL,2.5,4,AV8,X,9.0,7.1,8.2,34,192,Normal
SUBARU,WRX AWD,COMPACT,2.0,4,AV8,Z,12.9,9.7,11.5,25,263,HIgh
SUBARU,WRX AWD,COMPACT,2.0,4,M6,Z,11.3,8.5,10.1,28,236,Normal
SUBARU,WRX STI AWD,COMPACT,2.5,4,M6,Z,14.3,10.8,12.7,22,297,HIgh
TOYOTA,4Runner 4WD,SUV - STANDARD,4.0,6,AS5,X,14.8,12.5,13.8,20,321,HIgh
TOYOTA,4Runner 4WD (Part-Time 4WD),SUV - STANDARD,4.0,6,AS5,X,14.8,12.5,13.8,20,321,HIgh
TOYOTA,86,MINICOMPACT,2.0,4,AS6,Z,9.9,7.3,8.7,32,204,Normal
TOYOTA,86,MINICOMPACT,2.0,4,M6,Z,11.2,8.3,9.9,29,232,Normal
TOYOTA,Avalon,MID-SIZE,3.5,6,AS8,X,10.9,7.6,9.4,30,220,Normal
TOYOTA,C-HR,COMPACT,2.0,4,AS7,X,8.7,7.5,8.2,34,189,Normal
TOYOTA,Camry,MID-SIZE,2.5,4,AS8,X,8.1,5.7,6.9,41,164,Normal
TOYOTA,Camry LE/SE,MID-SIZE,2.5,4,AS8,X,8.5,6.1,7.4,38,173,Normal
TOYOTA,Camry XLE/XSE,MID-SIZE,2.5,4,AS8,X,8.6,6.3,7.6,37,177,Normal
TOYOTA,Camry,MID-SIZE,3.5,6,AS8,X,10.5,7.1,9.0,31,210,Normal
TOYOTA,Camry XSE,MID-SIZE,3.5,6,AS8,X,10.7,7.4,9.2,31,215,Normal
TOYOTA,Camry TRD,MID-SIZE,3.5,6,AS8,X,10.8,7.6,9.4,30,220,Normal
TOYOTA,Camry AWD LE/SE,MID-SIZE,2.5,4,AS8,X,9.3,6.8,8.2,34,190,Normal
TOYOTA,Camry AWD XLE/XSE,MID-SIZE,2.5,4,AS8,X,9.5,7.0,8.4,34,197,Normal
TOYOTA,Camry Hybrid LE,MID-SIZE,2.5,4,AV,X,4.9,4.8,4.9,58,113,Normal
TOYOTA,Camry Hybrid XLE/SE,MID-SIZE,2.5,4,AV,X,5.3,5.0,5.1,55,121,Normal
TOYOTA,Corolla,COMPACT,1.8,4,AV,X,7.9,6.1,7.1,40,165,Normal
TOYOTA,Corolla XLE,COMPACT,1.8,4,AV,X,8.1,6.3,7.3,39,170,Normal
TOYOTA,Corolla,COMPACT,1.8,4,M6,X,8.0,6.0,7.1,40,165,Normal
TOYOTA,Corolla,COMPACT,2.0,4,AV10,X,7.6,5.8,6.7,42,158,Normal
TOYOTA,Corolla XSE,COMPACT,2.0,4,AV10,X,7.7,6.1,7.0,40,164,Normal
TOYOTA,Corolla,COMPACT,2.0,4,M6,X,8.2,6.5,7.4,38,173,Normal
TOYOTA,Corolla Hatchback,COMPACT,2.0,4,AV10,X,7.5,5.8,6.7,42,158,Normal
TOYOTA,Corolla Hatchback,COMPACT,2.0,4,M6,X,8.4,6.3,7.5,38,174,Normal
TOYOTA,Corolla Hybrid,COMPACT,1.8,4,AV,X,4.4,4.5,4.5,63,106,Normal
TOYOTA,GR Supra,TWO-SEATER,3.0,6,AS8,Z,9.9,7.7,8.9,32,208,Normal
TOYOTA,Highlander,SUV - SMALL,3.5,6,AS8,X,11.9,8.3,10.3,27,240,Normal
TOYOTA,Highlander AWD,SUV - SMALL,3.5,6,AS8,X,11.7,8.6,10.3,27,240,Normal
TOYOTA,Highlander Hybrid AWD,SUV - STANDARD,2.5,4,AV,X,6.7,6.8,6.7,42,158,Normal
TOYOTA,Highlander Hybrid AWD Limited/Platinum,SUV - STANDARD,2.5,4,AV,X,6.6,6.8,6.7,42,156,Normal
TOYOTA,Prius,MID-SIZE,1.8,4,AV,X,4.4,4.7,4.5,63,106,Normal
TOYOTA,Prius AWD,MID-SIZE,1.8,4,AV,X,4.5,4.9,4.7,60,109,Normal
TOYOTA,Prius c,COMPACT,1.5,4,AV,X,4.9,5.5,5.1,55,120,Normal
TOYOTA,RAV4,SUV - SMALL,2.5,4,AS8,X,8.8,6.8,7.9,36,184,Normal
TOYOTA,RAV4 AWD,SUV - SMALL,2.5,4,AS8,X,9.2,7.1,8.2,34,194,Normal
TOYOTA,RAV4 AWD TRD Off-Road,SUV - SMALL,2.5,4,AS8,X,9.5,7.5,8.6,33,200,Normal
TOYOTA,RAV4 Hybrid AWD,SUV - SMALL,2.5,4,AV,X,5.7,6.3,6.0,47,139,Normal
TOYOTA,Sequoia 4WD,SUV - STANDARD,5.7,8,AS6,X,18.5,13.9,16.4,17,385,HIgh
TOYOTA,Sienna,MINIVAN,3.5,6,AS8,X,12.6,9.1,11.0,26,259,HIgh
TOYOTA,Sienna AWD,MINIVAN,3.5,6,AS8,X,13.4,9.6,11.7,24,274,HIgh
TOYOTA,Tacoma,PICKUP TRUCK - SMALL,2.7,4,AS6,X,12.1,10.1,11.2,25,263,HIgh
TOYOTA,Tacoma 4WD,PICKUP TRUCK - SMALL,2.7,4,AS6,X,12.7,10.6,11.7,24,274,HIgh
TOYOTA,Tacoma 4WD,PICKUP TRUCK - SMALL,3.5,6,AS6,X,13.0,10.5,11.9,24,278,HIgh
TOYOTA,Tacoma 4WD,PICKUP TRUCK - SMALL,3.5,6,M6,X,13.8,11.4,12.7,22,299,HIgh
TOYOTA,Tacoma 4WD D-Cab TRD Off-Road/Pro,PICKUP TRUCK - SMALL,3.5,6,M6,X,13.8,11.7,12.9,22,300,HIgh
TOYOTA,Tundra,PICKUP TRUCK - STANDARD,5.7,8,AS6,X,17.7,13.6,15.9,18,371,HIgh
TOYOTA,Tundra 4WD,PICKUP TRUCK - STANDARD,5.7,8,AS6,X,18.0,14.2,16.3,17,381,HIgh
TOYOTA,Yaris,COMPACT,1.5,4,AS6,X,7.3,5.9,6.6,43,155,Normal
TOYOTA,Yaris (SIL),COMPACT,1.5,4,M6,X,7.8,6.1,6.9,41,165,Normal
VOLKSWAGEN,Arteon 4MOTION,FULL-SIZE,2.0,4,AS8,Z,11.5,8.2,10.0,28,234,Normal
VOLKSWAGEN,Atlas Cross Sport 4MOTION,SUV - SMALL,2.0,4,AS8,X,12.8,10.4,11.7,24,273,HIgh
VOLKSWAGEN,Golf,COMPACT,1.4,4,AS8,X,8.1,6.6,7.4,38,174,Normal
VOLKSWAGEN,Golf,COMPACT,1.4,4,M6,X,8.4,6.6,7.6,37,177,Normal
VOLKSWAGEN,Golf GTI,COMPACT,2.0,4,AM7,X,9.7,7.5,8.7,32,203,Normal
VOLKSWAGEN,Golf GTI,COMPACT,2.0,4,M6,X,9.8,7.3,8.7,32,203,Normal
VOLKSWAGEN,Jetta,COMPACT,1.4,4,AS8,X,7.8,5.9,7.0,40,162,Normal
VOLKSWAGEN,Jetta,COMPACT,1.4,4,M6,X,7.9,5.9,7.0,40,163,Normal
VOLKSWAGEN,Jetta GLI,COMPACT,2.0,4,AM7,X,9.3,7.2,8.4,34,196,Normal
VOLKSWAGEN,Jetta GLI,COMPACT,2.0,4,M6,X,9.6,7.1,8.5,33,198,Normal
VOLKSWAGEN,Passat,MID-SIZE,2.0,4,AS6,X,10.2,6.9,8.7,32,205,Normal
VOLKSWAGEN,Tiguan,SUV - SMALL,2.0,4,AS8,X,10.5,8.1,9.4,30,221,Normal
VOLKSWAGEN,Tiguan 4MOTION,SUV - SMALL,2.0,4,AS8,X,11.5,8.7,10.2,28,241,Normal
VOLVO,S60 T5,COMPACT,2.0,4,AS8,Z,10.5,7.1,8.9,32,208,Normal
VOLVO,S60 T6 AWD,COMPACT,2.0,4,AS8,Z,11.0,7.4,9.4,30,219,Normal
VOLVO,S90 T6 AWD,MID-SIZE,2.0,4,AS8,Z,11.3,7.5,9.6,29,223,Normal
VOLVO,V60 T5,STATION WAGON - SMALL,2.0,4,AS8,Z,10.5,7.1,8.9,32,208,Normal
VOLVO,V60 T6 AWD,STATION WAGON - SMALL,2.0,4,AS8,Z,11.0,7.4,9.4,30,219,Normal
VOLVO,V60 CC T5 AWD,STATION WAGON - SMALL,2.0,4,AS8,Z,10.8,7.7,9.4,30,220,Normal
VOLVO,XC40 T4 AWD,SUV - SMALL,2.0,4,AS8,X,10.2,7.5,9.0,31,210,Normal
VOLVO,XC40 T5 AWD,SUV - SMALL,2.0,4,AS8,Z,10.7,7.7,9.4,30,219,Normal
VOLVO,XC60 T5 AWD,SUV - SMALL,2.0,4,AS8,Z,11.2,8.3,9.9,29,232,Normal
VOLVO,XC60 T6 AWD,SUV - SMALL,2.0,4,AS8,Z,11.7,8.6,10.3,27,240,Normal
VOLVO,XC90 T5 AWD,SUV - STANDARD,2.0,4,AS8,Z,11.2,8.3,9.9,29,232,Normal
VOLVO,XC90 T6 AWD,SUV - STANDARD,2.0,4,AS8,Z,12.2,8.7,10.7,26,248,Normal
